frame_length,rssi,packet_rate,duration,src_mac_freq,dst_mac_freq,deauth_count,label
30,-50.7,447.5,17,37,68,73,1
299,-69.0,86.7,84,4,2,1,0
510,-63.7,54.2,48,6,8,0,0
484,-58.7,53.2,86,3,5,4,0
628,-44.5,362.9,160,66,6,4,0
36,-35.3,152.8,0,139,70,153,1
974,-54.4,311.0,140,37,2,11,0
202,-75.1,111.7,82,5,10,2,0
45,-47.1,129.5,0,160,91,84,1
665,-43.5,32.5,141,9,5,1,0
653,-85.7,190.4,153,3,7,2,0
43,-48.6,424.4,0,106,71,73,1
309,-70.8,151.9,137,6,6,0,0
724,-70.2,238.6,137,6,7,2,0
94,-64.4,135.8,168,4,11,2,0
24,-48.9,158.4,8,122,130,26,1
420,-59.9,304.0,129,40,6,18,0
98,-53.0,80.9,11,86,117,6,1
24,-39.6,396.3,0,123,84,144,1
35,-53.4,227.1,0,94,43,8,1
39,-54.6,478.9,27,127,40,257,1
916,-59.6,33.9,147,5,6,1,0
1037,-58.8,118.1,33,3,6,0,0
28,-43.2,419.8,0,48,125,158,0
641,-62.8,61.5,98,6,3,1,0
48,-34.3,346.2,18,121,140,157,1
440,-76.2,149.5,118,7,5,0,0
101,-44.3,164.4,3,102,25,29,1
201,-44.1,130.2,9,187,68,39,1
51,-46.5,786.7,8,51,59,156,1
455,-65.3,212.1,0,10,4,22,0
40,-79.6,66.1,94,7,7,2,0
652,-40.8,112.5,163,7,6,1,0
807,-61.0,100.0,216,5,5,1,0
95,-73.2,149.9,16,73,10,8,1
686,-73.4,28.9,95,4,4,1,0
183,-28.0,124.2,120,1,11,0,0
636,-52.7,64.2,193,6,12,2,0
1098,-89.8,19.1,77,3,9,1,0
45,-46.3,375.7,8,15,80,132,1
856,-52.4,83.1,150,4,7,2,0
904,-70.3,123.2,175,61,7,13,0
41,-32.0,319.8,22,119,15,98,1
40,-59.9,75.6,249,5,5,1,0
41,-44.3,573.6,20,142,55,203,1
741,-52.2,74.7,124,2,3,1,0
51,-67.2,109.7,81,2,7,2,0
1222,-38.1,381.8,132,40,4,18,0
120,-60.3,72.7,72,6,6,0,0
646,-80.2,172.4,181,6,7,0,0
830,-51.5,110.7,86,3,5,0,0
47,-38.5,485.1,16,123,57,239,1
290,-56.0,91.0,92,7,5,2,0
33,-39.1,270.9,4,15,138,76,1
102,-43.4,251.9,124,7,6,5,0
48,-34.2,391.3,9,87,10,163,1
496,-69.3,104.7,193,9,4,0,0
113,-40.1,210.7,0,137,16,28,1
354,-72.0,72.1,71,9,6,0,0
680,-61.0,30.5,199,7,5,4,0
728,-73.8,32.7,68,7,3,0,0
24,-54.1,491.3,13,108,56,209,1
43,-57.4,286.2,18,64,122,248,1
405,-30.2,158.4,303,33,9,23,0
1144,-62.2,112.8,87,11,6,2,0
50,-49.6,271.6,0,65,56,58,1
559,-71.1,60.4,43,5,3,1,0
24,-52.2,339.9,0,105,89,8,1
35,-49.8,146.4,21,158,10,84,1
70,-58.6,12.3,284,9,12,3,0
234,-39.0,69.0,247,8,3,1,0
533,-42.2,35.2,109,7,7,0,0
767,-50.0,18.3,103,6,9,1,0
295,-54.4,112.7,131,2,5,2,0
614,-68.3,28.0,155,2,10,1,0
24,-60.0,125.1,12,156,64,19,1
484,-43.5,60.3,42,4,7,0,0
38,-28.5,706.1,11,59,51,103,1
41,-44.1,315.1,5,123,92,91,1
525,-42.5,83.3,145,5,6,2,0
43,-44.4,256.2,0,76,99,149,1
682,-49.6,205.4,65,5,4,0,0
474,-87.6,33.4,0,4,5,0,0
524,-56.1,56.1,124,5,10,4,0
930,-56.9,89.8,103,8,11,1,0
647,-54.3,15.4,172,4,6,0,0
695,-61.5,156.2,132,12,8,1,0
40,-55.7,26.2,97,9,11,0,0
27,-47.7,526.7,6,175,80,84,1
108,-41.2,216.8,14,115,21,20,1
97,-38.4,171.4,10,108,25,26,1
24,-53.5,181.3,19,44,36,158,1
48,-36.6,438.9,8,111,93,182,1
571,-28.1,41.2,152,9,4,1,0
313,-55.9,49.7,110,8,5,0,0
534,-59.4,273.9,19,48,5,19,0
36,-47.8,447.6,0,253,63,105,1
41,-47.4,535.3,4,132,65,72,1
24,-48.2,60.0,11,97,94,26,1
46,-45.7,504.9,2,40,34,33,1
636,-66.6,82.4,10,8,4,4,0
820,-46.8,237.3,72,62,4,14,0
582,-62.0,19.8,15,10,6,1,0
48,-38.8,183.1,1,171,24,123,1
29,-42.0,145.8,0,39,60,6,1
944,-48.0,36.7,157,7,6,0,0
1000,-75.3,95.7,150,7,9,1,0
34,-31.9,512.3,7,166,20,120,1
33,-41.6,360.3,9,162,94,69,1
1023,-47.3,240.1,151,9,3,3,0
594,-57.1,124.0,203,32,7,15,0
96,-51.9,195.9,15,70,33,15,1
1281,-65.7,207.0,155,4,3,0,0
440,-57.4,25.0,286,4,8,3,0
25,-47.9,531.3,2,135,62,162,1
541,-55.2,127.4,125,3,6,1,0
46,-34.1,456.8,0,84,84,177,1
40,-70.2,61.3,154,5,8,0,0
796,-85.7,290.9,100,49,6,20,0
467,-60.2,25.6,95,11,5,3,0
43,-36.9,624.3,8,48,98,210,1
931,-61.7,65.7,117,10,7,0,0
50,-51.3,115.9,5,96,38,36,1
669,-59.0,96.2,182,4,6,3,0
542,-41.3,158.9,99,4,3,0,0
643,-49.1,12.0,188,6,6,0,0
352,-62.2,158.8,118,47,5,16,0
813,-64.9,387.8,37,80,9,18,1
30,-51.4,330.0,25,73,10,231,1
214,-72.2,71.6,133,10,9,2,0
34,-49.3,539.7,3,108,151,168,1
754,-70.4,37.7,104,3,5,0,0
40,-70.5,33.4,152,6,1,0,0
182,-79.2,72.6,44,7,7,0,0
48,-39.4,381.7,0,70,111,99,1
25,-50.7,443.8,6,29,27,127,1
70,-49.1,87.7,144,5,8,1,0
36,-45.0,478.0,17,130,10,135,1
825,-58.1,296.3,89,47,4,32,0
35,-53.0,440.3,0,81,71,85,1
439,-67.7,72.5,91,4,7,2,0
28,-57.1,432.4,12,91,52,142,1
26,-47.6,641.2,10,85,43,57,1
243,-56.9,62.7,57,8,12,0,0
42,-41.2,188.5,21,68,73,46,1
33,-42.5,350.0,0,75,54,111,1
112,-73.0,338.3,257,35,7,13,0
1011,-63.1,107.4,125,8,5,4,0
271,-66.5,176.9,83,37,5,13,0
102,-79.5,162.3,134,5,4,0,0
32,-47.8,417.8,6,61,21,123,1
48,-37.1,296.9,4,46,34,109,1
582,-62.2,219.0,225,3,8,1,0
77,-60.8,192.2,0,110,52,12,1
264,-51.8,20.2,107,6,6,1,0
36,-40.5,268.9,5,113,39,41,0
762,-49.7,92.9,190,2,6,1,0
382,-40.9,53.4,1,10,9,1,0
408,-63.8,49.5,246,6,8,0,0
424,-83.3,94.9,236,5,8,0,0
666,-90.6,311.6,200,26,4,4,0
704,-69.2,99.2,41,5,5,2,0
48,-65.5,370.5,8,68,77,20,1
574,-53.2,54.4,118,6,3,1,0
509,-76.1,179.1,102,64,5,18,0
197,-65.4,39.6,197,3,6,1,0
40,-45.1,567.2,5,40,89,64,1
100,-46.6,133.6,20,161,49,11,1
48,-39.8,383.3,11,217,23,167,1
82,-58.8,118.3,115,6,12,0,0
967,-61.6,46.0,238,3,4,1,0
50,-31.4,438.5,12,102,114,111,1
33,-31.1,217.5,8,148,108,141,1
117,-49.0,141.8,0,89,80,26,1
468,-48.0,431.2,108,62,6,21,0
499,-49.1,164.7,87,44,3,16,0
1019,-77.4,187.4,162,2,2,0,0
41,-53.5,440.9,12,153,21,123,1
265,-72.6,347.7,163,53,6,17,0
1072,-82.7,59.4,139,5,7,1,0
60,-46.7,65.3,11,83,43,27,1
175,-43.1,79.2,119,3,7,1,0
527,-53.1,227.0,79,26,8,15,0
304,-42.1,92.0,121,2,8,2,0
518,-55.9,329.5,109,23,6,18,0
57,-64.7,110.4,3,61,93,18,1
531,-76.2,50.1,102,8,4,2,0
24,-58.7,406.3,16,154,56,97,1
334,-42.7,109.8,111,4,9,1,1
516,-72.2,111.9,190,3,11,1,0
26,-39.8,294.5,4,105,101,151,1
1056,-80.4,64.6,85,6,9,1,0
457,-53.8,38.3,66,9,5,2,0
112,-68.5,72.5,106,4,3,3,0
36,-25.2,372.4,5,67,90,114,1
795,-61.1,7.4,49,8,6,3,0
553,-46.6,251.5,52,2,3,0,0
502,-71.5,116.7,30,3,4,0,0
424,-59.3,24.9,63,3,5,3,0
358,-58.8,221.0,163,70,2,32,0
316,-67.2,293.6,128,26,5,10,0
38,-36.6,406.9,21,115,46,84,1
53,-74.8,308.3,216,61,7,29,0
358,-56.3,48.6,137,4,7,2,0
33,-38.9,486.2,9,29,94,78,1
666,-62.4,63.6,134,6,4,2,0
108,-41.4,144.6,14,84,78,25,1
825,-56.6,79.4,45,5,5,2,0
52,-55.2,278.5,3,89,38,96,1
669,-46.1,395.8,126,61,8,26,0
1033,-60.4,118.6,45,2,8,0,0
29,-39.7,490.2,13,34,10,148,1
31,-56.1,216.0,3,113,33,51,1
24,-51.5,552.9,27,156,67,116,1
1539,-65.9,197.7,0,4,3,1,0
38,-46.6,633.5,19,174,131,33,1
69,-48.8,149.2,0,135,187,25,1
54,-57.1,344.5,16,46,84,59,1
36,-59.9,223.1,31,72,54,8,1
440,-42.6,158.0,156,6,5,1,0
24,-34.8,327.6,2,97,10,157,1
45,-40.1,299.8,13,154,112,136,1
24,-55.9,168.9,2,95,28,25,1
40,-56.4,125.4,0,3,5,1,0
31,-55.7,408.5,5,71,97,63,1
954,-72.0,139.7,124,4,6,1,0
32,-49.8,274.3,0,101,46,80,1
52,-61.5,589.7,18,85,10,148,1
85,-53.0,195.1,190,5,12,1,0
293,-55.5,59.9,85,12,7,1,0
519,-71.4,32.1,147,7,13,0,0
890,-44.3,10.5,60,5,7,0,0
905,-51.7,50.1,144,3,9,3,0
30,-25.0,453.7,0,138,99,105,1
626,-69.3,101.6,53,12,8,0,0
544,-62.6,238.7,0,63,2,7,0
128,-46.8,32.9,178,5,6,0,0
958,-66.8,44.2,71,8,2,0,0
28,-56.3,675.4,0,70,42,196,1
55,-56.7,131.6,0,93,138,24,1
37,-61.9,408.4,11,15,61,108,1
40,-75.5,20.5,34,10,7,1,0
675,-72.6,109.6,41,10,9,0,0
294,-66.2,91.2,44,6,11,1,0
40,-73.4,39.5,163,7,6,1,0
565,-72.1,60.4,115,6,4,2,0
26,-44.3,611.7,12,104,23,120,1
812,-51.3,14.9,46,7,10,1,0
327,-64.6,160.5,122,83,3,19,0
1020,-62.1,44.4,192,5,6,2,0
40,-55.2,391.0,15,82,137,166,1
376,-66.4,52.6,132,8,5,1,0
45,-58.7,360.4,0,63,20,138,1
43,-50.8,291.5,5,76,104,235,1
507,-84.4,12.5,126,7,3,1,0
45,-51.0,439.1,11,138,43,109,1
1007,-67.6,37.1,23,7,2,2,0
24,-54.6,321.2,0,133,25,125,1
554,-66.5,61.0,91,6,3,0,0
164,-49.5,158.2,87,45,5,17,0
605,-86.3,121.0,96,5,7,1,0
24,-42.4,203.5,8,80,29,94,1
24,-55.6,422.7,0,123,22,88,1
1054,-72.7,31.4,161,6,3,0,0
389,-54.6,11.6,148,5,6,2,0
488,-67.4,30.9,48,6,5,0,0
125,-37.9,185.3,7,120,122,30,1
430,-65.0,7.4,111,4,3,1,0
374,-65.6,52.5,219,6,7,1,0
242,-72.5,31.6,42,6,5,0,0
301,-64.0,57.0,60,4,2,0,0
47,-48.7,417.4,0,104,18,112,1
60,-29.2,521.1,0,124,105,201,1
41,-57.6,473.6,10,76,57,189,1
40,-61.2,67.1,148,6,12,2,0
40,-59.0,25.7,40,3,3,1,0
35,-61.0,346.0,0,63,104,91,1
272,-67.5,66.0,184,9,8,0,0
40,-40.7,377.7,16,108,91,107,1
40,-84.2,135.2,15,7,5,3,0
32,-46.1,281.0,0,154,113,94,1
683,-38.4,78.6,130,7,2,3,0
43,-45.8,453.9,9,78,49,94,1
37,-56.2,366.4,6,135,74,134,1
43,-52.7,169.3,12,111,81,118,1
58,-48.4,169.4,7,95,78,30,1
970,-71.8,91.5,276,5,5,0,0
1058,-61.0,70.0,122,4,6,1,0
817,-64.5,264.5,132,55,5,13,0
283,-48.6,113.8,192,5,6,0,0
430,-67.1,132.3,123,1,5,0,0
45,-56.7,409.7,18,109,16,128,1
53,-35.7,60.0,10,65,81,105,1
838,-65.2,86.9,56,5,10,1,0
129,-48.0,231.7,0,98,28,30,1
30,-59.7,426.8,15,54,48,28,1
122,-47.1,149.6,12,39,89,31,1
34,-48.1,61.8,0,85,87,115,1
400,-76.1,110.2,158,8,8,2,0
49,-55.4,267.9,13,21,45,149,1
51,-41.7,247.2,2,15,10,48,1
517,-95.0,41.9,89,4,6,3,0
29,-48.8,292.0,9,118,53,103,1
656,-73.0,41.6,47,10,4,0,0
806,-45.0,45.0,118,10,4,3,0
40,-51.1,38.8,151,6,9,0,0
26,-55.4,401.9,25,117,18,74,1
24,-51.7,130.1,10,84,112,98,1
317,-75.6,83.2,29,6,6,1,0
63,-69.9,91.0,109,9,4,1,0
78,-44.6,40.0,8,35,86,18,1
39,-32.4,523.3,2,87,36,75,1
106,-51.3,183.4,3,82,60,16,1
41,-39.4,608.4,9,58,70,115,1
309,-56.9,43.2,144,6,6,0,0
41,-38.4,190.6,9,168,70,155,1
506,-33.9,38.1,77,8,5,1,0
54,-48.3,313.2,19,104,37,173,1
34,-75.8,310.3,0,114,81,89,1
653,-51.9,69.4,163,3,8,1,0
50,-41.5,344.6,6,216,62,63,1
682,-85.9,98.6,75,4,7,2,0
40,-52.2,13.5,179,7,5,2,0
24,-63.2,167.3,9,139,124,29,1
35,-50.5,526.7,13,32,31,48,1
46,-50.4,276.1,17,137,115,36,1
866,-55.1,53.4,117,8,1,2,0
27,-43.9,342.4,0,90,66,109,1
26,-38.2,409.1,0,119,144,39,1
212,-47.0,59.5,43,6,7,0,0
348,-95.0,29.3,79,5,3,1,0
470,-49.8,24.7,191,6,5,2,0
40,-51.2,146.3,111,5,5,1,0
357,-60.3,34.2,153,10,8,0,0
64,-25.0,134.9,4,113,78,23,1
643,-67.9,235.4,26,8,6,0,0
416,-68.9,59.8,36,4,6,1,0
65,-62.4,182.4,6,112,124,155,1
137,-60.9,185.2,6,170,43,26,1
346,-64.1,119.4,154,11,10,1,0
479,-43.5,23.0,135,10,4,3,0
31,-64.3,287.9,7,117,27,150,1
421,-95.0,82.6,105,6,4,2,0
24,-50.1,230.2,1,113,17,31,1
43,-37.2,174.6,20,149,10,20,1
693,-64.2,42.7,62,7,5,0,0
742,-62.4,85.4,217,4,8,1,0
48,-49.2,509.0,0,158,65,161,1
157,-59.9,265.5,6,76,52,15,1
28,-25.0,60.0,18,116,84,44,1
45,-54.1,146.1,8,123,62,30,1
640,-70.2,351.6,94,24,9,4,0
614,-69.0,44.0,56,4,5,0,0
40,-46.8,125.7,65,58,2,14,0
65,-47.0,130.2,10,107,10,14,1
851,-49.5,4.3,117,11,8,0,0
40,-76.2,90.0,25,11,4,1,0
353,-53.2,155.0,50,8,2,2,0
42,-41.7,361.6,0,42,78,8,1
871,-64.6,53.4,31,6,7,3,0
564,-69.6,201.5,110,5,8,3,0
826,-74.0,215.0,181,62,4,19,0
1222,-41.3,236.3,57,10,9,0,0
45,-57.6,286.7,0,107,92,27,0
983,-76.9,21.8,30,1,2,0,0
48,-49.0,593.4,9,116,94,51,1
24,-57.5,518.0,18,192,119,59,1
46,-39.4,408.4,26,98,38,132,1
452,-30.8,71.8,114,6,10,1,0
40,-54.0,115.5,76,4,4,0,0
289,-66.3,53.6,180,5,7,1,0
57,-45.8,40.0,7,160,111,32,1
792,-62.0,245.8,105,23,8,20,0
521,-59.8,11.7,112,7,4,0,0
355,-51.9,67.1,0,9,7,1,0
90,-42.9,165.6,10,85,51,21,1
76,-40.9,114.3,11,150,21,20,1
851,-62.6,120.5,61,6,7,1,0
478,-37.0,34.5,152,7,4,2,0
91,-64.5,32.9,105,6,7,3,0
42,-56.4,235.0,7,157,116,231,1
24,-61.9,210.6,18,74,98,49,1
40,-76.5,70.0,156,7,5,0,0
461,-75.3,13.0,160,6,11,1,0
623,-63.3,30.1,164,6,6,2,0
24,-56.0,536.3,9,44,98,8,1
30,-44.7,498.5,0,160,134,87,1
473,-67.0,136.1,140,5,8,2,0
175,-61.1,114.5,51,13,7,0,0
1368,-63.1,25.5,173,3,6,1,0
24,-46.2,478.3,6,107,115,96,1
54,-47.0,278.8,4,37,25,85,1
510,-44.3,145.3,56,5,5,2,0
829,-64.1,40.4,175,3,8,1,0
522,-66.2,221.7,173,4,3,1,0
589,-74.1,86.7,230,2,3,1,0
603,-59.4,325.1,141,4,6,1,0
182,-57.3,175.7,152,8,6,0,0
40,-44.5,131.9,86,5,3,1,0
679,-73.3,314.7,21,8,7,1,0
685,-47.3,55.3,270,7,8,1,0
52,-45.1,121.5,12,67,31,16,1
46,-34.9,264.8,12,102,154,149,1
24,-56.1,382.8,15,89,67,8,1
514,-63.9,9.0,217,5,3,1,0
558,-50.7,90.6,182,6,5,1,0
1166,-74.5,10.5,128,9,6,0,0
27,-46.4,316.7,8,152,39,124,1
519,-55.6,20.0,126,5,5,1,0
175,-85.2,170.5,142,8,6,0,0
30,-36.3,418.5,11,98,55,111,1
459,-63.6,136.6,13,6,6,0,0
876,-70.9,19.4,206,4,5,2,0
29,-38.6,244.4,0,137,10,53,1
41,-38.7,334.3,11,30,66,246,1
36,-44.8,390.6,7,47,43,99,0
331,-70.4,25.3,113,11,4,2,0
360,-56.7,54.5,216,8,5,0,0
31,-48.5,347.8,9,91,25,17,1
36,-62.2,359.6,0,101,55,152,1
566,-57.9,243.4,103,4,1,1,0
762,-68.7,122.9,169,2,5,1,0
861,-67.0,62.6,118,9,5,1,0
47,-55.6,282.2,10,60,81,63,1
37,-42.7,431.2,21,129,41,141,1
37,-42.2,443.5,7,124,101,281,1
44,-38.4,474.0,14,15,10,188,1
984,-45.7,238.2,54,74,6,25,0
24,-52.2,333.5,13,155,10,29,1
33,-39.2,502.8,16,158,69,95,1
135,-79.8,307.1,35,12,4,21,0
40,-81.0,43.4,97,6,3,0,0
240,-75.1,64.5,223,6,5,1,0
720,-72.5,40.1,113,6,8,1,0
45,-59.2,379.2,17,27,80,186,1
40,-55.8,127.9,70,4,5,4,0
51,-39.0,406.7,15,119,106,120,1
376,-54.1,69.2,52,5,5,2,0
40,-45.2,70.1,107,9,9,0,0
764,-65.1,41.9,63,5,8,1,0
663,-80.2,131.2,192,2,3,2,0
157,-40.1,95.9,1,15,10,33,1
28,-49.0,434.6,22,80,43,87,1
40,-68.1,104.2,155,10,7,1,0
72,-83.4,85.4,159,7,5,1,0
40,-74.8,87.0,110,4,3,1,0
354,-63.8,65.7,176,6,9,0,0
300,-77.6,69.4,120,6,9,1,0
456,-79.8,57.3,53,7,9,0,0
651,-63.0,46.4,75,6,10,0,0
706,-66.8,132.9,119,3,11,3,0
24,-53.4,434.9,1,119,92,89,1
87,-50.4,49.6,236,8,10,1,1
24,-42.2,422.7,0,78,53,68,1
795,-68.2,88.1,180,6,7,1,0
962,-71.2,67.4,63,8,4,0,0
881,-70.3,164.3,70,5,5,1,0
24,-58.0,410.3,15,126,10,215,1
408,-76.0,111.5,111,9,5,3,0
375,-35.3,36.0,0,7,4,1,0
30,-61.1,457.7,13,123,74,138,1
30,-46.6,464.6,18,152,83,185,1
1296,-71.0,35.9,10,6,4,1,0
24,-51.9,217.5,5,64,55,100,1
24,-33.2,255.1,14,50,88,112,1
40,-37.7,190.2,18,28,78,139,1
34,-38.3,528.1,11,116,10,145,1
621,-76.4,276.6,71,10,8,13,0
707,-47.3,224.0,71,4,9,0,0
717,-39.6,76.5,39,5,6,1,0
707,-59.4,97.2,117,6,7,1,0
319,-57.4,107.2,104,5,9,0,0
339,-76.1,124.8,232,10,3,0,0
49,-53.0,368.1,0,112,120,121,1
515,-70.2,40.7,114,7,4,1,0
222,-50.1,41.2,162,13,5,2,0
105,-49.5,168.3,11,15,71,18,1
24,-57.9,339.6,9,71,43,94,1
879,-59.9,95.3,120,5,5,3,0
117,-46.0,52.6,1,30,66,16,1
68,-74.4,42.1,0,2,4,4,0
840,-54.1,339.1,198,51,2,12,0
1125,-75.1,53.3,13,4,8,4,0
437,-73.0,57.9,151,5,4,1,0
634,-75.1,87.5,100,10,7,1,0
27,-46.9,218.8,7,183,75,54,1
1048,-47.9,46.3,148,7,12,1,0
680,-71.2,76.8,94,6,8,1,0
434,-69.1,53.2,122,5,8,0,0
718,-41.7,316.9,71,33,6,29,0
342,-63.5,120.9,80,7,6,2,0
36,-57.6,308.8,10,104,105,75,1
97,-54.4,217.2,8,166,52,40,1
37,-54.2,580.6,10,78,71,82,1
238,-86.0,176.1,212,50,4,10,0
767,-47.8,406.8,150,81,9,20,0
31,-36.8,652.7,4,172,10,193,1
447,-62.1,86.2,280,3,6,1,0
525,-56.7,36.9,171,6,7,2,0
42,-38.3,309.5,0,102,60,125,1
24,-49.8,195.5,8,93,10,7,1
31,-44.8,296.6,0,76,10,72,1
37,-58.0,828.3,16,81,98,115,1
30,-53.9,423.4,8,141,33,152,1
250,-57.5,116.9,201,4,5,2,0
475,-51.6,56.7,59,10,4,3,0
108,-43.7,142.0,12,81,10,6,1
34,-46.4,260.4,14,71,46,143,1
175,-62.3,70.2,45,2,7,2,0
932,-34.0,148.0,301,5,3,4,0
40,-79.3,86.3,120,2,8,0,0
908,-49.0,331.0,107,40,4,10,0
48,-55.3,394.0,6,35,32,136,1
43,-42.7,603.1,0,75,151,97,1
37,-42.4,358.0,8,77,10,136,1
282,-53.3,186.3,115,7,2,5,0
272,-47.4,278.5,110,3,5,3,0
440,-58.0,59.8,281,10,8,2,0
897,-82.2,127.5,65,3,6,1,0
47,-37.0,345.1,15,166,112,88,1
87,-37.5,192.3,3,106,89,10,1
40,-80.6,55.9,98,5,10,3,0
367,-47.0,56.0,96,8,5,3,0
73,-68.2,34.5,166,7,9,2,0
284,-74.7,91.9,147,11,6,1,0
869,-69.3,90.7,38,3,10,4,0
666,-68.1,24.6,211,11,3,2,0
34,-43.3,456.6,8,155,10,105,1
1034,-43.3,408.6,169,76,3,20,0
40,-61.4,137.8,54,3,7,0,0
641,-46.7,45.7,192,3,6,4,0
29,-53.5,280.0,0,105,113,18,1
601,-76.1,26.7,123,5,7,1,0
68,-65.3,174.0,9,115,143,33,1
326,-67.8,199.5,206,52,6,35,0
24,-52.7,182.6,7,41,32,149,1
38,-56.3,394.8,9,83,121,159,1
104,-57.0,262.2,76,51,4,14,0
40,-60.8,7.7,252,2,6,0,0
24,-51.2,252.4,8,50,63,137,1
46,-34.2,446.4,9,38,36,105,1
63,-46.6,169.4,153,9,3,3,0
25,-44.9,406.8,18,154,10,144,1
554,-67.5,42.6,182,3,3,0,0
24,-52.7,472.4,6,159,108,156,1
117,-62.3,180.6,19,183,74,22,1
532,-78.0,46.0,136,6,2,2,0
45,-39.3,394.7,0,49,148,126,0
83,-48.5,195.4,10,114,79,26,1
409,-77.6,141.7,114,46,6,28,0
548,-54.2,8.0,243,6,6,0,0
28,-53.4,572.9,9,32,133,181,1
422,-55.8,226.6,153,58,7,12,0
651,-68.3,33.3,31,4,4,2,0
33,-66.2,343.2,22,86,68,68,1
58,-64.0,409.9,20,118,45,66,1
307,-66.7,80.9,97,5,9,3,0
38,-43.7,496.7,5,109,32,170,1
51,-47.1,369.3,1,112,124,8,1
40,-53.3,125.6,43,5,7,1,0
41,-60.5,165.6,7,90,114,42,1
99,-43.0,140.9,19,126,18,28,1
40,-55.3,93.6,186,9,7,2,0
38,-49.6,293.6,9,93,158,82,1
42,-53.3,228.3,15,93,68,13,1
83,-73.3,62.7,199,9,6,5,0
274,-79.6,99.8,21,4,8,0,0
570,-80.5,42.4,117,6,10,1,0
563,-53.8,26.8,0,4,5,1,0
244,-49.6,5.0,182,1,7,0,0
354,-40.9,118.1,117,6,5,1,0
24,-32.1,680.3,10,83,26,38,1
28,-51.9,407.1,7,133,88,87,1
763,-49.9,317.1,146,51,13,20,0
25,-57.1,204.9,14,84,80,155,1
44,-43.7,421.4,5,125,110,130,1
100,-42.6,135.9,0,133,42,18,1
33,-47.2,403.9,2,98,51,147,1
41,-43.0,385.6,9,103,95,289,1
51,-50.3,427.1,19,107,108,127,1
92,-44.0,259.2,24,65,124,15,1
292,-69.4,89.5,0,6,3,1,0
36,-33.5,242.8,2,94,10,36,1
588,-45.4,264.5,182,70,5,8,0
679,-75.4,66.1,74,3,6,2,0
551,-82.4,193.8,135,3,5,1,0
199,-62.5,33.8,158,7,3,2,0
487,-67.1,51.0,97,4,4,1,0
462,-55.6,131.7,123,3,7,2,0
489,-65.8,57.5,207,4,9,0,0
170,-69.0,42.8,124,7,10,0,0
36,-53.0,399.5,0,81,132,48,1
24,-47.3,210.9,6,154,129,106,1
49,-68.0,487.5,8,162,107,183,1
624,-58.8,223.0,92,72,14,24,0
26,-36.3,436.1,7,122,124,185,1
492,-71.4,49.5,171,8,8,4,0
624,-59.1,51.6,0,5,6,1,0
619,-78.0,116.9,160,5,7,1,0
459,-48.3,78.4,161,6,4,1,0
1022,-61.9,28.2,174,5,2,0,0
24,-46.1,192.1,4,135,80,144,1
24,-55.2,308.0,24,140,128,189,1
40,-67.7,64.8,163,6,7,1,0
687,-80.6,152.7,65,9,6,3,0
232,-58.5,104.8,31,3,4,1,0
261,-56.3,72.1,220,12,6,1,0
55,-56.1,221.9,7,118,10,17,1
24,-65.5,533.9,29,40,31,8,1
35,-53.8,486.8,14,149,74,73,1
24,-25.0,329.6,1,119,89,158,1
461,-60.7,35.2,78,1,8,1,0
52,-59.8,66.5,17,4,4,0,0
698,-54.9,296.4,81,51,8,13,0
658,-79.9,275.5,122,60,4,10,0
32,-53.2,200.1,10,46,143,14,1
40,-60.5,19.2,169,9,2,1,0
897,-48.8,127.6,126,6,7,4,0
498,-54.8,24.9,174,7,4,0,0
949,-50.0,21.2,74,10,7,2,0
706,-71.4,125.4,94,5,8,0,0
629,-44.1,109.6,94,3,2,1,0
33,-45.7,321.3,5,159,73,133,1
668,-28.0,32.4,126,7,9,2,0
1139,-51.8,200.0,103,49,3,30,0
32,-45.1,538.0,20,177,59,149,1
706,-55.9,75.7,42,5,4,0,0
698,-28.0,60.7,107,8,4,0,0
379,-43.3,44.9,81,8,2,2,0
40,-29.9,30.0,53,10,3,0,0
40,-63.6,61.8,117,7,2,3,0
284,-63.6,9.6,72,5,6,1,0
24,-57.1,650.9,3,29,10,128,1
535,-56.5,77.4,0,8,12,1,0
30,-37.4,349.7,10,132,69,203,1
91,-47.1,265.5,2,174,131,31,1
782,-62.0,171.2,138,6,8,3,0
40,-46.1,37.5,105,9,7,0,0
244,-63.3,133.5,103,9,6,4,0
447,-74.4,159.5,199,66,2,11,0
864,-76.9,166.7,98,17,8,18,0
40,-68.9,162.7,107,74,6,18,0
103,-49.9,249.9,11,155,129,14,1
680,-51.8,46.7,238,9,10,1,0
736,-67.0,45.9,74,6,8,2,0
36,-60.3,473.8,6,67,78,148,1
34,-51.6,713.7,5,138,36,24,1
1079,-51.5,27.9,202,5,6,2,0
530,-63.1,110.1,72,5,11,3,0
394,-73.1,27.3,141,8,8,2,0
543,-62.8,36.3,185,5,8,1,0
125,-48.3,67.8,0,81,75,32,1
599,-45.8,140.7,112,7,10,1,0
486,-60.9,21.3,218,2,4,1,0
58,-57.2,373.1,0,152,84,179,1
29,-34.7,479.6,19,51,126,160,1
321,-73.9,66.4,175,5,2,1,1
24,-48.4,517.5,9,72,112,146,1
75,-50.4,291.3,2,114,10,19,1
141,-49.5,58.1,0,4,7,1,0
771,-39.3,148.3,80,11,3,0,0
270,-59.5,74.0,21,8,7,2,0
850,-65.8,30.8,58,9,5,2,0
776,-61.6,49.5,112,3,1,1,0
621,-64.3,75.1,65,2,2,0,0
870,-56.3,280.1,125,31,8,17,0
24,-49.7,275.9,12,122,13,97,1
768,-45.5,25.5,125,9,5,1,0
40,-70.3,59.2,36,3,11,3,0
93,-42.8,172.0,25,117,62,31,1
81,-39.1,85.9,0,92,12,26,1
41,-44.0,486.5,5,105,160,8,1
38,-64.5,355.8,10,20,78,150,1
71,-68.6,163.8,0,56,47,24,1
24,-54.7,278.9,4,43,66,71,1
31,-36.1,60.0,7,80,50,72,1
50,-76.8,127.2,29,9,3,0,0
388,-38.6,54.2,114,4,9,2,0
350,-71.0,121.9,52,4,4,2,0
1004,-78.7,14.0,76,5,8,0,0
938,-86.2,45.3,0,5,5,2,0
514,-64.5,59.5,251,6,9,2,0
30,-48.6,524.8,11,188,106,105,1
24,-54.6,469.7,9,118,62,69,1
641,-51.6,27.5,212,5,5,1,0
24,-65.4,229.2,8,15,20,172,1
37,-65.8,315.0,12,124,29,137,1
298,-75.1,104.6,135,4,5,2,0
50,-56.1,177.5,17,106,28,98,1
381,-79.9,37.3,200,5,9,0,0
41,-35.7,394.7,12,157,10,100,1
40,-64.6,102.1,92,7,8,1,0
157,-50.0,9.9,204,3,14,0,0
46,-37.9,547.1,16,24,81,132,1
129,-48.7,86.1,1,95,69,16,1
169,-63.3,95.4,242,69,6,4,0
1022,-88.6,80.0,133,6,3,0,0
482,-79.7,139.7,200,4,7,2,0
30,-43.4,158.9,23,20,23,126,1
558,-50.9,357.6,156,25,5,17,0
35,-60.5,364.1,14,40,48,123,1
24,-39.2,460.1,8,15,77,89,1
29,-47.6,570.4,2,55,104,101,1
24,-47.7,139.2,0,40,89,209,1
880,-58.8,49.4,128,7,9,2,0
41,-54.0,357.5,12,97,173,110,0
39,-62.7,169.5,11,167,89,92,1
848,-45.7,20.8,0,10,4,4,0
1041,-68.9,40.8,76,4,3,0,0
25,-25.0,116.4,14,147,34,152,1
65,-60.1,215.5,14,90,71,15,1
1070,-92.6,62.5,193,6,7,1,0
26,-57.3,605.4,13,15,54,129,1
481,-65.9,230.8,48,7,7,1,0
33,-41.1,254.7,9,30,67,135,1
75,-60.0,120.5,5,59,69,29,1
45,-74.5,177.8,98,8,8,1,0
45,-62.7,472.4,14,74,72,109,1
84,-42.1,92.5,3,118,10,16,1
60,-49.0,290.3,15,88,85,23,0
48,-55.8,571.1,7,99,58,88,1
71,-25.0,190.1,0,68,45,17,1
872,-86.9,55.9,0,4,4,1,0
944,-84.9,56.9,121,7,8,0,0
36,-42.1,116.6,2,77,130,50,1
255,-64.7,35.2,106,6,7,1,0
31,-60.1,434.7,0,102,90,92,1
1015,-48.7,208.2,147,38,7,31,0
747,-60.8,44.1,188,11,3,0,0
710,-67.0,73.5,0,8,8,1,0
110,-59.7,161.3,9,137,105,12,1
35,-56.9,402.6,9,63,93,134,1
661,-54.8,22.9,10,6,8,2,0
90,-36.2,169.9,13,79,81,23,1
40,-63.3,39.7,191,7,10,1,0
1294,-52.1,68.7,203,4,7,4,0
40,-61.2,82.3,71,6,5,2,0
716,-49.5,27.7,130,6,8,2,0
108,-57.8,6.9,317,5,6,3,0
25,-48.9,331.8,1,101,67,137,1
721,-67.5,94.6,67,10,3,2,0
141,-59.4,74.5,70,6,7,1,0
596,-68.9,45.4,80,7,3,0,0
490,-69.2,8.9,177,3,5,1,0
685,-74.1,87.9,99,2,6,0,0
269,-79.7,24.1,146,7,5,1,0
867,-58.5,85.3,153,7,8,1,0
539,-50.7,94.3,151,11,3,0,1
40,-69.5,93.2,86,7,5,1,0
103,-34.6,186.0,0,72,144,24,1
42,-49.4,172.7,12,117,102,41,1
392,-69.3,47.3,152,8,7,5,0
256,-66.0,153.7,73,6,3,1,0
27,-36.4,447.6,7,148,79,94,1
505,-69.3,26.3,15,6,5,1,0
43,-47.6,507.0,17,100,59,217,1
491,-64.2,24.1,132,6,7,2,0
96,-27.0,96.2,4,78,49,26,1
40,-44.0,126.4,92,10,11,2,0
34,-32.5,489.2,0,85,56,35,1
384,-64.2,61.8,45,7,9,1,0
321,-77.2,76.9,184,7,4,1,0
213,-28.6,268.6,113,77,5,18,0
32,-31.9,698.2,5,86,71,171,1
56,-58.1,59.4,140,7,8,1,0
46,-60.0,351.4,0,55,141,31,1
173,-72.1,358.7,121,61,2,23,0
24,-56.6,267.9,16,96,62,101,1
890,-52.5,30.3,84,3,9,1,0
625,-61.8,68.8,195,10,3,4,0
157,-60.1,197.1,16,83,84,13,1
710,-78.6,66.4,190,6,11,2,0
28,-34.2,538.4,13,15,86,8,1
40,-66.8,35.7,222,6,7,2,0
362,-57.1,112.9,139,5,3,5,0
38,-32.4,333.4,7,92,32,120,1
40,-60.8,72.7,143,4,6,2,0
287,-48.5,127.4,8,2,8,0,0
121,-55.1,230.2,0,110,21,7,1
55,-43.7,547.1,11,181,10,211,1
425,-58.7,85.0,115,11,5,0,0
38,-41.8,390.8,1,139,116,159,1
24,-59.5,397.5,12,61,77,55,1
91,-80.3,197.1,107,59,6,17,0
33,-54.1,630.8,3,73,47,136,1
702,-84.4,117.1,72,6,9,0,0
24,-41.1,60.0,0,75,101,103,1
24,-41.2,521.6,12,69,85,236,1
277,-51.7,23.4,210,5,6,0,0
198,-38.1,86.5,8,7,7,0,0
193,-57.3,182.6,0,39,104,35,1
142,-55.9,106.6,0,58,132,22,1
31,-59.4,532.4,10,133,89,85,1
40,-64.9,117.6,37,8,6,1,0
120,-51.0,60.5,102,3,7,1,0
743,-67.2,76.1,155,7,5,2,0
44,-42.3,583.5,24,17,28,172,1
32,-45.5,601.9,21,98,95,97,1
397,-46.0,44.2,106,8,9,1,0
106,-85.9,43.8,80,7,5,0,0
31,-43.3,355.2,9,75,89,76,1
94,-54.5,88.9,5,53,26,24,1
61,-55.0,79.1,0,95,128,17,1
542,-68.8,184.9,261,32,9,22,0
60,-64.8,120.5,17,10,2,1,0
267,-54.2,69.8,159,5,7,0,0
621,-84.4,81.7,15,7,8,2,0
38,-39.2,431.0,16,19,65,124,1
40,-65.6,256.6,121,10,5,28,0
467,-54.0,62.6,67,5,4,1,0
386,-82.2,76.2,142,2,7,3,0
303,-71.7,97.8,202,2,3,2,0
801,-78.8,237.2,75,41,5,19,0
24,-25.0,424.8,3,140,109,216,1
41,-53.1,484.5,0,165,46,26,1
965,-73.6,106.2,81,6,11,0,0
782,-59.5,107.3,185,5,10,4,0
764,-43.0,220.5,225,15,6,25,0
37,-56.6,227.1,15,170,137,181,1
630,-65.3,54.2,180,7,4,2,0
469,-70.1,99.2,116,4,8,2,0
759,-60.7,28.3,148,6,4,1,0
24,-58.8,355.1,20,34,93,50,1
694,-66.2,85.8,197,12,5,0,0
447,-68.6,14.1,56,3,3,2,0
26,-35.2,313.2,3,91,71,43,1
40,-80.5,16.2,122,5,4,1,0
30,-46.8,332.5,12,98,47,145,1
757,-75.1,42.3,181,3,3,0,0
44,-58.9,296.4,17,147,10,147,0
35,-62.0,279.7,8,76,127,152,1
735,-58.7,33.3,165,8,5,4,0
24,-51.8,323.7,11,81,101,74,1
624,-67.3,92.5,80,4,6,1,0
524,-87.8,94.3,9,10,4,2,0
180,-72.4,25.6,31,6,7,2,0
738,-67.4,274.5,102,61,4,26,0
40,-64.9,386.6,169,30,8,14,0
61,-35.5,326.5,8,103,27,8,1
580,-40.6,49.9,102,6,5,1,0
50,-51.5,341.1,9,36,10,59,1
33,-32.5,359.6,17,117,89,48,1
561,-61.7,80.7,98,3,4,0,0
71,-64.5,95.0,77,3,5,0,0
24,-43.5,519.0,23,115,86,45,1
37,-50.4,633.5,7,131,52,118,1
776,-64.2,53.1,145,6,7,0,0
24,-36.0,559.6,19,137,20,149,1
24,-29.3,496.5,6,167,41,211,1
24,-52.8,511.0,2,141,10,139,1
40,-52.3,47.6,115,6,6,1,0
24,-44.7,221.9,19,20,122,59,1
40,-82.2,20.9,268,5,10,2,0
416,-59.4,242.5,102,44,6,35,0
52,-61.0,384.5,4,138,21,35,1
1131,-77.0,396.4,105,21,8,12,0
916,-60.5,79.8,167,9,4,2,0
100,-46.8,52.9,14,97,99,15,1
40,-72.1,33.5,114,8,6,0,0
36,-50.2,442.8,11,15,36,99,1
33,-56.4,541.9,6,134,96,11,1
520,-59.2,105.3,116,7,11,1,0
32,-37.1,370.5,13,129,67,211,1
392,-61.9,71.4,0,5,8,0,0
146,-77.3,27.4,70,7,4,1,0
369,-79.0,119.2,163,2,4,2,0
33,-32.6,414.1,8,131,10,173,0
568,-93.5,111.5,135,3,15,2,0
780,-56.0,70.8,166,7,7,0,0
459,-57.4,194.8,0,2,6,0,0
24,-66.8,182.0,6,109,36,121,1
610,-46.0,53.2,89,3,7,2,0
446,-38.0,54.5,155,7,7,0,0
30,-46.4,245.7,2,108,29,25,1
24,-57.3,431.7,10,50,81,154,1
53,-65.0,265.9,19,114,88,136,1
750,-68.9,43.1,123,6,5,1,0
26,-60.3,500.5,9,88,77,198,1
157,-56.8,189.9,1,49,116,16,1
254,-68.2,34.4,149,6,5,1,0
188,-28.0,41.0,212,5,7,1,0
24,-50.5,141.4,23,131,122,9,1
260,-67.9,111.6,52,4,4,3,0
572,-42.7,117.0,102,11,5,0,0
815,-55.2,56.7,110,4,6,0,0
24,-61.8,179.7,13,80,98,20,1
32,-52.8,219.5,3,91,37,177,1
506,-34.9,56.9,183,9,8,2,0
640,-47.3,130.1,119,9,2,1,0
360,-51.0,49.1,165,4,5,2,0
24,-39.5,510.2,21,76,113,199,1
40,-67.7,439.3,23,30,10,18,0
39,-58.1,222.7,9,73,108,112,1
419,-36.7,152.2,141,4,5,3,0
32,-53.6,441.3,11,99,56,23,1
30,-54.6,439.8,0,115,100,8,1
495,-74.8,195.9,270,7,9,2,0
82,-45.7,21.7,174,6,5,1,0
1108,-48.9,68.1,132,4,8,2,0
428,-49.1,46.6,0,7,6,1,0
705,-69.2,104.0,189,7,3,0,0
482,-71.1,82.2,157,10,10,0,0
618,-71.5,34.8,77,9,8,3,0
550,-77.4,132.6,179,88,1,23,0
95,-48.3,128.8,0,135,43,17,1
293,-60.6,69.6,155,5,4,2,0
50,-33.5,452.4,0,57,62,23,1
604,-47.3,62.8,213,10,6,1,0
766,-64.6,64.5,143,7,5,1,0
273,-60.7,58.1,0,10,7,1,0
47,-55.8,293.9,16,98,148,94,1
885,-70.8,46.8,100,5,5,1,0
724,-76.3,161.4,100,9,3,1,0
37,-59.0,338.1,19,121,10,74,1
40,-62.2,48.9,144,6,9,3,0
610,-55.9,86.3,54,6,4,0,0
1508,-38.4,356.7,84,35,4,21,0
36,-49.0,327.7,21,161,20,63,1
447,-75.4,82.3,117,4,3,0,0
99,-52.3,197.1,14,58,10,39,1
653,-63.4,53.0,160,6,8,0,0
40,-54.8,114.8,206,5,7,2,0
200,-64.8,19.5,171,5,3,0,0
33,-61.0,633.0,11,161,65,136,1
33,-42.2,379.4,0,158,57,147,1
605,-68.6,94.9,130,6,12,3,0
40,-58.3,157.0,145,5,5,3,0
393,-64.4,63.9,97,7,2,2,0
268,-72.7,44.2,53,9,6,0,0
254,-62.4,138.7,45,4,4,2,0
24,-65.0,493.5,7,115,66,134,1
656,-82.9,423.0,194,10,8,28,0
144,-46.7,128.8,0,82,46,32,1
407,-62.1,40.6,154,4,10,2,0
33,-47.9,680.3,7,72,66,37,1
24,-54.9,121.5,22,171,10,77,1
41,-58.9,290.0,20,30,64,14,1
208,-58.8,89.8,69,4,6,3,0
45,-54.1,354.3,9,140,98,94,1
767,-47.3,22.0,92,7,5,1,0
711,-77.6,32.4,78,3,6,1,0
40,-69.1,79.2,8,8,7,0,0
274,-70.1,20.7,144,5,6,1,0
343,-67.2,73.4,80,6,3,0,1
881,-62.9,121.8,88,5,8,3,0
344,-40.4,12.4,25,9,7,0,0
237,-49.4,343.7,178,25,6,30,0
402,-70.5,43.0,117,6,5,3,0
42,-68.5,298.7,14,76,54,159,1
75,-70.3,200.7,0,28,9,4,0
41,-55.4,189.3,9,15,25,105,1
856,-74.0,228.0,159,11,4,3,0
755,-67.7,81.3,19,7,3,1,0
693,-69.0,141.1,28,6,4,0,0
677,-57.0,174.8,167,5,4,0,0
37,-50.6,390.2,7,60,66,110,1
308,-90.2,174.9,28,60,7,13,0
37,-25.0,280.5,9,107,44,185,1
450,-85.1,49.9,100,7,3,2,0
40,-39.1,42.4,128,5,4,0,0
1332,-72.3,137.3,199,4,7,0,0
211,-64.3,109.5,196,6,5,2,0
920,-57.7,76.8,100,7,3,4,0
680,-53.4,28.9,140,4,9,3,0
89,-29.1,158.5,22,80,82,29,1
758,-70.5,4.1,105,9,8,1,0
566,-66.8,59.2,94,7,9,2,0
36,-36.6,490.0,0,50,43,183,1
87,-37.6,138.0,9,62,76,27,1
128,-32.0,192.2,5,46,115,20,1
41,-52.7,536.5,10,91,10,200,1
25,-47.5,666.2,14,71,92,136,1
566,-48.5,241.6,19,64,10,32,0
931,-34.9,30.3,136,6,6,3,0
24,-60.6,305.0,10,93,69,99,1
1055,-63.6,52.1,218,1,2,0,0
719,-42.5,35.8,69,6,6,0,0
274,-55.5,8.2,156,7,4,1,0
40,-53.1,210.8,27,8,10,1,0
164,-48.7,52.0,183,4,8,1,0
43,-51.5,250.0,15,127,60,145,1
464,-63.7,85.3,107,7,5,0,0
66,-53.4,48.0,0,104,126,6,1
36,-29.9,502.8,8,174,127,118,1
24,-48.2,161.6,11,91,45,24,1
305,-64.3,102.9,77,2,5,0,0
42,-25.4,685.6,2,46,70,126,1
507,-67.5,144.3,105,72,4,27,0
672,-95.0,48.6,84,7,6,2,0
29,-35.5,579.5,3,115,92,89,1
139,-33.4,214.7,6,88,67,31,1
39,-29.9,430.4,16,87,44,64,1
24,-39.0,464.8,4,108,118,173,1
464,-67.6,43.4,97,4,10,2,0
342,-56.0,50.9,88,7,2,2,0
413,-36.1,215.2,112,7,7,0,0
24,-45.8,366.9,9,44,143,163,1
481,-86.2,22.6,39,5,9,2,0
552,-55.1,88.8,77,4,4,1,0
105,-49.0,92.2,12,67,140,23,1
729,-69.8,96.9,18,3,6,1,0
231,-43.4,27.7,144,2,3,2,0
630,-65.5,80.0,69,37,5,19,0
111,-57.6,175.6,171,5,7,1,0
27,-39.5,344.7,1,116,68,164,1
44,-42.6,458.7,8,106,114,116,1
40,-46.5,113.9,20,90,74,59,1
58,-50.7,576.3,3,133,123,104,1
879,-61.1,9.5,88,6,3,2,0
24,-39.2,401.4,14,165,51,208,1
491,-63.8,233.8,248,5,5,1,0
655,-58.9,96.1,0,3,5,2,0
525,-75.9,86.4,136,3,3,1,0
160,-51.2,219.8,135,37,4,22,0
800,-43.7,50.7,140,5,6,2,0
50,-67.9,364.9,6,130,72,74,1
225,-80.5,111.9,15,5,8,1,0
440,-83.8,134.7,77,4,7,1,0
623,-50.4,202.4,113,9,3,2,0
968,-54.3,210.8,84,4,7,1,0
43,-50.1,498.1,0,138,38,71,1
42,-54.9,327.0,19,220,78,108,1
40,-46.0,92.5,147,9,7,2,0
731,-84.6,205.7,80,56,7,17,0
37,-60.9,521.9,16,100,87,97,1
52,-50.6,396.0,10,144,76,38,1
629,-64.3,191.4,106,8,6,1,0
25,-35.9,462.1,0,86,10,95,1
779,-78.7,51.8,216,2,3,1,0
335,-68.5,297.1,176,61,5,25,0
40,-56.4,87.4,172,5,4,2,0
628,-56.1,49.0,178,5,1,2,0
273,-46.2,77.6,98,4,12,2,0
857,-42.5,115.4,215,8,12,2,0
24,-64.0,421.4,15,165,89,84,1
40,-69.1,75.0,33,11,12,0,1
888,-55.1,41.0,93,2,8,3,0
550,-57.7,41.0,52,9,7,2,0
281,-52.7,53.5,185,6,5,3,0
24,-42.2,193.0,12,80,39,14,0
846,-53.6,24.0,0,5,4,3,0
33,-57.0,441.3,9,206,85,133,1
24,-56.1,113.4,0,148,126,115,1
24,-50.3,877.7,0,81,67,129,1
884,-51.0,31.2,192,11,9,4,0
581,-79.1,27.7,69,10,4,1,0
665,-59.7,37.0,100,6,4,0,0
33,-57.3,187.9,8,71,119,116,1
418,-67.3,23.6,103,4,5,3,0
560,-63.6,77.6,126,4,3,0,0
191,-48.3,141.6,0,132,84,20,1
371,-65.9,73.5,149,5,4,1,0
309,-67.4,59.5,13,11,3,1,0
1022,-54.6,42.6,176,7,17,1,0
636,-60.4,33.9,0,7,7,1,0
188,-62.0,38.7,108,11,7,1,0
545,-59.7,52.9,59,8,10,1,0
658,-54.6,156.0,19,10,1,19,0
92,-60.8,141.6,0,67,128,41,1
24,-65.1,462.7,0,180,42,135,1
544,-61.3,152.9,43,5,7,1,0
714,-46.4,34.7,112,9,5,2,0
40,-68.8,21.3,146,6,8,1,0
30,-51.9,367.1,13,61,91,147,1
84,-69.9,64.9,0,9,5,0,0
1034,-78.2,98.7,185,3,8,2,0
456,-54.1,178.5,100,10,1,1,0
48,-58.0,492.8,15,34,109,116,1
260,-59.3,141.3,86,2,3,1,0
24,-52.3,381.1,10,84,60,202,1
819,-83.3,25.0,50,4,5,2,0
212,-76.9,275.2,179,80,6,12,0
42,-48.0,314.6,7,15,34,158,1
472,-71.1,49.9,37,5,6,2,0
648,-63.6,233.4,179,36,3,15,0
493,-68.7,333.5,64,49,8,19,0
54,-52.9,508.0,25,87,25,8,1
506,-67.9,32.3,64,7,6,2,0
1121,-57.7,7.3,65,5,9,1,0
116,-68.8,81.3,195,56,3,18,0
515,-68.7,37.9,69,7,8,0,0
407,-95.0,42.3,213,7,7,2,0
1020,-60.7,137.1,148,5,3,3,0
117,-26.4,126.4,2,73,33,26,1
25,-57.5,522.2,14,163,60,105,1
629,-76.3,43.5,95,8,7,2,0
694,-64.1,197.6,239,39,7,10,0
116,-37.8,189.9,0,51,10,30,1
411,-65.4,47.0,80,5,5,5,0
471,-62.5,355.0,80,25,4,22,0
24,-55.8,183.8,9,105,40,140,1
1135,-55.3,144.9,95,6,7,1,0
329,-59.2,79.5,0,9,6,0,0
40,-44.7,283.4,10,101,63,93,1
141,-57.1,120.0,5,179,67,13,1
568,-59.0,84.8,206,8,6,2,0
63,-62.1,73.5,0,168,37,32,1
443,-66.5,82.0,133,5,5,2,1
613,-78.8,33.7,181,7,6,1,0
725,-64.5,168.8,325,8,6,1,0
259,-62.2,75.1,177,5,8,1,0
654,-59.2,49.7,52,9,5,3,0
52,-48.0,203.1,11,78,10,98,1
39,-53.0,422.9,10,216,63,99,1
40,-48.4,57.5,186,3,5,2,0
1008,-62.0,281.0,196,58,12,19,0
40,-68.6,51.2,33,8,4,1,0
623,-38.7,191.0,149,5,3,1,0
32,-26.2,162.2,12,15,72,73,1
26,-57.3,278.0,12,64,62,128,1
755,-70.9,14.3,47,3,10,0,0
719,-60.1,156.4,92,5,3,2,0
33,-41.8,66.1,18,168,96,111,1
822,-70.0,72.7,54,6,6,2,0
1071,-65.3,62.0,90,5,5,1,0
804,-67.4,72.6,137,10,4,0,0
24,-29.0,667.7,3,119,105,152,1
403,-65.7,228.3,83,5,4,2,0
29,-42.8,137.5,7,97,118,40,1
237,-81.8,341.9,185,67,4,17,0
39,-43.2,296.4,18,34,60,139,1
327,-85.9,208.0,56,4,3,1,0
531,-65.1,58.8,28,8,7,2,1
597,-39.2,33.1,186,3,7,0,0
903,-69.6,33.9,100,3,6,0,0
40,-68.1,140.5,23,122,62,180,1
36,-37.9,425.0,16,62,54,16,1
898,-72.2,367.0,198,40,3,4,0
313,-49.6,77.3,84,9,10,0,0
26,-35.1,486.6,0,90,117,43,1
321,-86.7,210.8,112,5,5,1,0
945,-60.7,499.2,142,40,2,15,0
390,-68.2,271.0,64,43,3,14,0
48,-54.1,328.6,0,76,46,168,1
163,-71.8,65.1,115,3,4,3,0
259,-50.3,38.3,163,9,7,2,0
684,-38.0,194.7,85,14,6,30,0
40,-56.6,105.9,60,9,9,2,0
33,-51.4,487.2,0,167,88,102,1
24,-47.2,67.4,17,100,77,28,1
31,-52.2,676.5,18,109,10,105,1
40,-73.1,80.9,110,6,7,1,0
28,-37.1,416.4,0,90,76,136,1
43,-85.1,109.2,101,4,8,0,0
460,-71.8,66.3,57,6,8,1,0
368,-72.1,63.0,62,3,7,2,0
40,-74.2,192.0,168,8,6,2,0
24,-55.6,221.6,0,111,145,23,1
56,-42.9,557.8,19,110,74,169,1
29,-63.1,420.0,2,86,83,23,1
674,-51.7,235.9,120,67,5,7,0
75,-50.8,227.8,1,67,107,20,1
307,-59.1,48.6,216,7,6,1,0
327,-64.0,102.7,148,3,7,3,0
28,-47.6,411.4,9,15,10,34,1
676,-62.1,14.7,28,7,3,2,0
376,-72.5,132.1,15,9,6,0,0
135,-52.0,200.7,4,125,111,32,1
24,-58.2,421.5,0,70,114,71,1
40,-74.1,92.8,0,4,6,0,0
40,-48.8,21.3,168,5,6,1,0
485,-70.1,143.0,173,2,4,2,0
24,-49.8,410.0,11,179,101,102,1
202,-83.6,63.9,145,7,4,0,0
632,-64.7,84.4,41,8,5,1,0
49,-38.9,354.2,33,193,62,121,1
40,-54.6,58.4,60,7,12,2,0
674,-78.9,68.9,20,7,6,1,0
29,-39.8,465.9,14,89,54,121,1
282,-68.1,153.8,131,6,7,0,0
458,-66.8,106.7,87,4,5,2,0
30,-30.5,366.6,3,68,79,22,1
59,-33.9,471.3,6,44,11,68,1
501,-46.8,71.2,78,11,11,4,0
894,-56.0,87.5,89,2,8,1,0
808,-74.1,166.6,129,6,6,0,0
134,-79.8,61.8,101,6,4,1,0
24,-48.2,204.6,7,118,59,111,1
29,-46.7,609.6,19,26,69,89,1
337,-72.7,45.1,99,5,2,1,0
420,-41.3,93.3,225,6,10,4,0
257,-54.1,326.9,181,75,6,13,0
30,-51.7,265.5,0,86,99,141,1
345,-38.1,54.8,207,5,3,0,0
654,-46.4,57.2,136,9,7,2,0
364,-52.5,41.4,14,2,7,1,0
503,-64.1,144.9,157,7,5,1,0
463,-62.4,138.8,210,6,6,1,0
924,-59.6,63.0,168,6,6,7,0
31,-66.0,340.7,8,93,90,203,1
32,-55.3,448.3,3,101,42,125,1
246,-54.9,31.6,64,5,3,1,0
49,-60.4,464.2,10,144,49,144,1
594,-67.1,40.4,140,9,6,0,0
125,-52.8,157.0,14,102,129,20,1
829,-54.0,214.3,175,57,1,20,0
904,-83.8,61.2,98,6,7,2,1
557,-59.5,22.8,241,8,6,0,0
30,-48.8,449.1,4,20,97,21,1
24,-40.9,343.2,6,90,98,147,1
619,-60.6,4.8,20,10,4,1,0
40,-73.8,141.9,41,6,7,1,0
627,-53.9,125.5,217,3,8,0,0
249,-66.8,267.4,165,7,4,3,0
309,-48.5,205.5,132,6,14,2,0
35,-44.2,140.0,10,99,77,129,1
157,-63.2,98.1,1,63,74,12,1
181,-43.4,59.9,86,6,5,1,0
292,-72.6,41.6,0,4,6,2,0
119,-73.1,15.1,171,7,6,0,0
33,-49.5,376.7,0,85,66,8,1
43,-42.5,351.3,11,151,102,171,1
42,-54.8,509.0,4,81,109,52,1
370,-63.8,172.1,145,8,8,1,0
142,-77.8,82.2,117,9,4,1,0
243,-61.3,108.6,132,9,8,3,0
43,-59.0,230.3,10,107,127,140,1
34,-57.0,163.5,12,117,53,124,1
337,-54.6,65.5,192,6,6,1,0
484,-72.2,46.5,46,5,7,2,0
38,-44.5,319.1,5,16,63,74,1
27,-46.0,429.8,0,103,51,87,1
40,-42.8,82.2,69,8,4,3,0
580,-61.7,91.4,24,5,11,2,1
601,-58.8,60.2,157,9,4,2,0
339,-63.5,59.2,6,3,6,0,0
96,-35.3,238.8,9,122,135,6,1
24,-56.0,376.0,6,106,75,10,1
571,-69.2,67.9,0,7,6,1,0
40,-80.9,99.3,167,8,6,3,0
268,-43.6,44.3,174,1,4,0,0
27,-52.1,444.8,10,103,83,131,1
27,-56.6,272.6,9,69,94,110,1
709,-66.1,147.4,69,8,7,2,0
24,-49.7,181.3,19,60,36,77,1
797,-69.5,127.5,7,5,6,0,1
211,-59.3,82.1,123,5,5,2,1
95,-50.2,159.4,8,167,13,19,1
46,-36.4,375.8,4,123,108,48,0
28,-41.5,428.9,3,140,10,111,1
340,-68.9,57.2,258,8,4,2,0
467,-52.0,52.4,83,4,8,0,0
72,-44.9,86.4,1,127,46,24,1
31,-65.1,357.8,21,104,74,35,1
35,-25.0,350.2,5,96,113,122,1
1313,-82.8,70.1,89,6,4,3,0
33,-53.8,149.4,0,106,10,70,1
628,-71.3,217.9,148,58,3,28,0
61,-45.3,611.6,6,46,76,193,1
1100,-69.5,32.4,157,8,7,1,0
405,-72.5,37.4,111,9,6,0,0
1141,-69.1,153.3,209,9,7,0,0
30,-58.6,106.9,0,73,113,111,1
294,-95.0,119.0,69,7,4,0,0
62,-37.0,79.4,19,95,10,30,1
697,-48.6,56.9,234,5,7,0,0
46,-67.9,572.3,0,33,79,92,1
46,-44.4,553.9,9,153,73,98,1
556,-95.0,213.2,98,72,5,9,0
547,-63.3,35.4,138,4,6,2,0
413,-58.2,293.4,125,37,6,21,0
40,-58.0,107.5,95,5,4,0,0
44,-63.7,590.3,2,39,43,153,1
805,-54.4,144.9,144,7,7,4,0
494,-55.9,57.8,173,6,7,0,0
1040,-50.4,51.0,0,8,3,1,0
225,-43.2,113.5,210,3,3,1,0
27,-58.9,688.2,10,15,47,93,1
38,-50.4,543.6,10,106,10,95,1
44,-57.5,370.6,0,15,26,83,1
40,-39.5,14.7,118,8,6,0,0
975,-70.6,281.7,174,53,7,13,0
434,-54.3,145.3,66,7,4,1,0
49,-60.1,238.5,12,97,97,177,1
41,-43.4,232.6,0,130,86,233,1
341,-68.0,81.2,105,7,5,1,0
706,-55.2,85.5,292,5,4,0,0
639,-51.7,355.7,118,82,4,22,0
549,-63.1,105.6,146,7,6,1,0
37,-59.3,439.0,10,110,59,112,1
559,-60.5,243.4,181,76,7,23,0
443,-75.3,24.7,66,4,4,2,0
24,-60.5,316.0,0,118,114,161,1
40,-74.2,282.4,3,15,135,28,1
40,-61.4,29.4,191,7,7,1,0
849,-67.8,122.1,0,7,7,0,0
40,-50.8,58.7,168,7,5,0,0
32,-68.3,275.0,6,59,78,66,1
686,-52.5,134.0,156,7,8,1,0
517,-60.2,395.0,135,14,9,29,0
704,-52.5,72.1,82,2,6,0,0
44,-35.1,329.4,15,54,46,144,1
40,-53.5,164.1,77,10,6,1,0
451,-81.3,314.9,224,20,4,14,0
829,-62.2,130.5,102,6,8,2,0
598,-65.7,81.4,4,3,8,0,0
30,-67.4,339.4,2,80,88,162,1
59,-42.1,238.4,13,91,63,11,1
507,-60.6,203.1,112,9,6,0,0
24,-42.0,523.1,5,159,82,43,1
1109,-72.2,100.9,182,8,10,3,0
40,-49.9,12.8,52,6,9,0,0
42,-60.5,541.8,11,129,25,89,1
488,-44.9,30.9,34,13,12,1,0
54,-45.9,227.6,6,140,89,14,1
696,-53.4,120.5,82,48,3,8,0
891,-52.1,90.4,18,8,8,0,0
721,-65.1,120.3,174,2,6,1,0
663,-56.6,74.7,68,5,2,1,0
151,-35.4,104.4,51,5,7,3,0
40,-76.7,78.5,36,5,7,4,0
36,-47.8,457.8,13,59,57,121,1
47,-37.4,515.3,17,67,79,219,1
362,-77.0,49.9,120,5,3,0,0
643,-67.5,11.0,89,5,5,1,0
407,-59.4,140.8,103,10,8,2,0
24,-46.9,373.8,0,69,83,87,1
58,-71.4,62.5,0,8,3,3,0
32,-46.9,531.0,13,61,83,192,1
508,-47.2,34.6,88,7,4,1,0
776,-75.2,7.4,203,7,8,0,0
1366,-50.9,257.0,77,8,4,1,0
737,-44.0,94.4,0,9,10,1,0
29,-45.3,243.3,0,62,77,146,1
1511,-44.8,24.3,213,4,5,4,0
660,-54.5,195.8,55,5,6,0,0
44,-43.1,424.2,17,78,16,70,1
42,-33.9,533.1,15,148,79,42,1
530,-63.3,78.3,59,8,4,1,0
32,-53.4,329.6,0,43,109,85,1
29,-69.8,652.4,10,109,57,180,1
199,-58.5,20.0,111,2,10,1,0
818,-33.6,48.9,83,6,8,1,0
445,-51.6,211.0,143,62,6,25,0
678,-56.8,69.4,169,4,11,2,0
40,-55.4,130.9,164,6,5,3,0
35,-32.7,443.6,9,123,27,168,1
38,-57.3,481.1,4,120,55,96,1
24,-54.4,124.4,0,45,52,29,1
43,-49.0,408.5,13,136,55,104,1
38,-46.6,60.0,18,116,60,75,1
39,-44.9,478.9,13,199,78,170,1
28,-31.8,413.5,15,50,121,174,1
813,-36.7,31.9,103,2,4,2,0
225,-55.1,36.9,94,7,5,3,0
47,-50.0,488.3,6,71,126,130,1
452,-72.3,134.0,94,7,6,0,0
759,-67.3,65.2,0,2,5,0,0
24,-53.3,471.5,11,94,36,12,1
24,-61.9,613.0,6,73,71,72,1
47,-55.6,391.8,0,175,10,17,1
25,-33.1,540.8,4,74,103,36,1
168,-59.6,144.7,101,10,5,1,0
24,-55.8,338.6,3,52,76,79,1
543,-55.9,21.6,63,6,4,1,0
28,-58.7,244.5,4,34,43,188,1
31,-52.0,154.1,13,119,133,21,1
55,-79.1,50.8,138,5,9,0,0
107,-76.9,186.0,92,8,9,1,0
50,-39.4,34.7,106,5,16,2,0
125,-55.0,34.7,187,7,7,0,0
738,-77.2,26.8,94,11,6,0,0
44,-62.6,166.1,10,68,57,14,1
31,-47.6,636.7,6,33,152,66,1
31,-33.6,204.6,7,99,89,69,1
530,-49.1,38.4,55,5,8,0,0
24,-42.1,524.6,8,139,100,85,1
36,-62.7,696.5,12,107,166,203,1
100,-80.9,61.1,160,9,4,1,0
775,-68.5,55.4,61,5,6,3,0
669,-56.0,92.8,209,7,5,2,0
40,-63.9,80.1,220,4,2,2,0
852,-59.4,324.3,143,66,5,7,0
531,-83.1,153.3,48,8,3,1,0
24,-36.9,244.0,4,117,86,55,1
789,-62.0,87.1,66,4,5,1,0
152,-67.6,51.0,119,12,3,2,0
57,-52.3,481.7,15,68,42,79,1
930,-38.5,296.1,190,5,5,0,0
40,-72.6,165.2,64,61,5,27,0
745,-47.9,293.8,23,44,8,19,0
31,-42.5,237.6,19,110,25,97,1
1031,-73.0,102.3,255,12,4,0,0
363,-63.7,45.1,111,5,5,1,0
100,-54.6,157.7,4,148,83,18,1
51,-47.7,60.0,3,130,31,100,1
642,-51.7,147.8,70,4,8,0,0
36,-53.1,756.0,9,88,87,197,1
1127,-70.4,185.0,226,7,10,0,0
382,-52.1,27.8,232,6,3,2,0
421,-70.6,26.3,78,4,8,0,0
24,-56.1,433.2,0,126,84,127,1
524,-77.2,40.9,284,7,4,3,0
29,-43.0,208.6,16,73,109,75,1
177,-46.9,30.5,115,5,8,3,0
38,-42.0,88.8,8,131,42,105,1
368,-67.5,105.5,0,8,8,0,0
244,-67.5,122.1,165,9,7,0,0
733,-54.1,63.8,82,7,7,1,0
26,-45.8,211.2,10,172,103,77,1
29,-46.3,116.0,17,140,20,30,1
35,-29.2,430.3,12,66,76,182,1
505,-53.5,39.0,76,8,3,1,0
1311,-59.3,80.0,92,71,4,22,0
755,-72.1,54.8,217,5,10,0,0
40,-76.7,86.5,151,7,9,1,0
329,-64.3,72.8,107,6,6,3,0
1030,-59.6,69.1,116,6,5,1,0
372,-57.9,216.7,148,41,8,24,0
44,-50.3,344.3,23,62,53,194,1
45,-54.0,619.9,8,113,10,120,1
33,-26.8,440.8,13,20,118,75,1
38,-37.2,189.1,0,61,139,55,1
592,-72.7,56.6,66,6,10,0,0
621,-37.3,52.4,114,6,9,1,0
41,-35.0,250.9,18,124,97,70,1
36,-47.5,595.5,14,112,78,177,1
242,-78.8,107.8,5,5,7,0,0
766,-69.5,289.7,22,75,1,13,0
40,-62.1,22.5,67,5,6,0,0
456,-67.7,163.8,117,7,9,0,0
53,-59.9,562.3,0,137,101,196,1
333,-33.6,19.0,148,5,6,1,0
867,-95.0,93.5,131,5,6,0,0
35,-53.9,613.9,10,45,67,95,1
718,-60.5,117.1,80,7,6,1,0
472,-58.7,62.7,147,1,6,2,0
531,-64.7,108.4,201,8,4,2,0
52,-72.7,129.1,11,15,48,9,1
101,-56.2,322.8,30,197,95,10,1
24,-48.5,328.7,4,188,97,31,1
38,-43.8,391.8,6,69,58,104,1
77,-53.8,229.0,7,124,72,14,1
33,-65.7,336.4,0,86,80,137,1
35,-66.6,400.5,0,67,59,92,1
53,-53.7,520.0,12,46,75,160,1
249,-82.0,143.8,160,5,5,1,0
33,-29.4,167.4,0,142,85,125,1
40,-59.4,50.5,109,6,7,1,0
481,-63.3,79.4,77,4,5,2,0
37,-37.7,307.0,0,173,32,199,1
35,-58.4,242.8,5,110,99,127,1
836,-57.7,281.2,111,22,6,12,0
515,-46.5,264.1,186,7,7,2,0
364,-62.7,30.2,129,8,5,1,0
29,-49.2,345.4,10,102,68,157,1
400,-75.4,80.0,26,69,3,13,0
30,-44.9,331.6,11,152,74,113,1
32,-46.9,185.2,4,141,47,98,1
44,-38.6,371.7,14,115,55,225,1
887,-37.9,355.2,172,1,3,2,0
273,-71.7,140.7,83,5,2,1,0
540,-74.6,57.5,66,3,8,1,0
607,-64.5,67.4,45,6,4,1,0
1084,-61.8,56.5,145,4,9,2,0
34,-50.2,182.3,15,153,138,113,1
42,-52.7,370.7,10,50,72,171,1
40,-80.3,10.8,107,10,9,1,0
657,-59.7,80.7,124,8,3,0,0
89,-56.0,140.1,18,79,95,27,1
453,-44.1,118.0,26,7,3,1,0
453,-90.0,21.0,164,4,4,1,1
700,-58.8,79.3,248,6,3,1,0
46,-36.4,524.0,9,122,32,75,1
605,-54.9,49.6,169,11,5,0,0
25,-39.3,220.4,17,27,79,94,1
26,-25.0,224.2,29,143,51,81,1
483,-53.9,15.3,14,5,8,3,0
800,-68.5,55.0,129,5,5,2,0
27,-58.1,394.1,15,79,155,137,1
40,-53.5,72.9,67,5,7,1,0
259,-70.0,27.2,111,5,2,1,0
1105,-76.7,71.4,6,6,9,2,0
145,-76.2,226.6,60,2,4,1,0
26,-59.5,585.2,2,172,83,116,1
66,-41.1,142.5,134,2,3,0,0
67,-47.6,149.5,12,103,56,30,1
635,-68.3,35.0,209,13,4,3,0
428,-64.9,168.6,132,12,9,1,0
25,-53.5,259.5,0,116,138,187,1
445,-69.3,50.8,82,5,8,1,0
712,-73.7,87.8,133,5,5,1,0
146,-45.6,59.8,5,151,80,17,1
600,-76.1,60.8,50,5,5,2,0
476,-66.0,46.3,150,4,7,1,0
38,-62.0,339.6,8,94,149,156,1
120,-46.3,103.9,9,102,97,32,1
484,-69.6,35.2,124,10,6,3,0
30,-46.5,331.4,1,55,83,65,1
402,-54.7,45.0,107,5,7,1,0
490,-70.5,55.4,70,6,4,1,1
87,-45.8,166.8,16,128,44,23,1
419,-70.9,35.2,70,3,6,2,0
683,-74.3,22.6,222,6,5,2,0
24,-43.7,214.8,19,145,131,107,1
268,-78.1,162.2,55,4,10,3,0
24,-36.7,455.0,6,181,87,68,1
24,-40.5,634.8,13,152,79,74,1
43,-34.1,234.2,2,86,69,121,1
731,-57.5,138.2,68,3,7,2,0
84,-41.6,125.1,2,73,55,32,1
789,-78.9,77.4,193,5,7,1,0
40,-43.5,524.3,10,89,79,64,0
41,-38.7,405.7,17,102,82,231,1
306,-56.1,124.6,150,58,8,14,0
32,-42.7,227.5,1,127,48,114,1
115,-59.5,178.0,28,61,98,26,1
534,-62.6,105.3,130,6,5,0,0
54,-59.3,593.4,4,144,36,139,0
41,-41.1,276.3,2,80,12,156,1
806,-54.7,264.8,82,8,10,2,0
910,-79.7,340.1,7,67,5,7,0
31,-36.0,290.2,2,76,37,37,1
794,-47.7,14.8,68,6,5,1,0
1177,-71.1,74.3,123,5,3,1,0
289,-68.0,139.0,100,57,4,19,0
26,-52.5,604.2,13,106,65,127,1
245,-68.9,64.4,0,3,6,0,0
40,-64.4,70.1,41,9,7,0,0
28,-47.9,483.8,18,44,78,61,1
425,-69.8,58.4,163,5,7,0,0
625,-43.3,36.9,88,5,9,0,0
27,-46.6,437.6,4,123,52,77,1
318,-69.9,91.7,35,4,3,2,0
759,-37.1,164.2,161,6,8,0,0
279,-53.0,41.0,15,9,5,1,0
32,-40.8,556.8,0,20,65,94,1
109,-32.6,110.6,8,15,133,15,1
265,-50.1,181.1,93,5,7,0,0
49,-54.9,337.4,9,130,69,94,1
203,-39.8,11.5,88,5,3,1,0
295,-65.2,108.9,131,7,10,2,0
40,-69.0,89.1,113,8,7,0,0
433,-67.4,105.0,134,5,6,0,0
251,-54.5,38.6,70,7,6,4,0
24,-61.1,522.3,20,62,95,8,1
462,-56.5,103.4,25,3,6,1,0
492,-41.3,138.7,224,5,8,3,0
965,-55.2,136.6,22,6,11,2,0
921,-50.4,68.4,93,2,9,0,0
226,-65.0,34.9,126,5,6,3,0
40,-52.3,61.3,224,4,8,2,1
40,-68.0,201.2,139,91,4,22,0
42,-50.3,357.6,21,114,85,120,1
40,-74.1,219.8,18,106,74,176,1
775,-59.6,14.9,155,5,5,1,0
703,-75.6,88.9,198,8,7,1,0
36,-34.1,436.8,18,47,10,126,1
795,-58.5,26.4,72,5,4,1,0
508,-71.4,99.6,93,4,5,1,0
160,-49.3,43.8,103,6,5,2,0
34,-37.9,404.5,10,33,50,45,1
1330,-63.8,34.3,202,8,2,1,0
547,-52.2,234.8,3,39,7,14,0
764,-52.8,26.4,115,6,9,1,0
24,-64.8,486.8,6,102,115,65,1
32,-46.4,167.7,0,96,133,115,1
1107,-58.3,41.1,11,6,8,1,0
524,-38.1,147.3,145,4,9,1,0
887,-50.8,92.7,152,7,7,2,0
804,-63.3,76.3,92,4,7,2,0
300,-55.4,36.6,154,3,5,1,0
24,-37.3,426.9,0,150,54,141,1
545,-73.5,80.1,0,7,3,1,0
1622,-53.1,197.9,132,9,4,2,0
64,-69.6,264.6,185,34,4,12,0
527,-71.4,50.8,33,6,8,0,0
503,-67.1,60.9,199,5,4,0,0
612,-41.8,47.9,71,5,5,1,1
49,-57.8,396.6,12,144,136,145,1
1188,-60.7,72.9,68,2,7,1,0
600,-67.5,23.9,40,11,5,3,0
38,-48.1,419.4,12,163,75,115,1
366,-48.2,93.6,157,7,4,1,0
128,-46.3,113.7,0,15,44,19,1
136,-42.8,53.6,0,39,98,16,1
352,-61.0,27.5,128,3,7,0,0
34,-29.7,245.4,20,92,59,104,1
36,-59.4,403.8,9,75,54,125,1
149,-63.3,84.8,189,7,4,4,0
821,-65.9,59.4,184,11,7,2,0
111,-33.8,145.7,4,45,82,32,1
850,-70.5,64.0,54,3,4,1,0
179,-54.9,294.2,179,47,5,10,0
254,-67.0,52.5,6,8,3,4,0
44,-38.8,483.6,12,59,126,75,1
400,-50.6,189.3,0,5,4,1,0
121,-57.0,129.7,13,107,52,6,1
93,-39.7,78.9,15,107,29,44,1
582,-73.7,33.3,108,11,6,0,0
149,-47.1,99.5,11,150,10,20,1
602,-62.4,114.9,184,5,3,3,0
781,-79.5,269.9,51,26,6,12,0
537,-56.1,35.1,188,12,3,1,0
432,-74.5,116.2,190,3,7,0,0
521,-50.1,31.7,52,5,6,2,1
548,-37.7,43.6,259,3,5,0,0
42,-46.2,485.0,5,216,60,31,1
1192,-44.6,61.9,209,3,4,0,0
40,-56.1,39.6,176,3,4,1,0
525,-64.7,13.8,240,4,9,1,0
307,-79.8,56.5,121,6,6,0,0
710,-32.0,130.1,114,4,8,0,0
40,-65.6,27.9,108,7,7,1,0
921,-74.9,213.3,89,18,8,12,0
808,-49.9,129.5,53,7,5,2,0
437,-60.5,76.7,192,10,5,0,0
37,-51.0,315.9,12,132,138,200,1
901,-68.2,180.5,117,4,5,1,0
259,-51.6,52.5,8,2,6,1,0
24,-50.0,197.5,21,84,51,53,1
331,-55.1,135.3,118,5,6,0,0
495,-86.2,97.9,194,3,8,1,0
30,-43.9,60.0,16,76,40,113,1
24,-62.2,360.6,6,80,49,135,1
933,-67.2,64.8,69,8,6,2,0
24,-59.5,463.3,0,106,17,8,1
46,-51.5,249.9,18,85,101,115,0
683,-50.9,132.4,192,5,7,3,0
40,-82.1,250.6,100,91,6,14,0
35,-34.0,353.8,4,106,82,40,1
45,-48.5,607.5,20,124,139,81,1
40,-77.6,72.5,133,10,8,0,0
32,-40.5,167.9,0,15,56,28,1
207,-65.0,265.9,136,30,9,18,0
457,-63.2,78.4,113,6,8,0,0
40,-68.2,69.9,229,7,5,2,0
24,-39.6,255.6,15,53,31,235,1
36,-42.4,544.4,0,37,25,8,1
744,-60.1,66.3,186,6,4,0,0
913,-63.0,157.8,179,9,8,0,0
807,-58.5,64.9,120,9,5,0,0
395,-50.3,95.4,142,7,10,1,1
605,-39.7,51.5,234,5,4,2,0
607,-86.6,42.9,175,3,12,0,0
602,-66.1,168.6,170,3,5,0,0
485,-58.2,37.9,157,11,8,3,0
38,-63.9,395.9,17,86,46,81,1
645,-92.4,63.1,191,8,6,2,0
40,-32.9,43.1,125,4,9,0,0
186,-65.1,46.3,0,3,4,3,0
57,-48.7,132.8,1,94,17,13,1
32,-33.7,127.9,8,129,135,75,1
593,-67.1,77.7,107,11,7,0,0
324,-50.9,104.4,225,3,3,1,0
538,-68.0,83.1,119,10,6,1,0
72,-25.0,202.9,16,80,77,23,1
42,-39.9,304.3,2,63,32,193,1
483,-52.9,185.3,70,39,9,22,0
98,-43.3,91.8,2,104,57,13,1
672,-50.1,174.3,215,3,4,2,0
42,-35.9,448.5,0,86,130,87,1
32,-41.0,345.0,11,62,133,94,1
73,-45.1,225.9,24,65,87,34,1
168,-47.6,208.1,145,54,9,9,1
640,-88.2,171.2,86,8,4,1,0
794,-70.0,30.1,106,5,5,1,0
320,-55.4,32.5,17,9,5,2,0
1208,-49.8,226.8,49,6,10,0,0
364,-78.1,140.4,142,8,10,1,0
56,-40.3,337.4,0,20,72,108,1
31,-66.0,394.7,9,95,40,142,1
24,-65.1,334.6,10,146,10,110,1
854,-66.6,38.2,163,7,7,2,0
965,-61.9,16.3,131,9,7,1,0
29,-65.0,348.9,9,194,141,128,1
419,-68.0,65.2,205,7,2,2,0
1042,-80.9,259.4,196,47,4,19,0
379,-71.3,80.0,130,62,4,14,0
35,-28.8,141.4,6,59,83,138,1
40,-45.8,65.0,190,6,5,2,0
459,-47.9,15.8,135,7,5,2,0
56,-46.4,164.7,21,44,83,23,1
44,-49.6,564.2,10,138,61,29,1
24,-59.7,323.9,10,15,51,26,1
93,-58.9,140.4,7,15,26,26,1
30,-56.0,485.3,5,87,131,147,1
24,-60.2,243.8,0,122,58,179,1
27,-49.5,345.1,10,137,90,66,1
32,-59.0,138.5,8,118,90,134,1
849,-74.6,35.3,207,4,7,1,0
607,-57.2,53.6,189,7,6,3,0
24,-56.9,128.4,8,112,130,141,1
849,-47.7,50.2,126,3,11,0,0
43,-52.7,379.4,10,15,126,211,1
438,-59.6,328.1,120,54,4,18,0
359,-71.6,191.6,0,1,10,1,0
34,-60.1,424.4,14,126,45,97,1
478,-75.5,29.7,169,3,6,2,1
886,-55.1,99.7,169,3,4,1,0
26,-44.4,576.8,2,78,91,169,1
40,-80.0,19.3,129,7,8,0,0
487,-61.2,77.5,47,4,2,2,0
128,-66.8,183.6,1,54,102,22,1
24,-60.9,455.5,2,96,69,124,1
24,-49.5,479.6,0,71,23,68,1
30,-26.1,379.9,27,67,40,8,1
1442,-58.5,27.6,117,12,4,3,0
40,-58.4,108.7,126,6,7,0,0
649,-64.3,226.1,63,76,2,18,0
351,-39.9,144.8,135,8,6,1,0
24,-54.3,507.2,12,136,72,171,1
39,-57.7,624.1,7,138,10,123,1
38,-35.9,360.9,11,33,16,82,1
107,-60.0,44.1,165,6,5,1,0
1124,-60.9,43.2,105,6,7,3,0
40,-56.7,84.2,120,7,4,1,0
660,-62.4,36.2,25,8,4,1,0
183,-43.6,188.2,11,87,99,19,1
778,-94.9,82.7,75,3,11,1,0
1187,-45.7,62.5,38,6,7,1,0
24,-41.1,271.3,6,122,132,86,1
510,-60.4,364.8,90,40,5,33,0
84,-31.7,220.2,0,76,77,36,1
808,-66.6,122.5,85,11,5,0,0
463,-87.9,21.4,99,4,4,0,0
40,-64.2,75.0,83,6,11,2,0
266,-50.4,48.0,194,6,8,1,0
56,-46.2,406.3,4,89,131,75,1
481,-45.4,14.0,85,4,3,0,0
40,-83.1,44.7,254,8,6,2,0
122,-66.9,127.4,131,5,3,0,0
927,-47.4,70.7,136,4,4,2,0
100,-43.8,155.0,0,31,74,26,1
27,-49.3,321.2,8,142,106,151,1
69,-46.2,88.6,79,8,3,0,0
40,-66.0,56.0,201,12,3,1,0
578,-72.1,326.7,84,45,4,6,0
904,-51.0,72.6,27,8,9,1,0
783,-93.2,225.5,166,2,11,1,0
40,-49.3,236.0,0,145,52,109,1
961,-43.8,42.2,80,8,10,2,0
96,-71.7,106.8,226,8,3,1,0
1179,-60.1,63.9,137,7,10,3,0
794,-78.1,18.5,0,5,6,1,0
431,-60.0,26.8,78,8,2,0,0
387,-57.7,243.8,159,10,8,1,0
24,-50.5,347.1,17,57,130,108,1
40,-65.8,197.0,41,39,7,15,0
24,-41.2,295.8,7,103,41,134,1
74,-63.2,158.2,5,102,164,25,1
24,-35.7,566.5,11,135,64,90,1
91,-63.6,159.0,9,113,15,26,1
712,-68.3,98.5,170,5,5,3,0
217,-69.8,46.0,127,8,3,1,0
620,-40.7,64.1,57,1,3,1,0
24,-44.9,466.5,11,143,111,164,1
523,-72.1,48.2,129,9,3,3,0
856,-83.2,197.7,144,5,4,2,0
542,-52.1,130.8,47,16,8,3,0
24,-42.6,185.2,0,131,26,87,1
140,-53.7,70.5,17,129,13,16,1
775,-28.0,77.7,0,9,12,2,0
784,-38.8,147.0,195,3,7,1,0
170,-47.5,71.3,6,85,105,20,1
39,-29.8,397.7,22,125,124,76,1
1226,-57.7,173.2,130,5,10,2,0
642,-71.1,3.5,137,5,4,1,0
661,-65.0,304.3,108,12,7,23,0
103,-48.5,123.5,15,183,10,31,1
29,-59.9,198.4,0,51,89,175,1
29,-47.6,419.8,1,136,101,109,1
93,-36.2,228.3,15,15,98,19,1
234,-54.9,7.0,66,7,11,0,0
929,-64.9,231.0,118,5,5,0,0
652,-44.3,98.7,125,12,7,2,0
35,-45.2,421.1,7,169,80,127,1
31,-36.8,235.8,18,83,93,88,1
47,-43.5,225.8,4,63,42,153,1
592,-72.8,75.7,42,2,4,1,0
24,-41.9,92.6,9,163,75,236,1
78,-40.5,235.5,14,120,69,18,1
24,-55.2,341.5,9,64,47,61,1
939,-60.0,114.9,34,8,4,1,0
171,-70.2,148.4,142,5,5,1,0
292,-63.6,118.1,126,1,4,1,0
49,-54.5,410.0,1,15,72,112,1
40,-69.7,33.1,191,14,1,1,0
40,-65.0,41.0,149,6,5,0,0
617,-40.2,53.9,179,4,6,1,0
738,-52.3,26.0,60,4,3,0,0
922,-59.6,91.3,173,5,8,1,0
464,-48.3,19.6,211,5,8,1,0
677,-65.7,60.6,118,4,9,2,0
828,-58.6,63.3,145,3,6,1,0
799,-28.0,67.3,29,5,11,1,0
24,-56.8,386.4,2,123,14,64,1
712,-72.8,147.9,0,5,4,1,0
498,-64.1,342.7,146,71,7,11,0
584,-73.4,85.5,203,6,6,1,0
35,-34.1,413.5,13,20,10,102,1
32,-31.8,377.1,0,142,90,80,1
79,-57.5,118.2,10,36,66,6,1
520,-56.9,90.8,0,9,5,1,0
440,-62.4,392.9,103,42,6,17,0
211,-44.1,255.8,79,21,7,9,0
232,-53.3,91.6,132,5,6,0,0
527,-87.9,161.2,122,4,4,0,0
24,-60.0,158.7,13,50,62,37,1
35,-63.0,500.2,15,99,105,66,1
56,-52.1,105.4,14,134,102,165,1
570,-66.3,88.6,90,10,8,1,0
1033,-59.5,76.5,77,7,2,0,0
435,-79.9,42.3,123,5,6,0,0
236,-44.0,93.4,114,9,3,2,0
46,-58.5,318.2,7,89,10,129,1
56,-37.4,275.6,5,87,120,70,0
610,-52.7,15.7,41,2,6,2,0
558,-54.7,107.4,144,8,5,2,0
40,-83.6,152.6,96,3,9,1,0
40,-66.2,98.2,208,6,9,0,0
709,-56.7,95.3,141,2,8,0,0
245,-84.7,66.4,114,9,2,2,0
1094,-61.5,85.3,18,11,8,3,0
35,-66.0,254.7,0,73,62,8,1
749,-62.1,52.3,157,7,5,1,0
915,-44.0,181.4,72,6,4,1,0
610,-74.5,27.5,81,4,6,1,0
40,-56.0,353.4,5,92,40,102,1
52,-27.2,265.2,3,128,39,191,1
386,-49.6,81.3,38,7,6,3,0
465,-31.8,154.6,115,3,10,1,0
24,-31.4,496.2,13,195,36,63,1
644,-52.7,70.1,247,8,3,1,0
24,-25.0,75.5,8,77,108,31,1
42,-49.9,362.3,8,136,149,56,1
31,-30.9,452.7,15,90,67,135,1
377,-66.8,51.8,236,7,5,0,0
24,-48.3,361.8,0,30,79,155,1
24,-52.5,611.6,12,77,52,122,1
38,-45.4,287.9,11,52,10,164,1
361,-71.6,14.6,134,6,7,1,0
273,-69.5,280.0,27,61,6,14,0
903,-89.0,63.6,151,4,4,4,0
37,-35.1,138.0,1,70,41,157,1
40,-68.3,23.2,244,11,5,3,0
24,-46.2,333.1,7,116,59,99,1
631,-45.3,110.7,67,6,8,2,0
40,-72.5,268.0,7,119,10,234,1
35,-49.0,313.4,1,106,58,127,1
40,-55.2,66.3,0,5,7,2,0
53,-46.1,228.7,6,60,110,196,1
517,-82.1,63.9,122,1,8,0,0
33,-47.5,282.3,5,70,65,47,1
164,-37.9,40.0,0,107,10,11,1
24,-50.6,397.9,0,90,125,52,1
662,-55.7,94.8,153,9,6,0,0
51,-50.7,395.3,5,219,46,247,1
174,-83.7,117.8,56,6,4,0,0
393,-78.6,66.9,135,11,5,1,0
24,-36.8,374.8,0,101,206,129,1
391,-76.8,156.3,170,3,5,0,0
28,-44.6,119.0,8,15,10,74,1
1073,-95.0,23.6,178,8,7,0,0
24,-44.2,670.3,8,107,90,169,1
498,-56.9,175.9,71,10,6,11,0
59,-62.1,22.3,41,4,5,3,0
100,-59.9,239.9,0,133,71,21,1
24,-51.5,383.4,20,132,85,210,1
153,-67.3,187.7,96,10,6,20,0
355,-80.2,189.6,296,71,5,23,0
310,-55.9,66.8,221,4,4,0,0
40,-50.0,291.4,145,57,8,8,0
46,-62.8,393.0,17,203,92,85,1
814,-62.5,79.3,128,5,4,1,0
24,-59.9,523.8,12,124,133,97,1
24,-44.5,219.5,10,96,79,28,1
42,-40.0,555.9,6,79,127,156,1
158,-70.0,39.5,80,7,8,2,0
205,-64.4,97.1,90,31,10,30,0
24,-42.6,555.5,8,168,14,57,1
41,-40.8,322.9,17,128,29,37,1
40,-48.3,9.2,64,7,10,1,0
49,-50.7,461.6,0,84,54,56,1
773,-48.4,325.1,28,48,7,9,0
38,-77.5,111.7,19,107,99,130,1
538,-54.9,75.4,75,6,6,0,0
125,-57.5,97.2,62,8,8,0,0
489,-69.4,80.4,50,4,7,0,0
91,-67.4,173.0,9,154,169,21,1
24,-39.2,436.2,11,125,133,8,1
329,-60.2,177.3,106,4,8,0,0
82,-41.5,121.6,12,61,76,41,1
42,-40.9,254.6,17,96,99,162,1
293,-83.3,72.5,156,8,6,0,0
368,-40.4,60.5,131,9,7,2,0
87,-46.4,100.7,8,121,109,25,1
62,-55.1,37.6,59,4,2,0,0
595,-47.9,281.0,87,78,4,16,0
28,-35.0,142.9,7,70,10,23,1
313,-56.8,170.3,110,7,2,1,0
556,-63.5,39.4,92,9,6,1,1
66,-51.9,422.8,6,15,73,38,1
704,-79.5,145.1,259,4,8,1,0
27,-42.2,260.0,6,40,47,79,1
825,-65.6,34.0,180,7,4,0,0
239,-55.4,79.2,0,1,3,2,0
787,-41.6,19.5,178,4,6,1,0
632,-95.0,14.0,154,6,6,1,0
422,-77.4,51.4,115,8,2,1,0
487,-44.2,96.4,132,10,4,0,0
28,-48.4,611.0,0,65,43,157,1
36,-57.0,421.5,8,102,61,93,1
313,-71.3,215.7,184,29,4,20,0
800,-55.6,77.0,84,6,3,1,0
40,-62.5,72.5,151,3,8,2,0
801,-67.0,18.0,115,7,5,2,0
49,-56.4,419.8,4,78,119,75,1
737,-39.4,115.3,120,11,8,1,0
1005,-68.8,70.2,103,6,10,1,0
875,-45.0,218.9,171,36,3,9,0
342,-44.8,217.1,99,6,4,1,0
659,-69.8,37.1,81,7,7,3,0
42,-36.4,291.5,0,57,66,50,1
1013,-74.7,41.5,127,9,9,0,0
652,-73.9,226.9,55,6,6,2,0
660,-69.5,86.5,108,8,6,1,0
24,-52.4,169.2,0,139,97,158,0
47,-57.7,176.4,7,47,10,145,1
27,-44.3,312.9,9,60,102,150,1
142,-48.4,207.4,4,57,23,27,1
664,-50.8,24.8,144,6,3,0,1
40,-56.3,129.6,32,4,8,1,0
249,-93.5,304.3,119,4,3,1,0
925,-53.9,9.7,88,6,4,1,0
984,-80.1,119.9,242,4,3,0,0
34,-39.2,573.7,0,112,49,132,1
726,-63.4,62.7,183,4,4,2,0
33,-38.9,301.6,0,27,77,81,1
31,-50.3,314.8,22,140,53,88,1
24,-49.8,425.3,0,74,114,33,1
206,-56.0,233.2,153,6,8,2,0
34,-36.6,351.7,0,118,40,159,1
31,-46.0,290.6,5,100,81,161,1
40,-57.1,63.3,54,12,5,0,0
487,-72.4,146.6,49,9,2,0,0
701,-88.9,46.6,178,10,10,2,0
222,-60.3,45.2,175,11,7,1,0
1159,-73.9,84.7,126,5,7,1,0
25,-66.7,529.7,8,182,21,84,1
119,-45.7,173.9,12,76,57,27,1
32,-27.3,114.0,17,124,10,186,1
41,-48.5,356.2,0,99,167,103,1
295,-63.6,76.4,129,5,5,1,0
24,-65.0,288.8,13,23,19,76,1
353,-68.7,200.6,125,8,8,0,0
38,-42.3,494.1,17,46,26,86,1
573,-45.3,119.0,113,9,6,0,0
34,-47.6,75.7,14,154,131,242,1
433,-72.4,47.0,164,4,7,1,0
449,-59.8,63.3,23,7,6,2,0
40,-54.3,61.3,128,7,4,0,0
1072,-36.3,23.4,45,5,5,1,0
56,-64.1,77.9,22,64,75,87,1
532,-72.3,78.0,115,6,5,0,0
40,-46.8,378.4,20,29,67,94,1
107,-67.3,189.4,0,26,10,25,1
110,-46.2,217.0,10,76,81,31,1
113,-55.4,189.3,0,71,69,17,1
894,-59.8,228.2,117,29,5,24,0
76,-70.2,263.2,5,134,42,16,1
24,-54.8,538.6,4,71,140,193,1
24,-57.8,211.2,5,42,112,133,1
46,-51.7,239.2,2,130,135,173,1
38,-49.6,375.9,3,52,85,93,1
28,-59.3,291.8,0,134,146,150,1
336,-71.7,35.2,75,1,9,3,0
869,-47.5,119.8,0,4,6,1,0
35,-53.3,557.7,15,124,10,70,1
307,-59.3,68.9,166,6,6,0,0
269,-59.4,19.5,118,6,11,1,0
908,-41.6,190.0,73,4,6,3,0
630,-74.5,50.1,56,13,5,0,0
651,-61.9,154.3,211,6,7,2,0
388,-69.8,8.7,119,4,7,3,0
1122,-83.2,16.2,0,5,9,1,0
837,-75.5,322.8,67,51,4,26,0
887,-52.2,123.1,37,4,6,1,0
493,-73.3,45.0,223,5,4,1,0
649,-70.2,77.0,159,6,3,3,0
194,-81.6,103.2,188,8,8,1,0
367,-46.0,142.4,84,5,9,1,0
40,-80.0,127.7,34,6,4,2,0
232,-71.6,63.8,120,4,7,3,0
40,-79.3,56.6,101,8,7,0,0
50,-41.5,690.1,15,152,114,28,1
179,-56.2,30.4,120,4,7,1,0
46,-54.4,251.1,0,75,57,15,1
94,-60.0,174.3,4,125,58,18,1
674,-41.6,34.2,129,7,1,2,0
736,-50.4,57.7,113,7,6,0,1
41,-41.3,268.4,17,129,70,145,1
128,-44.3,164.7,10,174,88,19,1
508,-43.0,125.0,114,7,7,0,0
164,-58.4,94.4,13,72,64,12,1
32,-59.8,60.0,16,87,42,47,1
24,-50.5,357.2,5,32,56,84,0
26,-25.0,651.8,12,33,110,79,1
937,-45.9,67.0,178,3,4,2,0
44,-51.6,376.8,13,83,108,113,1
24,-46.2,309.4,0,72,46,75,1
568,-69.9,349.5,135,43,12,19,0
490,-59.3,31.4,82,10,8,3,0
36,-39.6,246.7,15,69,10,118,1
26,-29.3,245.3,0,23,85,91,1
513,-69.0,98.8,211,6,12,2,0
57,-40.1,327.8,10,25,62,30,1
48,-47.3,518.9,18,126,113,10,1
706,-62.4,86.9,10,8,2,1,0
668,-46.2,118.4,66,9,7,2,0
422,-48.6,78.4,75,5,5,3,0
467,-62.9,19.7,121,9,7,0,0
625,-52.8,199.6,10,8,5,1,0
438,-54.5,52.4,143,2,2,2,0
26,-63.2,267.7,0,137,88,87,1
60,-61.8,392.1,20,114,57,127,1
29,-37.5,525.6,0,20,76,122,1
27,-36.1,319.7,9,69,95,8,1
169,-48.3,80.9,164,4,6,0,0
134,-54.4,147.5,2,130,69,30,1
24,-31.0,440.1,6,136,78,215,1
26,-56.3,367.4,10,56,46,94,1
30,-68.9,210.8,5,181,22,137,1
24,-46.7,592.6,16,119,76,82,1
27,-38.5,398.3,0,47,50,89,1
51,-43.9,323.0,12,79,67,94,1
831,-70.1,119.7,143,20,6,8,0
370,-57.7,111.7,108,11,7,1,0
40,-32.5,233.4,164,5,10,1,0
401,-86.9,79.1,0,7,6,1,0
1252,-53.3,43.7,214,10,4,1,0
98,-53.6,160.5,13,79,16,20,1
126,-61.4,77.8,249,6,4,1,0
24,-40.4,431.7,14,134,10,8,1
179,-74.0,86.8,72,7,8,0,0
273,-54.3,22.3,194,7,4,0,0
35,-50.0,493.7,17,45,73,98,1
784,-75.5,109.1,119,3,9,3,0
41,-50.8,755.7,14,105,99,108,1
29,-43.3,147.7,11,56,98,30,1
206,-71.1,63.0,116,6,5,2,0
512,-42.0,84.7,167,6,5,2,0
265,-64.9,5.1,8,7,4,2,0
41,-64.0,389.2,0,92,10,95,1
539,-82.3,44.7,50,9,2,1,0
476,-76.5,166.3,71,9,5,0,0
26,-54.7,325.4,0,117,40,211,1
399,-83.6,77.9,92,5,3,1,0
517,-77.9,117.7,51,7,7,2,0
980,-56.8,34.1,65,5,1,3,0
37,-57.6,572.3,15,62,111,65,1
40,-58.4,211.6,189,1,4,1,0
62,-64.0,301.6,25,170,49,140,1
1147,-47.3,77.0,0,8,9,2,0
693,-77.8,78.6,164,8,8,0,0
24,-27.2,308.0,13,15,80,103,1
24,-43.4,304.0,4,94,77,50,1
650,-43.0,87.2,46,7,5,3,0
717,-79.6,278.4,82,62,6,17,0
232,-56.3,44.5,93,1,4,1,0
451,-57.5,75.1,196,5,7,1,0
930,-68.5,63.5,92,3,7,0,0
33,-32.0,391.0,10,55,64,70,1
630,-51.8,45.9,139,8,7,1,0
92,-52.1,187.2,8,126,49,10,1
31,-46.6,518.5,5,69,125,125,1
45,-59.7,140.6,3,71,25,152,1
40,-59.6,41.5,117,8,6,0,0
40,-67.9,134.1,43,5,7,3,0
924,-64.4,392.9,93,60,7,9,0
946,-80.0,239.6,132,8,2,1,0
40,-63.1,55.3,261,3,4,2,0
51,-36.3,436.4,3,169,24,169,1
891,-64.8,41.7,145,7,3,0,0
25,-41.4,230.1,0,42,133,88,1
44,-72.8,282.7,3,90,70,183,1
109,-56.1,128.7,1,142,83,16,1
157,-44.8,111.8,6,153,68,6,1
33,-55.2,390.8,4,53,10,27,1
816,-50.6,68.9,177,6,5,2,0
1248,-57.5,57.0,74,5,9,1,0
24,-43.8,427.5,19,15,110,77,1
24,-44.6,359.2,19,70,91,117,1
40,-60.1,38.7,105,1,4,3,0
283,-48.0,353.7,89,43,4,13,0
1278,-65.0,157.0,0,7,5,0,0
35,-29.2,491.2,6,110,24,136,1
1213,-63.0,92.5,50,8,11,2,0
363,-56.7,99.5,48,9,5,2,0
1122,-69.9,72.2,121,3,3,0,0
33,-48.7,381.5,24,75,95,100,1
654,-65.4,141.9,114,45,5,28,0
879,-68.0,93.5,64,3,7,3,0
783,-52.2,125.8,127,8,7,2,0
250,-35.0,89.7,150,8,3,1,0
40,-80.8,308.8,92,67,7,34,0
286,-66.3,139.9,138,7,4,5,0
583,-75.0,38.6,89,5,6,1,0
883,-70.9,363.8,117,26,2,22,0
42,-69.7,514.0,18,135,71,133,1
37,-39.1,292.2,13,65,96,62,1
1020,-85.5,97.9,58,6,2,1,0
40,-66.1,19.7,159,8,10,0,0
733,-64.4,338.6,116,36,5,19,0
410,-60.7,68.0,8,8,9,1,0
613,-74.8,116.8,175,4,10,1,0
324,-68.0,115.0,227,2,6,3,0
669,-60.2,63.6,34,4,5,3,0
38,-32.5,586.6,24,94,88,155,1
902,-56.2,19.6,221,7,6,2,0
24,-41.1,455.5,5,134,100,82,1
34,-49.1,456.9,0,56,171,51,1
601,-64.8,130.8,197,10,6,1,0
39,-50.1,102.7,5,105,84,14,1
257,-64.9,85.3,41,5,4,0,0
44,-53.6,288.4,10,26,83,80,1
484,-52.1,36.2,205,11,6,1,0
119,-49.3,46.7,184,10,4,3,0
25,-42.7,599.5,0,87,110,32,1
385,-68.1,304.6,114,61,8,20,0
40,-72.8,70.1,186,3,6,1,0
40,-64.6,90.5,91,3,2,1,0
101,-48.8,148.9,9,153,56,25,1
611,-84.2,98.0,133,6,5,2,0
388,-44.2,129.4,112,7,11,2,0
921,-43.9,92.1,152,6,7,0,0
652,-57.9,84.0,75,2,6,1,0
52,-59.1,608.4,9,98,26,13,1
794,-52.5,68.3,49,6,4,0,0
557,-55.2,12.4,93,5,6,2,0
643,-45.5,62.6,278,7,9,0,0
149,-33.5,135.5,0,78,51,32,1
212,-62.6,46.8,45,9,6,0,0
24,-65.3,297.9,18,149,98,116,1
1302,-42.9,45.8,43,5,3,0,0
28,-53.1,459.2,1,73,61,170,1
1006,-51.2,79.8,34,4,5,5,0
88,-55.0,80.2,10,50,127,33,1
726,-51.4,86.7,26,4,2,2,0
572,-54.5,37.7,106,2,8,0,0
503,-78.2,112.4,149,2,7,0,0
40,-73.3,43.5,43,6,5,1,0
38,-35.6,319.6,14,134,46,132,1
105,-40.4,77.5,2,146,114,26,1
38,-28.3,287.6,0,71,10,19,1
985,-84.8,58.6,71,4,8,1,0
40,-82.3,157.7,55,8,12,2,0
380,-62.9,63.4,118,14,11,0,0
31,-42.2,213.2,22,29,125,93,1
305,-64.2,110.6,149,5,7,0,0
1127,-62.8,224.6,148,29,7,13,0
616,-50.7,83.0,34,4,3,0,0
160,-63.3,66.6,165,5,7,3,0
473,-57.2,70.0,108,7,4,1,0
30,-51.4,429.1,5,211,71,115,1
240,-62.9,41.8,57,8,6,1,0
616,-78.4,47.8,149,5,8,0,0
186,-69.4,36.7,220,5,7,0,0
43,-54.3,548.2,10,84,72,69,1
37,-70.2,633.9,5,128,25,146,1
44,-52.9,465.9,13,53,10,192,1
25,-36.8,263.2,18,94,126,121,1
24,-41.4,386.4,10,15,77,153,0
25,-50.4,470.3,2,52,110,157,1
34,-55.6,158.4,19,159,15,127,1
27,-33.1,459.2,7,15,158,175,1
324,-66.0,97.7,290,5,7,3,0
24,-46.5,534.7,12,101,58,83,1
30,-39.8,327.7,7,27,59,139,1
45,-50.8,327.5,0,139,95,49,1
958,-57.4,29.8,139,3,3,0,0
27,-43.0,525.2,2,137,55,117,1
246,-51.7,62.5,131,4,4,1,0
261,-67.5,224.7,19,37,8,13,0
174,-36.8,140.7,0,49,86,15,1
782,-42.1,85.3,128,4,4,1,0
359,-49.4,110.2,93,8,8,3,0
414,-56.0,8.5,147,6,2,0,0
964,-61.5,50.2,309,7,4,1,0
432,-68.1,272.4,193,5,5,0,0
589,-53.5,34.5,45,7,7,0,0
1021,-65.3,216.7,148,63,9,11,0
41,-49.9,494.8,3,26,83,134,1
25,-42.4,371.8,13,32,71,146,1
311,-47.6,222.3,115,62,7,18,0
40,-67.9,39.7,120,9,4,0,0
55,-56.5,338.9,14,87,56,113,1
501,-58.7,123.7,105,9,8,2,0
497,-66.6,50.4,35,6,5,1,0
701,-70.8,187.9,120,4,5,2,0
438,-61.2,55.8,103,9,4,0,0
116,-45.0,204.3,7,151,21,21,1
40,-58.3,107.5,84,3,9,1,0
574,-77.5,40.1,87,7,5,0,0
875,-81.3,372.9,283,78,6,19,0
677,-49.1,105.9,125,6,7,2,0
40,-56.4,39.2,124,3,9,2,0
1031,-75.3,53.1,133,8,6,1,0
529,-72.4,35.9,152,5,7,3,0
53,-29.5,118.0,23,15,125,29,1
540,-67.3,27.8,166,11,3,0,0
548,-71.9,80.1,29,11,8,1,0
40,-40.1,316.3,9,102,101,103,1
412,-54.4,239.1,37,53,10,21,0
30,-63.5,497.9,0,76,57,82,1
666,-70.6,32.5,99,5,6,1,0
1039,-79.9,37.8,192,4,1,1,0
34,-55.3,366.9,36,17,10,157,1
645,-66.1,4.5,263,7,4,1,0
107,-54.6,278.7,13,123,10,28,1
44,-49.0,318.4,22,179,62,98,1
365,-48.0,116.7,155,4,3,1,0
1122,-67.1,33.3,161,8,7,3,0
1158,-77.1,253.1,169,68,6,18,0
535,-76.7,180.9,171,19,8,35,0
757,-72.7,413.9,242,49,7,23,0
505,-44.7,101.8,62,4,2,1,0
512,-43.0,33.6,162,8,9,2,0
40,-62.1,39.8,89,8,9,2,0
102,-62.8,120.3,14,163,10,31,1
41,-42.9,501.9,5,143,58,73,1
572,-71.2,54.7,300,6,6,2,1
654,-73.0,32.2,104,8,8,1,0
474,-60.3,99.0,167,7,3,3,0
907,-60.4,152.0,0,4,5,1,0
49,-57.0,286.4,1,176,66,181,1
168,-85.9,108.4,41,7,10,0,0
42,-56.3,359.7,2,55,94,59,1
470,-56.9,58.7,154,4,7,1,0
308,-61.9,63.2,167,5,9,3,0
86,-47.4,140.6,7,151,75,12,1
663,-68.2,15.5,83,8,14,1,0
40,-48.7,597.2,14,114,107,203,1
199,-54.2,138.9,123,5,4,1,0
43,-62.2,638.9,14,52,100,129,1
1170,-59.4,12.3,112,8,4,0,0
594,-62.8,14.7,74,3,7,1,0
59,-54.3,203.7,12,56,94,30,1
394,-62.2,110.0,78,7,7,1,0
39,-42.8,314.5,6,83,95,130,1
232,-64.6,83.6,11,9,5,3,0
749,-77.0,82.2,70,9,10,1,0
544,-36.9,85.0,110,5,10,1,0
493,-55.1,3.5,102,8,4,1,0
555,-56.7,39.9,128,7,4,3,0
43,-61.0,409.4,10,95,65,111,1
178,-52.5,162.8,184,36,2,9,0
36,-44.7,505.5,4,74,55,90,1
508,-79.7,50.1,85,5,2,0,0
24,-68.5,381.8,0,65,79,166,1
612,-55.4,115.7,235,8,5,3,0
40,-45.3,140.0,146,7,10,0,0
37,-46.8,471.9,9,176,79,136,1
34,-45.8,684.0,2,103,10,183,1
44,-26.0,744.6,0,83,15,172,1
32,-53.1,368.7,12,48,108,244,1
62,-42.7,72.5,0,69,164,25,1
39,-56.1,475.4,9,144,100,80,1
492,-71.3,59.9,85,6,8,2,0
428,-55.1,130.9,140,6,5,2,0
468,-62.0,212.3,48,8,8,0,0
728,-52.5,187.1,10,7,5,3,0
38,-56.7,567.2,0,167,51,47,1
294,-59.6,106.2,130,8,5,2,0
639,-70.4,141.1,207,4,10,2,0
24,-60.4,425.7,14,27,137,92,1
670,-65.5,360.5,186,38,5,21,0
69,-61.1,426.9,4,148,106,136,1
428,-35.3,57.4,74,5,9,0,0
320,-61.9,54.4,119,8,11,0,0
41,-29.1,221.5,3,114,73,113,1
34,-36.9,280.7,18,133,62,15,1
813,-31.4,37.3,61,11,8,0,0
68,-66.2,143.9,0,116,84,26,1
214,-52.6,327.3,77,40,4,24,0
156,-47.9,289.6,161,31,5,14,0
32,-44.4,340.1,15,55,76,79,1
475,-74.7,41.1,95,5,4,2,0
24,-47.5,450.4,0,181,107,123,1
184,-57.5,34.3,129,12,6,1,0
40,-61.1,15.5,156,8,2,0,0
672,-61.2,149.7,0,5,10,1,0
39,-52.2,168.6,0,80,43,101,1
649,-58.1,12.7,38,9,2,1,0
428,-71.4,242.7,133,69,5,16,0
905,-55.1,42.6,204,2,9,2,0
82,-58.3,95.9,0,72,142,13,1
257,-64.5,45.2,220,8,4,1,0
618,-74.1,35.7,49,6,7,2,0
37,-49.7,390.6,6,83,62,141,1
858,-71.8,48.2,238,9,7,0,0
24,-35.9,562.9,16,51,80,30,1
304,-52.6,59.4,230,3,10,0,0
393,-81.0,239.6,58,5,6,0,0
439,-63.1,249.1,117,54,7,15,1
24,-53.7,531.0,5,163,32,95,1
29,-59.0,212.5,1,115,100,120,1
1145,-68.4,38.2,112,9,3,0,0
43,-54.2,148.1,1,115,58,163,1
531,-61.9,65.0,122,2,2,2,0
483,-83.5,60.9,290,2,8,1,0
825,-90.6,71.6,66,10,5,4,0
464,-60.2,46.7,236,4,7,0,0
462,-69.3,87.2,138,3,5,2,0
117,-26.7,40.0,23,209,10,17,1
34,-54.9,375.1,9,26,49,145,1
574,-70.6,37.0,204,4,7,0,0
24,-48.9,413.8,16,26,66,24,1
37,-55.6,538.2,10,103,20,115,1
25,-48.4,362.7,13,98,76,203,1
45,-59.8,21.1,18,10,5,0,0
41,-48.9,430.1,13,67,48,181,1
26,-46.2,426.5,13,141,59,9,1
46,-41.5,289.5,4,135,76,108,1
1082,-53.8,102.4,116,4,2,0,0
176,-62.0,141.2,31,40,5,21,0
336,-49.4,194.3,30,5,5,1,0
500,-41.9,131.6,42,11,6,2,0
552,-78.9,28.6,57,2,3,0,0
40,-52.1,33.3,87,16,4,0,0
40,-36.8,121.3,100,9,6,3,0
471,-63.4,279.0,155,8,9,0,0
926,-74.3,157.0,128,4,5,1,0
600,-54.9,31.0,238,6,8,1,0
90,-33.6,247.9,4,94,10,20,1
24,-52.7,319.4,15,125,108,268,1
410,-40.4,16.2,84,5,6,0,0
305,-67.3,104.2,63,9,5,1,0
40,-54.6,59.2,166,6,6,0,0
42,-59.5,122.6,0,12,5,3,0
400,-54.4,100.9,80,3,9,1,0
24,-50.9,193.1,6,63,10,18,1
636,-52.8,83.6,41,8,6,1,0
322,-34.3,117.5,20,7,7,0,0
336,-61.0,75.9,147,6,5,1,0
137,-56.5,182.0,6,126,80,19,1
728,-61.0,82.2,62,5,11,1,0
391,-78.8,59.0,81,5,3,2,0
358,-65.5,26.0,186,2,7,0,0
40,-45.6,19.6,91,5,10,3,0
94,-46.8,199.5,330,9,7,1,0
422,-63.6,28.9,69,4,8,1,0
407,-69.5,38.3,44,8,11,0,0
1127,-47.0,155.8,56,9,7,1,0
24,-40.1,115.5,6,177,44,126,1
44,-70.3,366.3,13,25,95,100,1
24,-49.4,451.2,0,89,123,69,1
131,-67.3,62.5,5,73,67,13,1
406,-70.1,162.0,201,5,6,4,0
775,-66.5,77.5,119,1,8,0,0
62,-40.3,186.3,5,73,44,16,1
767,-67.4,16.6,121,9,3,2,0
88,-25.0,225.2,10,95,73,20,1
25,-37.0,248.3,0,120,66,76,1
545,-53.6,88.6,60,9,5,1,0
659,-64.7,157.4,32,7,4,2,0
626,-79.7,33.8,133,5,7,1,0
40,-75.0,48.8,150,8,6,1,0
47,-44.9,470.0,29,186,113,184,1
24,-46.9,286.4,9,69,118,125,1
24,-42.1,127.4,8,136,31,14,1
768,-78.4,104.2,84,7,7,2,0
47,-40.6,306.2,26,38,54,128,1
31,-48.7,284.6,10,93,10,106,1
580,-71.9,8.1,150,6,6,1,0
677,-58.8,37.9,59,6,10,1,0
689,-52.5,120.0,140,9,5,2,1
169,-65.9,154.3,218,6,6,1,0
146,-53.0,103.8,9,97,88,36,1
723,-64.7,296.3,122,10,5,31,0
427,-55.7,461.6,38,77,7,21,0
27,-64.3,290.8,2,88,53,66,1
40,-65.4,70.5,0,5,2,2,0
377,-64.1,347.6,138,32,5,18,0
815,-87.4,143.2,46,8,2,1,0
645,-57.0,41.3,141,5,8,0,0
195,-51.3,107.9,72,6,8,4,0
716,-67.4,51.0,199,6,13,1,0
61,-47.8,55.8,140,6,3,3,0
34,-42.2,468.4,4,96,40,168,1
321,-52.8,83.9,85,7,3,0,0
826,-45.6,72.6,154,7,4,2,0
707,-53.3,103.4,163,3,6,3,0
479,-62.4,128.4,29,5,6,3,0
538,-78.1,198.3,144,43,5,4,0
24,-25.0,406.8,0,15,29,101,1
336,-68.1,74.6,152,11,5,2,0
1263,-70.7,114.4,169,4,4,1,0
547,-63.5,204.2,193,40,4,15,0
505,-69.2,89.4,105,3,5,1,0
429,-69.3,39.1,253,7,11,1,0
519,-47.6,51.1,70,4,8,0,0
131,-26.4,205.8,18,81,116,21,1
1009,-75.1,49.4,137,3,6,1,1
96,-35.0,128.6,2,15,66,13,1
735,-28.0,70.7,153,5,10,1,0
1088,-57.7,57.0,142,5,7,1,0
295,-90.6,72.0,138,5,3,1,0
40,-51.2,197.0,164,56,4,26,0
24,-25.0,410.0,6,127,44,56,1
289,-82.1,72.9,198,11,8,1,0
1051,-59.3,48.7,116,5,2,2,0
940,-64.9,28.3,223,4,6,1,0
37,-30.8,374.0,4,107,72,102,1
855,-28.2,227.9,148,67,6,27,0
905,-58.4,147.6,107,3,7,2,0
32,-45.2,277.5,0,41,57,187,1
284,-86.5,65.0,197,5,8,2,0
661,-53.0,59.3,42,9,5,1,0
28,-37.6,584.1,9,93,70,97,1
236,-74.9,366.8,29,34,3,11,0
40,-51.6,2.1,78,6,2,2,0
37,-57.7,443.2,0,143,47,65,1
64,-49.3,292.9,0,207,81,119,1
64,-62.8,7.5,6,7,7,0,0
536,-44.5,29.4,144,3,4,0,0
372,-46.5,107.5,134,6,3,1,0
216,-66.8,209.4,70,46,8,21,0
897,-50.3,69.3,5,4,3,2,0
1062,-44.0,64.3,198,5,3,3,0
267,-42.3,83.4,214,7,5,1,0
41,-43.8,423.0,5,78,95,135,1
35,-25.3,251.9,9,140,110,103,1
51,-33.6,299.1,5,142,111,54,1
473,-41.3,46.2,90,4,5,1,0
28,-55.2,360.8,0,91,23,117,1
89,-42.6,98.0,21,102,72,16,1
521,-56.5,56.7,166,6,3,1,0
104,-42.3,136.3,17,27,150,21,1
154,-63.3,190.2,123,1,8,1,0
726,-33.6,60.2,125,7,3,0,0
927,-39.0,24.5,161,7,8,1,0
24,-48.4,236.1,11,96,87,11,1
40,-57.8,577.2,17,153,12,173,1
270,-48.9,130.5,262,7,6,0,0
529,-95.0,44.8,151,3,3,4,0
365,-66.1,18.2,111,2,9,0,0
39,-50.7,521.7,7,95,41,15,1
361,-54.0,12.1,184,5,5,2,0
790,-67.9,61.1,181,4,6,3,0
560,-69.3,30.3,0,4,5,0,0
41,-43.6,330.8,6,20,119,101,1
24,-55.2,518.4,0,80,56,90,1
626,-83.2,99.2,198,4,6,1,0
40,-32.4,129.0,104,4,7,1,0
140,-58.3,63.6,146,6,4,2,0
43,-43.8,326.9,5,102,10,137,1
642,-56.7,76.3,213,3,7,1,0
24,-39.8,483.8,4,109,107,62,1
40,-55.2,485.0,12,158,116,56,1
774,-52.5,32.8,155,8,4,0,0
89,-57.7,126.3,4,16,100,36,1
24,-64.2,226.2,8,129,110,101,1
264,-56.8,311.5,136,55,6,31,0
35,-36.3,76.6,5,73,96,94,1
40,-64.7,295.3,31,40,5,18,0
24,-65.4,410.8,0,158,117,50,1
40,-66.7,719.3,4,76,48,69,1
1477,-77.2,155.6,88,6,10,0,0
790,-57.4,70.4,84,3,5,0,0
270,-82.2,16.0,127,4,2,4,0
698,-66.0,39.0,37,7,8,2,0
24,-51.2,291.5,5,22,105,98,1
883,-41.8,61.3,64,3,5,1,0
92,-38.1,128.6,7,81,72,29,1
104,-57.8,75.0,83,6,7,2,0
40,-65.9,364.3,8,76,43,107,1
607,-40.9,15.1,130,5,2,0,0
60,-49.2,426.1,5,26,38,98,1
499,-48.4,72.7,34,5,5,2,0
417,-53.1,218.2,105,23,11,20,0
31,-43.3,528.2,21,15,31,166,1
880,-50.0,92.5,146,4,5,0,0
423,-59.9,61.3,118,5,6,1,0
778,-95.0,235.1,27,3,6,0,0
38,-64.7,522.9,2,44,46,105,1
764,-89.2,161.4,239,7,3,0,0
284,-43.6,150.0,110,5,3,0,0
321,-80.8,74.8,134,6,4,2,0
46,-51.3,285.5,8,98,52,120,1
26,-61.0,598.5,10,20,51,223,1
656,-77.4,283.6,69,29,7,25,0
97,-51.5,141.4,14,49,27,24,1
685,-62.3,35.2,135,2,10,2,0
40,-42.7,317.6,140,50,8,19,0
24,-40.6,616.1,23,124,81,68,1
380,-56.5,15.0,153,6,4,0,0
425,-44.7,113.3,158,8,9,0,0
24,-36.1,391.6,23,87,45,27,1
597,-91.6,9.8,168,4,8,4,0
559,-48.5,33.8,159,4,7,2,0
32,-38.7,491.8,0,84,48,97,1
37,-37.1,421.8,7,215,89,48,1
47,-50.3,544.0,11,74,110,84,1
334,-61.0,36.5,24,9,1,2,0
747,-70.9,115.6,104,2,10,1,0
24,-42.2,401.1,29,66,10,21,1
32,-49.2,347.5,2,15,62,141,1
31,-39.4,324.1,10,72,73,150,1
689,-58.2,129.2,13,6,6,1,1
544,-50.5,60.7,90,5,10,2,0
40,-53.8,25.1,184,6,9,1,0
47,-51.1,835.6,0,82,35,101,1
77,-65.1,109.0,9,58,40,26,1
729,-79.3,103.3,96,7,6,1,0
35,-58.9,304.5,0,152,75,41,1
44,-52.6,303.2,0,126,10,88,1
439,-65.9,36.8,198,8,13,0,0
282,-65.2,109.3,269,3,8,1,0
1065,-68.3,44.5,155,6,7,1,0
564,-52.3,79.3,139,9,2,1,0
38,-45.8,257.9,8,67,75,148,1
746,-58.7,200.3,114,1,6,0,0
559,-51.0,158.8,73,7,6,1,0
905,-77.7,119.1,67,2,8,0,0
48,-56.7,322.1,18,73,115,65,1
658,-70.2,253.2,133,6,9,2,0
970,-73.4,59.8,223,6,3,2,0
49,-41.8,404.5,22,227,10,8,1
116,-37.6,158.3,7,85,10,12,1
337,-54.7,46.5,133,6,1,0,1
770,-55.2,140.1,151,2,4,1,0
316,-77.2,20.7,89,5,7,1,0
40,-48.5,55.2,62,6,4,0,0
629,-47.1,34.9,203,9,3,0,0
411,-67.3,14.6,81,4,6,1,0
113,-68.2,201.0,164,47,8,30,0
29,-70.6,473.8,11,74,18,26,1
574,-61.6,81.1,222,7,7,2,0
740,-72.7,60.2,116,8,4,0,0
24,-59.0,385.6,1,130,130,37,1
524,-60.7,32.2,88,6,9,1,0
512,-64.7,43.6,168,6,6,2,0
876,-79.0,164.7,12,12,3,0,0
289,-40.9,111.3,73,2,5,3,0
1413,-65.9,377.2,70,15,4,12,0
682,-61.5,66.8,237,4,13,4,0
524,-52.8,29.6,181,6,4,3,0
787,-56.9,176.4,131,2,6,2,0
38,-48.7,494.9,6,125,41,118,1
386,-80.0,33.6,134,3,3,1,0
38,-57.1,382.8,17,117,19,8,1
356,-42.1,22.3,62,9,8,2,0
34,-48.3,336.0,8,175,84,132,1
24,-37.7,481.5,18,64,58,135,1
859,-52.3,65.7,36,2,5,1,0
386,-62.0,89.4,0,6,4,1,0
225,-78.8,74.0,47,8,7,2,0
532,-59.4,105.2,151,6,5,1,0
24,-62.4,410.5,18,90,163,104,1
449,-63.9,68.5,171,6,10,1,0
186,-52.3,121.6,91,7,6,2,0
439,-71.6,76.3,124,5,6,0,0
54,-40.0,327.2,9,15,23,69,1
644,-71.6,100.3,91,9,4,1,0
24,-49.3,463.5,8,107,99,101,1
193,-61.1,61.1,100,8,3,1,0
420,-73.2,200.5,111,6,10,2,0
1056,-52.1,53.8,193,4,3,1,0
1014,-71.0,56.1,104,5,8,0,0
640,-41.8,63.6,112,4,7,2,0
645,-43.4,89.1,42,12,7,3,0
24,-47.7,281.2,5,137,118,64,1
24,-41.2,295.2,11,159,35,67,1
971,-69.2,90.8,120,4,9,1,0
40,-49.5,407.8,6,87,137,160,1
115,-44.8,172.4,21,28,38,23,1
24,-57.3,401.9,5,175,112,166,1
24,-52.5,400.4,7,69,92,32,1
616,-73.5,25.5,25,8,10,0,0
652,-54.9,24.4,54,6,5,0,0
661,-30.5,9.3,106,5,4,1,0
45,-42.1,444.4,8,151,100,113,1
53,-41.5,228.3,12,199,138,173,1
399,-69.3,11.6,97,4,11,2,0
1283,-53.9,111.7,25,9,3,1,0
38,-62.6,91.0,9,100,103,141,1
107,-59.9,84.3,82,9,3,0,0
98,-58.7,153.2,1,18,113,26,0
50,-53.7,557.6,10,61,53,149,1
40,-34.2,44.3,58,4,4,2,0
619,-67.9,80.3,50,3,2,0,0
58,-27.0,473.0,1,132,17,52,1
37,-37.5,313.8,2,101,12,63,1
1146,-59.3,142.6,131,12,8,0,0
708,-51.9,55.5,77,7,3,0,0
30,-56.4,238.1,12,149,55,136,1
26,-45.8,366.8,12,185,54,46,1
70,-28.5,138.1,12,163,12,26,1
404,-42.6,122.5,24,7,5,1,0
211,-61.5,59.6,176,10,5,1,0
47,-59.9,220.7,14,122,27,87,1
416,-67.7,5.7,111,4,8,1,0
58,-49.7,174.7,2,122,68,14,1
681,-36.6,39.7,165,3,5,2,0
307,-55.7,96.8,95,6,6,0,0
24,-49.8,388.7,9,146,68,69,1
25,-53.4,377.7,16,76,88,97,1
40,-51.3,47.7,0,9,5,2,1
608,-45.5,41.1,97,12,5,2,0
549,-70.8,50.9,25,6,2,2,0
77,-41.8,41.6,177,5,5,1,0
967,-59.3,41.8,1,3,5,4,0
413,-53.7,85.7,90,7,7,0,0
46,-42.7,350.8,0,152,10,82,1
743,-76.3,13.9,0,7,7,0,0
36,-44.1,508.0,4,31,91,78,1
37,-49.0,420.5,0,97,50,68,1
314,-43.7,75.5,196,4,6,0,0
429,-71.4,70.0,160,6,11,1,0
599,-28.0,162.4,124,7,6,0,0
24,-50.0,526.0,24,112,19,206,1
45,-57.9,398.0,5,106,121,182,1
925,-95.0,27.1,5,1,4,2,0
39,-74.6,386.5,15,88,115,194,1
78,-36.8,127.7,17,150,123,22,1
373,-68.7,33.2,0,7,8,1,0
45,-39.6,337.8,10,74,60,109,1
687,-70.2,107.6,73,4,1,1,0
40,-50.5,355.5,25,89,67,8,1
725,-54.6,39.7,0,5,6,0,0
613,-81.1,20.5,193,3,5,2,0
624,-74.1,320.9,153,36,8,11,0
706,-61.9,39.9,173,6,4,2,0
758,-90.0,52.1,41,11,2,2,0
370,-74.0,271.6,216,54,7,30,0
24,-26.5,381.8,6,187,84,109,1
392,-61.8,186.5,42,4,7,3,0
117,-41.1,102.3,35,132,108,32,1
44,-39.5,444.6,18,151,114,146,1
44,-64.4,207.1,0,59,10,38,1
683,-43.1,103.0,127,6,9,0,0
679,-67.2,71.6,168,4,7,4,0
25,-33.7,136.1,14,45,123,94,1
40,-52.1,103.4,100,10,6,5,0
484,-51.2,415.4,61,22,10,4,0
39,-36.7,285.7,2,83,68,70,1
1305,-86.1,68.2,121,9,7,0,0
41,-39.4,370.5,15,129,82,141,1
827,-62.1,346.2,206,38,4,28,0
501,-45.0,52.5,74,12,7,2,0
587,-63.8,51.6,35,5,4,3,0
811,-67.9,15.4,150,6,9,0,0
50,-53.2,360.8,2,96,145,78,1
433,-52.4,17.0,169,3,6,3,0
488,-60.7,133.7,90,11,4,4,0
441,-68.0,192.8,95,7,6,2,0
41,-61.4,587.0,11,109,78,131,1
27,-35.0,291.9,8,124,18,184,1
824,-50.3,164.0,97,4,9,0,0
24,-46.1,432.7,0,132,76,113,1
69,-49.5,178.0,1,162,117,27,1
561,-75.6,79.4,167,8,6,2,0
42,-26.7,406.6,0,61,99,108,1
446,-70.9,49.6,0,3,4,0,0
261,-56.2,234.8,117,7,4,0,0
709,-76.1,45.7,47,6,5,1,0
554,-55.2,195.0,127,43,9,4,0
40,-46.0,618.0,0,159,79,94,1
1126,-66.2,10.5,122,7,6,0,0
217,-77.4,33.2,129,8,11,1,0
24,-40.9,180.8,11,143,59,52,1
783,-40.8,51.7,0,6,10,0,0
321,-49.6,62.1,76,4,7,2,0
34,-44.0,385.0,30,163,77,131,1
36,-42.0,387.3,6,123,90,121,1
34,-49.3,348.4,0,57,10,201,1
84,-42.0,168.1,4,66,83,6,1
47,-45.4,358.1,3,81,75,101,1
374,-77.8,214.2,131,51,5,26,0
40,-48.0,312.2,6,120,47,150,1
1211,-57.3,13.2,169,3,7,0,0
40,-53.9,85.3,93,5,5,1,0
569,-59.5,140.1,189,6,7,0,0
43,-60.0,494.4,13,190,90,186,1
598,-67.8,51.8,57,10,7,0,0
619,-81.2,99.8,62,6,2,1,0
415,-80.8,36.2,125,10,9,0,0
336,-62.1,225.1,89,67,6,12,0
143,-42.5,159.7,9,152,122,13,1
99,-40.2,68.2,24,81,76,28,1
48,-50.5,60.0,6,146,111,57,1
565,-79.8,74.5,45,7,7,0,1
1342,-53.5,76.2,181,3,6,2,0
29,-50.6,147.4,4,44,86,52,1
54,-52.2,190.9,0,43,100,8,1
1439,-55.8,47.5,199,5,8,2,0
44,-50.3,335.4,24,99,43,94,1
40,-66.4,86.4,170,11,10,0,0
40,-39.6,159.2,246,6,5,1,0
425,-73.9,15.9,43,5,5,0,0
516,-52.9,267.3,144,10,6,28,0
42,-47.0,356.8,11,60,103,147,1
32,-55.2,385.9,18,15,98,51,1
465,-68.9,134.2,25,3,5,0,0
352,-64.9,41.5,48,3,1,2,1
496,-62.7,49.2,129,6,8,1,0
812,-77.0,34.4,139,9,8,2,0
380,-79.8,86.9,323,8,3,1,0
751,-51.2,156.9,9,3,2,1,0
1351,-36.5,86.3,86,13,5,0,0
587,-55.3,58.1,78,10,3,1,0
597,-84.2,53.3,115,5,5,1,0
40,-42.9,348.3,111,52,10,17,0
24,-45.6,334.4,1,66,95,169,1
476,-63.2,89.6,9,6,3,3,0
40,-38.9,51.9,127,3,7,1,0
58,-51.1,14.7,55,7,9,2,0
24,-38.0,620.5,0,54,10,64,1
40,-43.4,71.5,125,4,7,0,0
714,-44.6,135.8,0,4,10,0,0
47,-32.9,424.0,0,114,10,130,1
40,-61.9,100.7,80,1,2,0,0
261,-95.0,46.8,128,4,3,0,0
705,-62.8,38.6,166,6,5,4,0
655,-63.2,231.5,120,47,3,10,0
27,-50.4,468.5,3,163,34,202,1
33,-50.5,60.0,2,99,64,86,1
533,-76.1,22.9,166,3,12,1,0
980,-67.0,114.5,144,4,10,1,0
644,-55.6,111.9,0,2,2,1,0
47,-49.7,377.2,7,146,27,196,1
40,-65.7,75.4,113,9,13,1,0
36,-61.8,448.9,15,63,71,87,1
25,-50.1,457.4,7,46,46,8,1
512,-64.7,198.8,161,4,6,1,0
65,-50.8,174.7,5,142,109,26,1
833,-78.8,41.7,166,6,4,1,0
406,-73.3,76.2,65,6,11,1,0
357,-40.0,20.3,156,10,6,3,0
1352,-80.8,88.2,27,8,2,2,0
68,-44.2,204.6,8,90,132,39,1
799,-61.7,38.1,163,4,5,1,0
282,-65.2,73.5,58,6,9,1,0
868,-64.6,12.7,19,4,9,1,0
38,-39.9,100.7,17,82,66,157,1
805,-41.0,207.7,47,3,6,1,0
70,-79.7,108.8,65,7,5,1,0
543,-45.9,121.8,134,39,7,23,0
125,-57.0,129.0,23,85,46,11,1
24,-58.4,189.0,0,100,19,24,1
170,-75.0,61.2,21,4,7,3,0
38,-44.4,349.3,13,157,26,80,1
660,-64.0,13.4,120,4,2,0,0
38,-36.7,564.6,9,167,58,205,1
564,-59.0,63.1,119,4,8,0,0
710,-66.8,210.7,118,49,7,27,0
1217,-54.2,238.5,48,52,4,22,0
99,-49.7,53.5,15,85,123,20,1
210,-68.4,62.9,88,11,6,2,0
856,-42.7,56.1,142,11,5,1,0
39,-55.6,577.6,11,112,98,66,1
45,-56.8,273.2,13,15,52,88,1
130,-50.3,120.3,20,113,33,8,1
35,-49.3,422.3,14,113,10,97,1
41,-53.5,564.4,0,46,43,120,1
37,-40.4,456.9,2,145,64,152,1
717,-46.5,28.0,226,5,6,2,0
109,-83.3,55.8,199,5,9,0,0
554,-52.9,49.6,167,10,8,3,0
621,-42.4,237.9,26,7,7,0,0
103,-47.3,139.2,0,40,86,6,1
303,-52.3,49.5,66,7,4,2,0
24,-47.4,574.9,6,137,92,212,1
69,-38.3,187.3,0,15,94,17,1
414,-75.4,82.0,0,4,7,1,0
731,-60.8,26.4,42,7,4,0,0
37,-46.3,224.8,0,174,58,165,1
40,-59.1,21.7,74,5,8,2,0
216,-61.8,229.6,45,8,5,0,0
42,-74.5,599.8,9,100,46,157,1
38,-45.5,245.2,0,124,118,96,1
475,-64.6,7.3,2,9,4,2,0
192,-36.2,28.8,143,5,5,1,0
143,-58.0,184.1,0,138,86,21,1
39,-57.4,466.1,16,133,54,65,1
29,-43.3,205.5,10,101,49,161,1
100,-57.3,93.7,16,92,10,30,1
775,-74.6,72.1,206,9,9,3,1
24,-68.2,303.2,4,87,107,89,1
465,-46.9,234.6,121,4,9,3,0
591,-95.0,108.8,214,5,8,1,0
588,-60.7,166.5,137,3,6,0,0
1068,-80.3,111.1,99,5,3,1,0
90,-77.4,267.6,180,48,6,19,0
556,-74.7,109.2,151,10,6,0,0
40,-42.0,213.7,114,9,6,0,0
460,-73.0,80.0,212,62,5,4,0
29,-35.4,507.0,13,15,151,23,1
43,-49.5,191.0,0,73,71,75,1
203,-58.0,183.6,214,74,9,8,0
813,-59.6,43.1,92,4,7,1,0
652,-76.4,18.8,146,4,7,1,0
124,-41.8,189.0,99,7,7,2,0
1069,-66.8,12.3,200,3,5,3,0
40,-44.5,486.4,2,107,46,41,1
42,-41.9,300.1,14,136,85,46,1
33,-36.3,280.8,8,102,48,64,1
1009,-76.5,29.9,63,2,6,1,0
409,-52.1,82.5,104,4,4,0,0
40,-52.8,42.7,116,6,4,3,0
42,-53.9,493.1,0,107,102,204,1
53,-55.1,503.4,0,123,10,150,1
801,-74.8,47.7,94,8,11,1,0
530,-78.4,66.3,63,5,3,0,0
40,-37.8,252.1,12,15,52,134,1
38,-57.1,379.9,21,15,10,108,1
595,-51.0,77.3,83,6,7,0,0
550,-84.4,59.2,95,10,4,0,1
35,-40.1,372.0,15,75,146,51,1
392,-43.9,67.5,195,1,3,2,0
40,-78.2,80.5,0,6,12,1,0
98,-43.5,216.2,0,114,12,41,1
182,-86.6,19.6,249,6,5,0,0
964,-75.4,21.6,91,6,5,0,0
58,-34.0,181.8,10,25,88,128,1
27,-48.9,380.9,15,75,110,40,1
159,-62.8,96.7,73,5,8,2,0
86,-76.1,8.7,128,5,4,2,0
434,-67.6,16.4,129,9,8,2,0
299,-68.8,29.2,74,9,7,2,0
92,-68.4,164.9,96,5,13,1,0
108,-44.7,146.1,14,17,39,22,1
28,-43.4,381.0,3,67,138,102,1
24,-44.3,302.9,10,88,79,82,1
35,-46.2,275.2,36,95,131,98,1
117,-37.8,138.2,12,111,121,21,1
380,-45.1,116.7,95,10,6,1,0
680,-82.5,119.7,284,40,4,15,0
26,-59.6,365.4,12,21,118,84,1
445,-68.3,88.7,0,8,6,1,0
104,-39.1,194.7,6,83,44,38,1
739,-51.0,105.8,132,5,11,1,0
45,-58.4,154.6,7,149,51,183,1
643,-50.7,126.7,80,8,7,1,0
28,-69.2,355.5,8,128,75,74,1
738,-56.1,141.2,135,8,3,0,0
778,-53.6,98.7,76,4,6,2,0
49,-47.3,490.8,0,65,47,51,1
61,-51.9,147.7,11,158,75,76,1
29,-51.0,507.9,10,82,141,230,1
36,-62.5,60.0,19,76,65,184,1
40,-84.3,153.2,153,7,4,2,0
823,-46.4,144.4,146,7,5,2,1
462,-47.0,12.8,154,7,5,1,0
873,-43.8,49.5,89,2,5,2,0
44,-46.7,213.9,1,48,10,39,1
46,-44.9,349.1,1,69,43,98,1
246,-49.6,33.7,166,9,6,0,0
44,-56.1,604.8,3,88,67,215,1
665,-64.5,57.9,27,5,3,3,0
549,-71.0,377.7,142,53,14,19,0
859,-43.8,19.4,144,5,6,1,0
218,-45.8,161.8,114,74,7,24,0
37,-40.2,159.3,10,205,10,32,1
1191,-86.1,152.6,14,6,7,0,0
597,-46.3,101.4,29,8,5,2,0
467,-50.2,195.7,128,3,6,3,0
41,-43.6,339.6,4,151,116,140,1
49,-38.6,589.5,4,37,34,114,1
772,-91.7,7.3,88,2,6,0,0
788,-49.7,350.8,5,22,4,24,0
40,-43.2,101.5,209,5,5,0,0
875,-76.6,262.3,86,4,6,0,0
551,-62.5,41.8,118,7,5,2,0
41,-40.7,102.8,18,157,20,86,1
315,-42.2,46.2,80,5,6,0,0
37,-38.1,355.0,8,80,53,143,1
25,-54.6,413.6,10,111,84,64,1
882,-64.9,147.7,237,9,6,0,0
431,-69.1,57.5,165,6,3,0,0
1356,-53.4,162.8,102,10,1,2,0
437,-59.1,62.5,60,2,6,2,0
587,-75.2,179.9,171,4,3,0,0
56,-60.6,223.2,4,157,157,146,1
838,-83.5,86.4,105,4,12,2,0
859,-78.9,32.8,133,7,7,1,0
670,-41.9,57.8,80,7,6,1,0
552,-64.1,304.3,32,14,6,12,0
720,-56.5,27.5,52,6,3,2,0
355,-52.4,71.8,78,5,4,1,0
40,-73.9,152.4,126,4,5,0,0
869,-62.1,108.5,180,3,7,1,0
413,-67.4,30.3,203,2,8,2,0
555,-45.0,49.8,150,3,7,1,0
133,-68.0,105.5,72,4,8,3,0
209,-83.8,11.4,229,4,1,0,0
870,-57.8,213.5,158,7,4,1,0
122,-48.8,80.0,0,75,3,17,0
88,-68.5,51.2,245,5,7,1,0
191,-67.5,127.3,164,7,3,1,0
154,-54.8,100.3,169,8,10,1,0
649,-54.9,98.6,197,8,7,1,0
24,-39.2,177.6,6,53,25,26,1
61,-46.1,128.2,7,115,135,17,1
38,-39.5,444.5,11,158,42,119,1
1279,-66.0,77.7,158,4,7,3,0
40,-46.5,34.5,136,5,7,1,0
40,-67.8,87.7,130,3,8,1,0
630,-55.0,40.8,124,8,4,1,0
408,-59.2,20.9,97,4,8,0,0
291,-86.2,228.3,79,10,3,31,0
35,-45.9,605.6,8,89,111,110,1
115,-47.3,28.8,89,4,6,2,0
57,-45.2,340.4,4,110,10,223,1
462,-64.6,44.9,73,5,3,3,0
40,-54.2,40.4,126,6,7,1,0
40,-57.8,374.1,10,74,55,47,1
40,-45.8,129.8,133,11,9,2,0
480,-59.6,45.0,168,5,2,0,0
40,-68.0,164.4,130,15,6,1,0
40,-60.6,303.3,205,62,2,4,0
34,-42.1,366.2,19,130,187,164,1
536,-80.6,23.1,38,4,4,2,0
426,-69.0,23.7,208,2,6,1,0
632,-64.0,77.7,108,4,7,3,0
36,-39.2,518.5,1,208,64,77,1
1198,-65.0,60.6,175,11,6,0,0
74,-50.1,71.5,189,4,6,0,0
383,-61.2,122.6,180,7,6,3,0
48,-53.4,415.4,11,154,142,201,1
239,-44.8,130.3,0,51,121,20,1
624,-68.5,77.7,113,11,7,3,0
74,-56.3,304.8,123,80,9,13,0
45,-59.3,562.3,1,72,148,48,1
691,-66.5,84.0,132,8,7,1,0
122,-69.7,74.9,176,5,7,0,0
24,-48.2,146.2,15,73,57,8,1
861,-79.8,254.7,62,15,5,4,0
32,-47.1,276.2,0,97,67,165,1
585,-72.8,69.5,29,7,8,3,0
997,-59.3,165.9,53,6,3,1,0
47,-30.9,413.3,0,86,51,49,1
982,-38.7,135.6,36,8,13,2,0
287,-73.5,137.2,33,6,9,1,0
30,-51.3,344.9,6,115,10,163,1
51,-39.1,357.8,19,49,60,93,1
314,-59.3,63.0,120,10,9,0,1
89,-64.7,338.8,186,39,7,31,0
718,-45.6,61.1,104,9,6,1,0
304,-81.0,133.4,57,9,7,3,0
185,-42.5,29.2,100,9,9,1,0
276,-78.6,94.3,47,4,5,3,0
25,-58.8,234.6,10,79,31,222,0
587,-74.4,336.3,70,48,10,32,0
810,-79.5,59.5,32,5,6,2,0
842,-65.0,110.1,81,4,7,2,0
436,-60.9,425.6,139,3,8,2,0
25,-33.1,165.0,0,32,121,38,0
654,-82.0,55.7,56,7,2,1,0
38,-42.4,187.0,5,132,92,33,1
623,-57.9,57.6,153,9,7,1,0
674,-52.3,5.9,125,3,6,2,0
461,-70.4,22.9,101,5,6,0,0
421,-61.0,23.1,188,3,5,0,0
257,-66.5,102.6,64,8,9,2,0
43,-44.6,187.0,6,42,49,106,1
592,-51.4,47.4,156,3,6,3,0
32,-43.5,161.0,9,179,124,63,1
882,-62.6,46.2,110,6,2,1,0
43,-51.6,402.4,10,61,50,45,1
32,-51.7,277.5,0,42,124,55,1
40,-37.1,612.1,2,115,133,130,1
933,-51.2,23.2,99,10,7,0,0
61,-53.6,186.8,11,25,20,20,1
794,-48.9,50.5,166,5,9,2,0
308,-53.7,63.9,68,8,4,1,0
64,-37.5,392.5,0,98,87,91,1
36,-54.9,535.3,0,84,96,74,1
530,-75.8,282.2,103,63,7,14,0
70,-77.3,27.3,119,3,7,2,0
699,-60.9,93.3,240,8,3,0,0
24,-42.4,382.3,15,153,29,230,1
279,-68.6,39.1,181,5,6,0,0
721,-58.2,26.5,177,5,7,1,0
979,-46.6,54.3,146,4,6,2,0
53,-44.2,548.2,4,65,62,70,1
214,-64.9,34.3,134,8,8,1,0
653,-68.6,50.1,128,4,8,0,0
720,-52.0,107.5,186,4,6,1,0
32,-53.0,393.5,14,57,86,136,1
37,-49.2,385.5,0,108,102,71,1
271,-56.6,29.8,131,4,7,0,0
529,-73.0,31.9,168,4,5,0,0
233,-68.2,95.3,135,5,2,0,0
51,-55.6,127.8,16,108,73,42,1
42,-47.8,352.4,13,150,64,113,1
756,-65.6,122.6,171,10,8,1,0
627,-57.6,51.5,130,6,11,1,0
455,-74.5,97.4,106,9,7,1,0
29,-26.8,697.1,16,59,71,78,1
816,-71.0,341.9,90,51,7,19,0
24,-44.3,313.4,0,148,96,120,1
40,-52.7,41.3,67,6,2,1,0
127,-68.0,138.5,3,62,101,14,1
34,-52.1,398.1,16,28,50,91,1
210,-46.6,28.9,279,6,12,1,0
578,-48.3,110.3,238,8,4,0,0
24,-43.7,333.6,0,108,37,46,1
716,-69.0,68.5,125,3,7,0,0
44,-50.4,536.4,9,46,85,75,1
590,-62.8,55.8,114,5,7,1,0
24,-48.7,407.6,12,144,80,137,1
638,-62.3,151.4,135,11,9,1,0
545,-80.9,37.5,187,2,5,1,0
910,-73.8,103.9,46,12,6,0,0
261,-72.6,105.3,41,3,5,0,0
79,-70.4,78.3,79,4,4,0,0
798,-66.6,74.7,75,5,8,0,0
48,-53.7,682.9,11,53,10,115,1
976,-62.2,113.4,233,5,10,2,0
40,-60.6,49.5,106,7,7,2,0
676,-53.9,52.6,32,6,5,1,0
212,-45.0,111.1,141,6,3,1,0
132,-89.4,35.0,273,8,6,1,0
772,-47.1,67.8,161,7,8,0,0
575,-83.1,41.7,239,4,10,1,0
31,-46.4,425.9,9,74,94,156,1
592,-76.0,19.7,112,9,6,2,0
40,-34.1,195.7,8,116,61,120,1
418,-63.9,58.9,73,9,4,1,0
370,-66.1,194.9,62,11,6,20,0
603,-57.5,212.1,115,49,12,19,0
30,-41.5,612.0,8,92,108,190,1
31,-46.0,410.0,2,82,35,74,1
667,-47.7,312.6,2,54,7,15,0
24,-49.4,364.5,4,209,10,105,1
148,-54.8,199.6,11,105,112,17,1
24,-49.9,535.5,15,86,68,77,1
492,-48.0,17.7,169,9,9,5,0
896,-28.3,8.7,225,6,4,1,0
440,-41.3,37.2,35,8,6,2,0
42,-41.1,412.0,5,140,79,98,1
285,-62.3,175.2,57,5,4,2,0
41,-53.1,194.4,11,118,141,152,1
34,-58.4,133.1,9,103,101,120,1
396,-42.6,65.9,127,5,4,0,0
524,-72.8,172.2,140,5,8,0,0
27,-28.1,395.7,12,86,115,54,1
522,-68.5,65.9,144,7,6,1,0
117,-71.8,397.0,79,29,6,13,0
28,-39.5,357.8,9,219,103,65,1
48,-51.1,245.0,69,45,4,16,0
979,-65.4,140.9,99,10,7,14,0
47,-38.3,535.5,16,148,22,196,1
31,-58.1,338.1,12,103,104,57,1
1159,-58.4,138.7,90,3,1,1,0
758,-65.1,130.9,154,5,6,1,0
999,-48.8,109.5,63,3,9,1,0
271,-56.3,290.0,196,4,6,1,0
400,-58.2,72.7,236,4,4,4,0
27,-50.6,531.0,0,125,29,205,1
963,-54.4,157.2,192,5,4,0,0
70,-68.6,39.7,38,5,3,1,0
506,-53.0,321.7,8,63,6,23,0
446,-59.2,247.8,0,3,5,2,0
72,-60.2,119.3,0,85,13,16,1
998,-59.0,210.4,151,39,3,4,0
24,-56.1,312.2,9,34,95,142,1
26,-28.9,537.0,13,117,35,42,1
758,-55.6,16.1,69,7,1,1,0
38,-40.6,624.8,3,160,54,97,1
27,-44.8,319.7,7,46,90,128,1
40,-65.7,48.4,293,8,7,1,0
24,-42.6,275.3,17,56,114,22,1
40,-79.4,56.1,128,12,5,3,0
680,-71.3,131.4,14,3,7,0,0
40,-46.1,750.9,13,94,73,129,1
1476,-62.4,305.6,60,68,7,26,1
53,-55.9,89.5,9,98,65,21,1
24,-46.0,474.1,11,138,83,58,1
480,-76.8,24.2,132,6,6,2,0
40,-62.9,43.3,85,9,9,0,0
32,-49.5,378.5,3,115,139,126,1
34,-59.3,459.3,0,109,39,135,1
417,-72.5,88.0,220,8,8,1,0
27,-47.0,395.1,17,186,72,135,1
36,-29.4,243.4,2,96,134,48,1
43,-36.0,130.1,20,127,60,104,1
447,-46.0,11.9,94,5,1,2,0
480,-66.5,61.8,103,4,5,1,0
24,-45.8,192.1,10,87,116,122,1
1632,-74.3,86.1,41,7,10,3,0
40,-93.6,79.0,0,5,5,1,0
243,-85.4,46.7,90,8,11,1,0
58,-66.8,6.4,126,1,7,0,0
24,-41.1,676.5,12,137,72,142,1
835,-82.9,118.0,63,6,5,0,0
1130,-39.6,26.6,89,7,3,0,0
334,-67.8,81.9,86,3,9,1,0
40,-66.5,23.0,141,6,7,5,0
242,-64.4,35.1,75,4,7,1,0
35,-47.8,234.0,16,66,102,207,1
378,-51.5,163.2,206,5,4,0,0
35,-49.8,297.3,11,105,101,144,1
24,-56.1,148.3,2,150,67,107,1
318,-69.8,7.7,141,7,7,2,0
76,-61.8,183.0,12,116,86,27,1
102,-43.8,40.0,15,49,52,19,1
626,-61.4,66.0,174,7,6,1,0
226,-59.7,286.7,160,92,6,21,0
920,-68.4,35.6,196,7,4,0,0
24,-49.0,506.8,4,105,75,84,1
1315,-64.7,14.1,122,8,6,0,0
470,-73.7,41.9,95,6,9,1,0
941,-77.7,248.6,80,46,7,19,0
510,-77.4,91.4,220,3,3,1,0
690,-92.3,12.2,156,7,7,2,0
915,-74.0,188.8,19,4,7,2,0
34,-44.6,459.1,0,108,99,88,1
595,-49.7,32.4,107,6,4,1,0
617,-76.1,85.6,214,8,6,1,0
56,-41.8,317.8,12,44,19,111,1
33,-57.8,585.1,16,82,57,97,1
38,-40.6,416.3,0,162,100,138,1
150,-40.6,108.2,8,152,22,6,1
328,-81.9,70.8,82,3,3,2,0
1021,-58.7,44.3,138,7,11,1,0
111,-45.7,217.3,11,91,103,22,1
854,-81.5,53.2,89,5,4,0,0
34,-25.0,364.0,16,111,100,61,1
24,-62.2,431.4,18,127,117,196,1
24,-42.3,361.9,13,141,48,243,1
194,-56.1,72.5,251,9,8,1,0
80,-55.2,42.8,10,106,39,15,1
1005,-54.5,92.0,1,12,8,1,0
215,-76.3,126.0,63,5,8,0,0
29,-45.9,304.9,0,151,17,33,1
108,-33.2,89.7,8,133,68,11,1
24,-60.7,227.9,5,131,49,164,1
693,-64.1,95.4,55,5,3,1,0
34,-63.8,588.5,11,185,69,11,1
731,-66.3,103.3,85,1,8,1,0
37,-42.9,339.8,2,45,96,95,1
736,-77.9,59.0,102,3,6,2,0
248,-53.6,17.5,218,4,6,2,0
673,-49.5,20.5,114,2,9,1,0
344,-57.4,118.9,163,3,5,0,0
133,-72.7,175.6,0,5,8,2,0
142,-58.0,105.6,5,84,34,19,1
35,-25.0,306.7,6,61,61,66,0
622,-57.3,58.8,130,6,4,0,0
97,-36.1,155.6,7,83,94,21,1
24,-62.5,596.4,11,96,91,157,1
33,-56.9,358.9,0,99,112,108,1
408,-55.1,41.2,123,3,10,1,0
24,-36.3,397.0,2,38,85,143,1
35,-25.0,169.6,12,118,10,224,1
632,-69.2,310.3,137,57,7,9,0
40,-62.3,243.3,101,53,11,9,0
416,-61.2,95.2,145,9,9,1,0
292,-56.4,13.6,116,9,9,2,0
40,-57.6,98.8,0,7,3,1,0
479,-47.5,108.3,153,8,9,5,0
49,-44.1,328.2,0,86,81,187,1
29,-25.0,656.3,16,187,83,213,1
258,-59.5,51.8,0,8,8,1,0
827,-58.6,40.2,128,8,4,1,0
457,-60.1,15.3,122,6,9,1,0
34,-44.9,579.2,0,123,74,94,1
42,-60.8,688.0,0,107,92,142,1
1056,-67.1,14.1,91,3,8,3,0
89,-38.0,61.9,6,102,56,25,1
1107,-41.6,33.6,183,9,3,1,0
24,-70.7,497.6,15,40,60,142,0
24,-52.6,290.2,3,113,58,24,0
40,-63.0,36.4,139,5,3,3,0
626,-66.9,105.2,99,10,7,2,0
229,-69.4,51.2,104,11,3,0,0
405,-67.6,13.4,128,11,9,3,0
744,-71.5,104.2,112,5,5,1,0
443,-85.3,50.9,82,4,11,1,0
434,-53.3,75.1,108,6,5,2,0
40,-89.6,316.7,73,80,9,26,0
29,-51.4,205.8,10,15,44,206,1
986,-58.3,72.2,190,4,4,1,0
255,-62.9,60.5,169,2,12,2,0
35,-49.7,252.2,3,91,72,176,1
31,-53.8,394.4,5,109,40,98,1
537,-47.8,69.4,158,7,7,3,0
42,-42.8,444.7,8,15,104,133,1
46,-44.8,519.7,3,93,16,44,1
613,-46.3,56.4,85,2,6,1,0
293,-48.5,71.6,71,3,6,1,0
108,-40.4,277.1,10,116,76,25,1
763,-58.6,46.2,191,3,9,1,0
53,-44.8,150.5,0,113,147,22,1
730,-54.8,360.6,12,35,5,16,0
64,-41.8,506.1,11,72,143,126,1
32,-35.3,462.6,20,173,83,135,1
34,-47.4,410.0,16,114,159,156,1
31,-53.4,361.0,15,113,47,37,1
511,-79.4,154.4,217,3,5,0,0
46,-47.5,623.7,0,161,57,108,1
40,-65.4,103.0,125,3,8,1,0
246,-60.1,128.5,103,2,8,2,0
49,-37.4,302.6,22,38,130,137,1
24,-36.4,502.8,21,111,118,8,1
1218,-69.4,42.6,102,6,5,0,0
65,-42.0,184.0,0,100,44,19,1
1057,-72.0,166.0,76,63,5,14,0
58,-57.2,165.9,17,75,119,21,1
40,-49.7,270.0,0,35,131,132,1
423,-49.1,34.3,158,7,7,0,0
535,-84.9,45.4,36,7,5,2,0
115,-36.8,246.0,3,105,39,18,1
24,-62.8,378.8,12,69,128,99,1
24,-42.9,460.3,0,117,105,157,1
416,-66.0,118.3,104,8,12,4,0
851,-69.3,40.1,150,4,5,0,0
32,-31.6,495.9,10,26,83,78,1
48,-39.9,94.5,19,167,73,90,1
487,-78.8,17.1,226,5,6,1,0
317,-69.1,64.6,55,2,9,1,0
59,-40.6,405.5,0,115,86,235,1
52,-52.4,431.0,6,111,92,121,1
45,-46.3,408.4,3,123,10,147,1
416,-56.0,48.6,132,10,7,0,0
534,-59.5,75.7,162,9,5,0,0
397,-65.8,55.4,8,5,5,1,0
81,-62.0,133.6,126,4,4,1,0
781,-66.0,92.8,112,11,9,2,0
741,-73.7,90.6,100,5,8,1,0
655,-61.7,72.3,72,7,2,1,0
484,-47.8,85.6,88,3,7,1,0
985,-49.9,37.0,222,4,10,4,0
596,-57.5,70.7,10,5,5,1,0
972,-82.4,69.0,16,5,8,3,0
833,-66.3,126.0,0,6,3,0,0
59,-25.0,348.1,5,98,62,24,1
139,-29.6,56.1,6,128,132,31,1
225,-83.4,45.5,36,6,2,0,0
25,-46.3,357.2,13,80,120,100,1
771,-57.5,37.3,113,3,6,1,0
38,-39.3,517.0,6,122,55,159,1
51,-36.1,593.0,2,125,67,74,1
24,-34.7,209.6,14,46,31,145,1
59,-43.8,530.9,3,107,82,163,1
47,-52.9,427.8,13,94,14,132,1
838,-87.6,82.2,93,5,6,1,0
962,-56.2,52.4,0,2,4,0,0
948,-63.9,22.9,141,6,8,0,0
637,-56.3,57.4,82,5,7,3,0
96,-85.5,73.8,95,7,4,2,0
168,-72.4,236.2,96,7,4,2,0
36,-53.7,161.4,12,113,133,218,1
239,-68.5,138.4,140,4,9,0,0
626,-66.2,92.2,90,4,2,2,0
385,-62.0,56.1,106,1,7,1,0
241,-62.3,413.5,60,58,3,11,0
754,-76.5,52.9,224,4,10,0,0
651,-95.0,95.2,0,7,8,3,0
25,-59.1,328.1,12,30,114,164,1
543,-47.9,431.4,209,44,1,16,0
92,-62.3,234.3,121,9,5,2,0
40,-63.8,469.0,3,142,90,93,1
40,-75.2,42.5,43,6,4,1,0
908,-41.5,33.8,158,8,9,1,0
714,-30.7,105.6,136,12,4,1,0
24,-61.8,134.8,15,153,36,33,1
28,-34.8,175.9,7,86,43,48,1
29,-43.5,547.2,13,161,104,157,1
1164,-62.6,58.5,152,5,4,3,0
24,-49.1,278.4,0,106,20,62,1
834,-76.6,157.2,151,9,8,0,0
85,-74.9,54.0,179,4,3,0,0
59,-54.1,291.8,2,64,61,36,1
597,-82.5,38.6,54,6,6,1,0
50,-43.4,382.7,6,76,95,148,1
635,-77.6,75.5,71,1,7,2,0
523,-66.7,45.9,55,8,4,2,0
41,-49.7,338.7,0,83,27,140,1
50,-45.9,291.9,173,29,6,13,0
24,-55.4,414.7,14,132,77,108,1
41,-41.6,503.5,15,118,39,102,1
989,-68.3,400.5,213,27,8,15,0
793,-49.5,225.9,192,65,3,19,0
250,-38.9,36.9,172,6,7,0,0
391,-66.2,16.5,143,7,5,1,0
124,-45.9,40.0,17,97,10,29,1
759,-64.0,377.3,151,16,10,15,0
339,-47.8,69.2,101,8,9,0,0
513,-60.5,79.5,121,6,4,1,0
797,-79.1,117.6,4,6,8,0,0
48,-44.5,322.3,5,112,72,104,1
24,-39.8,199.8,8,92,130,81,1
58,-62.6,32.2,160,4,6,1,0
56,-48.6,154.1,12,122,24,124,1
28,-46.2,425.0,12,55,16,192,1
45,-63.6,573.6,6,74,133,154,1
33,-68.5,247.7,7,89,28,129,1
583,-42.0,65.2,100,8,7,1,0
534,-56.2,55.1,146,7,3,1,0
36,-30.4,214.6,10,94,22,151,1
206,-64.1,74.2,182,8,4,0,0
748,-94.1,93.8,62,6,9,2,0
37,-50.9,398.4,0,63,67,82,1
46,-71.8,454.7,9,32,51,100,1
35,-40.8,355.6,0,15,46,126,1
127,-54.5,155.2,4,61,10,15,1
110,-43.1,127.2,19,138,135,15,1
462,-69.0,49.3,33,10,10,1,0
32,-37.8,585.5,19,222,53,112,1
941,-58.3,57.0,0,9,4,1,0
105,-35.7,100.0,16,79,72,25,1
328,-65.7,124.0,82,5,4,0,0
43,-62.4,604.3,10,44,67,49,1
535,-50.0,94.0,118,12,3,0,0
856,-48.6,93.4,129,9,7,2,0
47,-67.4,571.0,14,133,82,211,1
1140,-37.5,221.2,13,5,4,3,0
49,-44.0,352.4,23,89,78,189,1
1008,-65.1,165.8,0,6,10,1,0
24,-44.5,512.3,0,185,24,19,1
26,-48.3,166.0,3,106,148,27,1
43,-59.1,500.4,7,44,65,55,1
68,-64.5,189.9,155,6,6,0,0
1046,-80.8,51.1,131,6,6,2,0
693,-46.5,188.7,36,3,5,2,0
56,-56.2,109.4,26,146,36,21,1
459,-42.1,51.7,245,3,8,3,0
56,-62.6,484.6,4,74,58,47,1
485,-61.0,41.4,87,2,6,0,0
835,-56.6,289.0,303,49,7,30,0
500,-68.6,37.0,137,2,4,0,0
60,-69.3,116.6,173,3,8,2,0
322,-61.8,139.7,174,5,14,1,0
618,-49.9,51.9,162,4,5,0,0
490,-39.5,3.7,64,6,8,0,0
129,-45.7,155.6,1,42,20,21,1
27,-62.3,475.0,8,90,95,226,1
24,-52.3,435.6,8,60,72,168,1
154,-59.2,117.8,0,87,83,15,1
1146,-57.9,172.8,107,53,7,24,0
43,-39.6,370.7,1,112,10,85,1
663,-38.1,42.8,166,11,3,3,0
49,-46.1,236.0,1,70,77,36,1
31,-46.1,282.2,13,173,174,129,1
754,-56.8,157.3,116,7,5,1,0
980,-69.4,56.1,63,11,5,1,1
30,-42.7,354.0,21,89,36,126,1
26,-34.9,332.2,20,48,46,89,1
42,-32.9,298.8,14,91,66,143,1
894,-67.9,96.3,174,49,6,10,0
627,-61.8,50.6,59,7,8,1,0
879,-78.0,125.8,102,4,6,1,1
976,-59.5,44.5,79,4,7,2,0
906,-58.8,33.2,169,8,5,1,0
887,-40.0,71.5,181,10,6,3,0
24,-49.3,114.6,13,173,69,96,1
592,-44.6,117.6,216,4,7,2,0
1092,-56.5,123.7,72,4,10,0,0
37,-34.0,403.4,14,100,90,28,1
780,-41.6,27.3,91,4,7,1,0
1073,-52.9,11.4,150,3,2,1,0
177,-40.1,14.6,127,8,8,1,0
657,-34.3,313.7,46,68,11,15,0
713,-72.4,67.6,62,7,10,1,0
363,-54.2,136.2,0,11,6,1,0
701,-60.8,70.6,114,8,7,1,0
494,-46.7,73.5,94,4,9,1,0
536,-68.6,83.0,197,7,7,2,0
828,-62.5,33.3,64,5,10,1,0
40,-52.2,40.5,9,9,5,1,0
490,-74.9,62.4,235,7,11,2,0
729,-69.2,98.5,146,1,9,2,0
715,-57.8,51.0,178,6,6,1,0
41,-39.0,535.2,0,56,115,148,1
650,-67.1,118.9,206,5,6,0,0
24,-49.7,404.1,2,177,107,74,1
959,-62.9,38.1,106,9,5,1,0
28,-51.9,288.0,7,133,101,153,1
40,-60.7,20.4,93,5,7,0,0
524,-53.0,75.6,238,2,8,3,0
156,-47.8,171.7,144,8,5,3,0
319,-71.8,67.6,162,10,7,1,0
996,-52.7,231.1,111,8,9,1,0
309,-93.6,277.3,217,40,4,25,0
181,-68.3,44.2,150,2,8,1,0
25,-35.2,462.6,1,119,61,185,1
227,-79.7,18.3,47,6,4,1,0
32,-48.8,442.0,14,186,131,63,1
34,-49.3,447.2,0,84,64,62,1
24,-52.8,416.6,4,46,49,180,1
220,-60.8,217.4,112,8,7,3,0
40,-70.1,107.5,0,4,4,1,0
27,-43.7,315.2,10,56,124,40,1
656,-64.8,142.1,216,6,3,2,0
398,-78.7,130.8,154,1,5,1,0
40,-63.6,71.5,118,3,6,0,0
750,-78.8,53.6,165,4,4,4,0
447,-53.4,203.2,150,23,3,19,0
384,-73.3,114.8,136,3,6,3,0
939,-51.5,16.7,7,3,5,3,0
521,-71.9,66.2,127,4,8,1,0
735,-56.0,91.5,97,11,5,0,0
816,-90.7,3.7,49,6,6,3,0
816,-48.2,210.6,0,8,10,1,0
511,-92.5,77.8,188,7,1,0,0
30,-53.4,90.8,11,59,27,188,1
33,-59.2,282.8,0,84,73,160,1
40,-80.9,201.8,0,5,4,0,0
27,-45.7,506.3,10,103,94,126,1
45,-55.7,651.0,2,68,85,199,1
24,-33.0,204.1,4,181,84,15,1
1199,-66.8,153.5,147,44,8,33,0
30,-45.5,438.9,7,107,129,78,1
686,-39.1,166.1,63,7,3,1,0
456,-53.9,48.6,101,2,3,0,0
777,-74.0,88.7,101,1,8,1,0
40,-65.9,28.5,110,8,8,2,0
673,-54.4,119.3,50,3,10,0,0
681,-58.4,158.8,206,8,5,1,0
645,-67.5,170.7,133,4,8,0,0
24,-47.1,332.9,8,106,68,72,1
40,-69.0,103.3,62,6,7,2,0
708,-60.3,120.6,123,4,4,0,0
727,-44.6,31.4,48,2,6,5,0
24,-53.1,294.4,5,137,78,68,1
37,-46.1,287.4,2,78,27,113,1
35,-37.2,322.2,5,108,42,136,1
401,-70.8,86.1,59,6,5,2,0
26,-47.8,459.9,17,126,106,122,1
329,-34.6,26.6,170,4,9,2,0
127,-49.3,196.8,15,121,94,29,0
475,-73.3,266.4,170,52,4,29,0
311,-70.7,92.8,174,5,4,1,0
55,-73.6,55.0,94,7,5,0,0
167,-42.9,250.8,10,114,100,38,1
38,-46.4,595.2,9,71,96,163,1
29,-47.7,555.6,6,49,49,79,1
593,-61.6,17.0,156,9,2,1,0
24,-55.2,492.2,13,43,24,125,1
1059,-79.9,102.0,147,6,3,2,0
24,-59.8,192.9,0,114,10,8,1
709,-60.8,184.9,31,40,12,11,0
598,-78.5,201.5,77,52,8,23,0
648,-64.2,82.4,201,11,8,0,0
739,-69.4,117.9,46,5,7,1,0
581,-49.0,154.7,110,4,3,2,0
798,-35.9,57.0,1,6,3,2,0
43,-48.6,350.7,16,91,88,51,1
43,-60.6,238.0,0,190,20,163,1
124,-70.5,171.3,69,5,5,2,0
253,-57.3,51.8,217,5,5,2,0
867,-51.1,71.4,185,6,8,2,0
39,-37.6,314.5,30,88,105,96,1
60,-62.6,130.1,3,60,80,20,1
595,-68.6,81.2,77,7,3,2,0
106,-63.3,76.3,129,4,4,0,0
964,-85.1,76.9,118,4,9,1,0
103,-40.2,87.5,3,121,59,12,1
40,-47.6,355.2,13,80,70,141,1
509,-40.8,92.0,234,5,4,1,0
214,-76.9,124.3,88,5,1,2,0
525,-62.5,71.1,78,6,6,0,0
46,-31.9,293.8,11,182,88,65,1
40,-69.3,103.2,146,5,9,1,0
112,-41.5,140.4,24,55,14,35,1
742,-69.6,145.8,156,9,5,0,0
737,-43.7,24.5,34,3,5,2,0
502,-72.9,30.7,0,6,8,2,0
921,-56.2,30.7,208,2,5,2,0
24,-43.6,362.3,18,130,58,91,1
31,-41.7,444.2,5,149,58,69,1
601,-74.7,10.0,155,10,7,2,0
112,-45.3,142.7,15,107,113,25,1
987,-40.2,94.3,124,8,4,2,0
125,-60.9,229.7,2,15,10,27,1
242,-62.5,93.3,78,7,7,1,0
24,-45.3,337.0,0,83,96,94,1
412,-61.0,56.1,123,11,13,1,0
751,-72.2,42.0,101,8,7,0,0
1019,-66.2,123.2,121,1,5,2,0
897,-64.9,109.2,0,7,6,0,0
99,-25.5,138.4,3,142,98,29,1
45,-57.5,334.8,12,100,164,34,1
1126,-73.9,179.4,123,3,9,0,0
193,-68.0,40.5,0,7,7,1,0
40,-61.8,100.2,84,3,9,0,0
387,-60.6,121.8,262,7,2,2,0
414,-71.0,42.1,160,7,5,2,0
735,-67.2,63.5,184,8,4,0,0
411,-59.5,189.3,96,10,6,0,0
517,-70.5,112.8,54,6,4,2,0
685,-76.5,61.7,219,8,6,0,0
193,-43.1,96.7,9,7,12,1,0
506,-43.8,34.7,165,2,4,2,0
51,-55.6,483.0,19,88,75,99,1
29,-39.8,453.3,3,96,34,146,1
503,-63.3,95.9,140,10,9,0,0
29,-53.3,469.3,11,156,22,119,1
361,-62.7,95.9,66,3,7,0,0
654,-65.0,30.5,217,6,3,2,0
24,-44.7,386.3,14,99,67,123,1
803,-55.7,22.0,67,7,7,1,0
61,-54.4,487.7,4,56,46,131,1
32,-47.9,359.0,0,177,74,178,1
801,-58.4,80.7,250,8,5,1,0
38,-59.5,290.8,12,132,115,61,1
769,-61.1,67.1,0,7,4,2,0
48,-51.8,768.2,19,86,114,94,1
26,-43.0,356.8,3,116,37,68,1
139,-68.0,41.6,270,13,7,3,0
398,-42.7,336.3,214,14,9,9,0
55,-39.7,119.0,147,3,12,2,0
1172,-86.3,115.0,142,22,8,19,0
1185,-40.9,35.1,159,5,5,0,0
230,-70.6,213.6,226,3,9,0,0
26,-42.7,407.1,19,39,76,94,1
119,-56.3,137.3,11,95,105,16,1
740,-61.9,260.0,69,20,8,13,0
851,-47.0,122.6,68,4,6,0,0
240,-94.6,73.3,112,4,8,1,0
24,-60.0,261.1,24,46,10,207,1
24,-51.4,164.1,12,83,57,116,0
41,-28.2,398.4,13,126,119,169,0
382,-58.8,68.1,128,5,5,2,0
596,-54.0,48.0,204,7,6,1,0
125,-52.4,21.5,138,9,5,1,0
44,-56.9,383.1,4,30,21,138,1
152,-48.3,61.0,101,7,7,1,0
53,-49.5,16.2,125,4,11,1,0
130,-57.2,134.5,3,111,74,17,1
1158,-50.4,440.8,119,34,8,25,0
43,-32.0,304.0,7,91,10,80,1
437,-72.0,79.2,44,5,3,1,0
357,-57.5,78.4,155,7,4,4,0
39,-39.0,463.3,15,128,74,156,1
728,-73.9,133.2,186,5,2,3,0
30,-32.2,524.8,14,157,39,67,1
34,-50.9,478.1,0,65,55,89,1
38,-28.8,367.1,0,74,65,119,1
39,-39.8,432.8,2,46,52,132,1
474,-56.5,41.1,109,9,2,0,0
40,-39.7,11.8,173,3,8,3,0
50,-60.4,40.0,5,104,109,24,1
47,-56.1,443.0,11,105,61,141,1
32,-40.5,647.8,16,96,64,87,1
131,-36.1,210.3,7,134,23,24,1
275,-78.7,276.1,141,75,9,23,0
24,-42.2,393.2,9,74,37,151,1
34,-41.2,131.7,4,89,104,90,1
399,-64.2,30.2,72,4,6,0,0
192,-61.6,80.0,95,54,6,20,0
570,-67.0,158.7,239,6,9,1,0
150,-74.0,117.0,155,7,2,1,0
347,-68.7,5.0,139,3,4,1,0
502,-28.0,329.3,100,63,4,25,0
564,-83.6,85.2,84,3,4,1,0
33,-44.3,323.8,0,56,101,138,1
64,-51.2,373.6,2,78,38,82,1
208,-69.9,40.5,105,7,4,2,0
655,-72.4,292.0,144,57,15,36,0
398,-81.7,114.6,148,7,11,1,0
51,-42.8,60.0,0,67,84,150,1
1241,-62.1,50.8,68,13,8,1,0
42,-46.6,208.3,2,131,96,154,1
24,-53.1,342.2,2,100,120,197,1
30,-47.7,515.9,10,89,119,168,1
94,-31.5,198.1,13,63,68,32,1
33,-56.3,492.3,11,88,94,131,1
31,-50.0,431.9,4,73,42,165,1
50,-51.8,314.9,10,118,72,89,1
908,-37.8,122.8,212,6,6,1,0
334,-71.9,28.1,141,6,5,1,0
1272,-65.2,52.5,259,5,4,2,0
24,-27.8,382.6,10,127,83,63,1
481,-60.3,197.6,84,7,4,0,0
541,-63.7,36.6,134,4,4,2,0
38,-54.0,640.8,22,85,65,185,1
40,-58.6,14.6,122,4,9,0,0
48,-40.1,273.9,19,114,57,88,1
40,-80.0,187.3,63,18,5,15,0
24,-59.2,589.0,11,44,126,119,1
605,-53.3,118.8,133,5,9,1,0
861,-79.5,166.8,166,59,6,10,0
791,-65.6,81.8,200,7,5,1,0
40,-59.3,37.1,25,8,5,1,0
1076,-59.9,49.1,84,6,6,1,0
809,-95.0,80.1,143,4,7,1,1
40,-68.1,104.9,215,8,7,2,0
840,-64.5,319.9,20,42,9,22,0
299,-69.6,60.3,7,6,5,1,0
24,-52.9,478.7,8,132,50,117,1
68,-49.7,276.3,16,15,78,13,1
33,-25.0,333.4,0,54,86,104,1
518,-77.0,252.4,88,48,7,21,0
736,-58.4,61.5,74,11,4,3,0
24,-48.9,105.8,7,83,60,24,1
207,-67.9,21.9,195,4,2,1,0
815,-66.4,218.7,0,6,7,2,0
1012,-55.5,124.8,210,2,10,2,0
701,-62.7,178.3,0,2,8,1,0
24,-53.9,181.2,0,73,122,133,1
636,-55.9,12.6,162,7,3,0,0
24,-44.7,470.4,0,88,53,25,1
356,-78.8,110.2,0,5,7,1,0
108,-68.3,83.7,46,8,4,1,0
75,-26.6,242.7,16,88,83,6,1
37,-46.9,418.9,15,137,43,126,1
566,-52.8,61.7,221,10,5,1,0
24,-45.9,443.5,0,140,93,19,1
1106,-74.4,129.1,79,6,5,2,0
745,-74.4,97.5,129,18,8,19,0
658,-65.0,170.2,68,4,6,0,0
377,-56.5,52.6,0,11,2,1,0
93,-60.0,181.9,12,57,56,12,1
59,-47.2,211.6,19,113,52,159,1
690,-38.3,35.2,16,7,5,2,0
50,-57.5,522.2,25,121,29,155,1
116,-50.0,315.8,104,28,4,27,0
29,-38.5,409.6,27,66,87,117,0
957,-44.6,39.3,179,8,8,1,0
24,-52.0,412.6,6,137,71,121,1
356,-75.5,97.8,86,8,8,0,0
29,-49.3,472.6,1,120,95,178,1
657,-60.3,30.0,105,5,4,0,0
24,-54.0,117.3,10,141,99,15,1
40,-61.5,43.6,118,6,10,2,1
563,-50.9,121.3,238,75,5,16,0
175,-72.4,36.8,199,7,5,0,0
235,-79.2,93.2,79,6,6,0,0
680,-83.9,55.8,190,8,9,3,0
41,-36.4,292.8,2,143,43,28,1
603,-40.6,143.3,108,6,4,3,0
37,-25.3,270.5,2,94,80,223,1
808,-72.6,35.4,187,7,5,0,0
706,-77.8,62.2,84,9,8,0,0
40,-69.6,72.1,182,8,6,0,0
28,-39.5,300.0,9,131,106,163,1
40,-83.3,36.6,189,9,5,3,0
660,-56.3,79.4,135,12,6,3,0
437,-39.4,241.8,251,33,6,4,0
70,-30.7,402.2,211,30,6,21,0
333,-55.4,80.3,142,9,4,1,0
34,-41.5,501.8,11,72,10,75,1
634,-84.6,32.4,149,6,9,1,0
1280,-35.8,29.5,176,4,5,0,0
1205,-67.8,65.8,29,5,4,0,0
928,-56.5,37.7,64,4,5,2,0
612,-60.8,218.9,0,6,10,0,0
598,-54.5,18.7,152,8,4,0,0
456,-65.1,39.5,235,7,7,2,0
1449,-41.9,8.7,183,8,3,0,0
107,-76.6,82.7,235,5,4,5,0
725,-70.2,26.6,212,6,6,1,0
28,-35.9,248.4,15,106,74,146,1
59,-44.0,338.1,5,118,86,80,1
704,-52.6,390.1,207,21,8,15,0
265,-77.3,23.1,83,7,2,2,0
533,-60.5,20.5,234,5,2,1,0
222,-73.4,33.0,37,8,5,1,0
423,-82.8,11.0,178,8,8,0,0
249,-78.0,174.9,51,33,3,23,0
43,-39.3,395.1,0,112,79,15,1
45,-48.3,477.7,12,125,54,175,1
164,-76.0,52.5,37,8,10,1,0
120,-28.0,25.8,190,7,5,1,0
373,-63.4,121.4,98,10,2,0,0
24,-50.9,407.3,14,61,140,42,1
40,-51.7,91.4,271,6,2,1,0
322,-69.3,171.0,111,5,4,2,0
31,-49.6,283.3,9,157,97,68,1
26,-45.6,397.2,8,124,61,99,1
149,-56.0,114.2,86,7,5,0,0
281,-85.2,14.5,187,6,4,2,0
40,-68.1,43.1,19,9,4,0,0
710,-76.0,98.3,115,11,11,0,0
109,-50.4,234.5,6,77,38,31,1
104,-54.2,240.9,0,47,43,15,1
295,-54.9,183.7,123,5,5,0,0
67,-74.1,36.8,40,6,3,4,0
959,-54.3,48.2,74,4,4,0,0
505,-72.4,92.7,63,3,6,1,0
1043,-64.4,84.8,67,3,5,3,0
683,-37.3,65.4,60,7,9,0,0
28,-64.0,469.2,5,87,94,81,1
329,-76.7,77.7,164,5,4,1,0
1116,-52.3,124.1,135,9,11,3,0
681,-41.1,208.9,62,2,5,0,0
498,-63.3,64.3,90,4,7,3,0
999,-66.4,130.1,0,4,6,2,0
35,-67.8,276.5,17,96,75,8,1
44,-32.9,419.6,19,22,77,16,1
554,-36.2,77.8,166,4,5,0,0
40,-52.2,41.2,182,4,8,0,0
894,-58.0,14.2,43,11,6,1,0
928,-62.6,125.1,80,7,8,1,0
26,-47.4,584.4,13,120,96,77,1
24,-47.1,60.0,0,152,52,140,1
362,-75.8,244.6,91,5,3,2,0
790,-70.3,124.3,233,6,7,2,0
47,-69.2,269.6,17,47,45,117,1
1065,-57.8,247.9,123,28,4,26,0
778,-55.3,37.8,161,5,7,2,0
40,-60.0,402.4,18,128,88,141,1
1152,-44.6,72.3,203,4,8,1,0
786,-64.4,26.9,117,7,5,2,0
815,-75.3,147.2,140,8,5,3,0
559,-69.6,99.0,193,9,5,1,0
24,-54.0,295.9,17,49,97,142,1
420,-79.6,144.8,185,34,9,33,0
434,-44.2,75.8,120,5,8,0,0
667,-63.8,50.5,61,4,4,1,0
37,-25.3,423.3,9,78,10,86,1
40,-74.1,67.9,35,7,5,0,0
769,-66.8,72.3,7,4,5,0,0
711,-63.4,51.0,170,6,6,2,0
43,-57.2,291.9,4,93,51,57,1
43,-67.9,395.4,10,141,121,125,1
429,-40.5,76.4,0,6,6,0,0
24,-50.5,444.1,1,122,28,79,1
771,-54.3,26.7,95,5,1,1,0
441,-57.3,101.5,34,3,14,1,0
46,-43.8,588.8,0,148,10,165,1
40,-28.0,55.6,230,9,7,0,0
672,-61.4,128.6,146,12,10,2,0
37,-50.2,290.7,18,113,61,57,1
457,-59.7,304.4,212,14,11,13,0
472,-69.4,376.0,67,56,8,14,0
40,-39.5,81.9,122,10,9,3,0
683,-75.4,6.5,121,2,5,1,0
72,-67.2,43.8,74,7,6,1,0
73,-51.4,160.6,0,180,84,25,1
502,-59.1,57.9,89,7,5,0,0
117,-51.4,113.7,0,60,98,21,1
1017,-45.0,263.8,137,48,6,15,0
507,-64.2,6.5,93,3,10,2,0
91,-50.4,224.1,14,122,67,32,1
39,-52.9,328.5,20,144,86,85,1
29,-56.0,169.8,7,77,119,123,1
26,-42.9,590.9,2,58,54,133,1
40,-65.2,101.3,131,6,9,2,0
463,-71.3,105.3,131,2,7,0,0
777,-53.6,64.0,0,2,5,2,0
609,-32.9,81.0,120,5,7,1,0
41,-52.6,429.6,6,97,52,80,1
567,-62.6,17.3,59,6,3,1,0
26,-25.0,279.9,0,69,37,94,1
40,-83.4,77.1,117,7,7,1,0
240,-64.3,83.4,46,4,8,1,0
27,-50.0,392.2,24,146,46,114,1
672,-62.4,121.9,149,7,10,1,0
254,-39.2,160.6,46,7,6,0,0
924,-64.3,31.1,50,6,7,1,0
24,-61.6,348.9,5,111,10,102,1
28,-50.8,435.9,0,97,49,70,1
29,-58.1,346.2,13,112,124,139,1
45,-64.1,529.2,12,76,47,29,1
534,-63.1,17.5,106,4,8,0,0
435,-71.9,29.0,115,3,5,1,0
51,-45.1,129.2,25,63,17,93,1
734,-65.7,32.8,107,7,4,3,0
41,-49.4,376.1,0,95,103,251,1
69,-71.3,133.7,86,4,10,1,0
319,-50.8,31.2,95,8,9,1,0
25,-57.0,425.1,4,61,16,102,1
668,-65.6,26.6,70,5,5,0,0
953,-43.6,33.0,108,5,8,0,0
25,-53.1,636.3,0,47,60,10,1
562,-50.0,222.1,188,86,7,7,0
43,-79.9,65.3,114,5,5,1,0
194,-48.4,157.2,154,9,6,2,0
40,-51.7,171.6,116,5,8,2,0
1143,-55.0,32.9,103,5,14,3,0
29,-32.0,238.7,14,69,91,167,1
500,-67.8,83.0,122,6,4,0,0
658,-93.6,147.0,243,5,5,0,0
734,-58.0,210.9,199,8,10,3,0
226,-49.0,392.9,77,38,3,22,0
30,-80.6,512.1,12,93,129,104,1
591,-63.7,40.0,58,4,5,0,0
703,-62.1,270.7,59,43,6,26,1
33,-46.2,525.9,5,120,70,97,1
24,-25.0,259.9,2,68,23,66,1
57,-47.7,347.5,15,131,73,152,1
454,-60.3,143.8,149,2,4,0,0
1208,-66.4,71.2,217,3,6,2,0
25,-41.4,229.0,17,79,96,106,1
61,-34.0,424.8,17,112,21,108,1
43,-55.4,485.6,0,98,79,121,1
533,-49.8,13.8,115,5,3,4,0
310,-79.3,40.0,159,7,9,2,0
40,-76.9,73.8,88,7,6,0,0
302,-53.8,66.9,77,4,2,2,0
445,-60.7,75.6,145,10,5,1,0
38,-72.6,598.3,0,119,65,65,1
1139,-58.4,51.0,135,5,9,2,0
51,-81.2,133.0,43,6,2,1,0
795,-73.2,71.8,218,3,9,3,0
879,-66.3,166.0,297,8,4,1,0
212,-66.4,263.3,190,5,3,1,0
68,-43.1,156.4,20,116,57,10,1
25,-73.6,569.8,6,82,95,48,1
69,-52.6,193.9,28,118,181,32,1
24,-56.2,95.3,5,73,10,16,1
39,-34.6,213.3,0,182,10,151,1
27,-66.7,524.8,15,15,65,164,1
40,-69.0,42.2,189,7,5,1,0
24,-57.3,386.9,14,83,88,38,1
173,-64.8,169.1,52,8,2,1,0
40,-48.0,67.5,152,7,6,0,0
51,-41.0,256.0,9,107,94,173,1
49,-50.4,393.1,10,58,52,48,1
599,-63.6,193.6,199,2,5,3,0
73,-74.8,34.2,118,6,6,0,0
221,-48.7,12.7,80,8,1,1,0
394,-74.0,20.7,110,2,6,0,0
750,-44.1,51.2,63,4,1,0,0
823,-53.9,177.9,126,5,2,2,0
24,-52.1,410.7,4,93,63,179,1
869,-82.4,144.0,207,5,8,1,0
148,-59.1,157.3,9,62,68,17,1
615,-54.3,71.6,0,12,7,1,0
687,-60.0,158.5,227,4,6,0,0
480,-95.0,74.6,117,4,10,0,0
143,-55.8,21.2,42,4,4,2,0
51,-33.2,644.8,9,69,88,168,1
491,-41.9,137.2,125,3,5,3,0
39,-50.3,376.2,0,111,10,125,1
714,-58.5,78.5,172,8,7,0,0
540,-34.4,84.8,110,7,2,1,0
71,-37.5,66.6,15,26,20,33,1
38,-25.0,491.5,1,151,77,185,1
48,-65.3,153.7,8,105,10,15,1
40,-43.1,200.5,10,136,98,154,1
35,-52.1,338.5,5,48,81,89,1
518,-71.7,31.1,112,7,6,0,0
46,-45.6,355.7,24,64,81,69,1
50,-27.1,264.5,10,114,47,154,1
45,-50.0,364.9,0,84,53,56,1
688,-62.6,86.5,89,7,5,6,0
760,-95.0,93.9,5,5,6,1,0
30,-40.0,263.3,0,61,30,184,1
49,-60.9,703.7,1,60,10,34,1
664,-89.8,30.3,56,8,4,2,0
37,-42.9,390.0,14,30,10,136,1
562,-45.4,17.7,140,5,7,2,0
24,-42.9,215.3,11,136,133,84,1
603,-58.2,17.4,0,5,2,1,0
648,-61.7,93.4,169,7,4,1,0
689,-69.9,296.0,161,54,3,28,0
46,-34.0,709.9,16,170,52,134,1
24,-40.5,308.7,23,99,92,42,1
780,-50.6,25.3,109,7,5,1,0
338,-67.8,62.7,170,6,8,1,0
554,-67.1,32.0,36,5,8,2,0
354,-35.2,50.9,138,5,10,2,0
975,-58.3,91.6,131,8,9,1,0
401,-53.6,46.6,190,3,4,3,0
37,-42.0,598.0,9,15,95,124,1
763,-60.9,75.7,37,8,4,1,0
640,-66.7,49.6,17,7,7,0,0
557,-54.6,95.5,248,6,5,1,0
800,-50.5,66.7,50,6,1,3,0
40,-53.9,61.0,125,5,6,2,0
490,-69.1,100.4,114,9,4,4,0
135,-40.4,80.7,14,161,50,14,1
1021,-87.6,4.1,172,6,5,2,0
29,-39.4,239.3,0,89,105,48,1
24,-42.0,606.4,5,15,87,105,1
611,-43.6,36.3,179,5,5,3,0
171,-55.1,31.7,244,3,7,0,0
1270,-45.7,13.0,226,6,8,0,0
451,-70.4,42.2,184,5,9,0,0
40,-60.0,155.9,183,49,4,22,0
137,-48.1,115.4,0,40,55,19,1
790,-51.2,39.8,104,6,5,0,0
49,-51.2,260.2,12,70,52,201,1
256,-47.5,115.4,185,5,10,0,0
36,-61.6,304.5,12,77,70,85,1
936,-61.2,117.5,126,4,5,2,0
1113,-78.5,113.7,5,8,8,0,0
34,-31.9,431.5,17,82,39,67,1
460,-84.1,104.8,85,3,5,1,0
116,-63.2,60.0,76,10,2,1,0
687,-56.3,51.5,62,4,3,1,0
1132,-55.8,147.9,127,6,3,1,0
497,-51.7,42.2,78,8,10,1,0
32,-41.1,511.7,10,24,60,244,1
42,-53.2,501.3,16,162,64,154,1
235,-52.0,263.5,122,60,7,12,0
522,-69.1,34.1,149,3,1,2,0
81,-89.6,42.1,176,9,3,2,0
40,-55.7,113.6,188,4,4,0,0
312,-59.1,36.4,4,12,5,2,0
345,-54.8,106.6,77,4,7,5,0
37,-54.4,183.3,12,77,60,88,1
69,-46.8,126.7,0,126,112,40,1
29,-39.6,623.9,2,18,19,83,1
24,-56.4,283.6,17,162,48,164,1
732,-91.2,80.7,164,10,6,2,0
685,-67.3,5.8,37,4,4,2,0
84,-80.9,100.0,32,61,8,16,0
88,-49.3,37.0,104,10,4,0,0
40,-60.1,36.3,131,10,4,2,0
636,-56.4,101.4,146,10,8,1,0
132,-56.5,14.1,111,3,4,0,0
24,-64.4,403.5,10,95,36,210,1
69,-67.1,181.4,8,50,83,16,1
57,-48.8,459.8,18,149,97,108,1
368,-68.1,115.0,91,3,10,1,0
161,-39.2,29.0,78,5,5,2,0
671,-63.2,4.8,95,6,8,0,0
75,-41.3,218.4,7,130,95,10,1
40,-62.0,18.5,194,10,3,1,0
282,-59.0,72.2,43,5,8,1,0
210,-80.8,80.0,153,38,5,24,0
34,-45.3,87.5,2,100,92,100,1
830,-76.2,64.0,0,9,4,0,0
418,-75.9,25.3,253,5,6,2,0
329,-64.5,94.9,36,14,7,2,0
281,-57.5,85.5,270,7,10,1,0
596,-64.8,58.5,151,5,8,5,0
452,-56.5,48.2,0,3,5,2,0
36,-44.7,462.9,6,33,16,107,1
385,-39.1,83.7,0,5,5,2,0
24,-63.4,528.6,13,126,77,107,1
24,-46.0,370.0,12,60,35,93,1
565,-57.1,25.7,125,6,8,1,0
188,-44.1,35.6,166,8,10,1,0
40,-69.6,75.7,155,7,9,2,0
578,-73.7,130.6,112,1,6,2,0
503,-56.6,28.5,43,6,10,0,0
444,-42.7,41.9,182,3,2,1,0
29,-45.2,679.0,0,234,87,61,1
1065,-71.5,39.7,172,8,3,0,1
1070,-74.8,87.3,123,3,7,0,0
50,-68.1,305.9,9,114,86,8,1
48,-43.8,187.7,1,65,38,104,1
598,-72.2,86.0,104,8,10,2,0
31,-44.5,401.4,5,143,47,69,1
43,-47.4,54.9,0,15,36,20,1
32,-51.5,247.9,14,138,132,75,1
27,-42.3,95.4,6,83,10,40,1
47,-50.3,195.3,11,100,71,100,1
381,-69.8,273.9,5,80,1,22,0
29,-62.6,675.0,8,65,113,185,1
24,-40.9,409.1,6,40,61,139,1
760,-71.6,31.6,27,3,7,0,0
28,-26.3,435.7,13,72,122,117,1
713,-71.8,86.8,103,7,3,2,0
34,-40.4,106.9,5,191,107,137,0
434,-73.1,44.5,154,8,8,0,0
130,-53.4,255.8,9,136,116,16,1
52,-52.2,3.6,92,5,8,1,0
411,-48.5,83.2,138,9,6,0,0
32,-49.4,184.8,6,131,128,38,1
48,-55.3,249.3,15,127,78,111,1
55,-59.3,518.7,5,53,17,135,1
24,-59.8,602.4,7,64,74,62,1
311,-45.7,139.7,100,8,8,2,0
824,-62.9,334.4,149,50,4,19,0
644,-70.1,59.1,185,4,6,1,0
401,-65.1,18.4,116,13,5,3,0
270,-43.4,200.3,151,5,9,1,0
555,-44.4,37.5,144,9,5,2,0
101,-52.7,154.6,2,68,76,21,1
1226,-83.7,35.4,190,8,3,0,0
1395,-62.9,133.8,65,9,6,1,0
42,-43.9,329.5,7,116,118,126,1
167,-59.9,289.9,115,51,4,27,0
621,-78.3,114.6,194,8,8,3,0
39,-49.8,307.8,7,74,80,188,1
1028,-75.7,44.8,73,6,9,1,0
46,-48.3,442.5,12,15,137,182,1
391,-70.8,58.4,107,2,7,2,0
71,-57.2,19.7,60,4,5,1,0
644,-70.4,194.0,104,44,6,13,0
603,-60.1,55.1,107,4,3,1,0
24,-48.3,60.0,1,156,95,109,1
1052,-95.0,96.5,70,3,9,2,0
35,-55.2,522.7,6,69,71,109,1
689,-59.1,47.1,138,5,6,2,0
425,-48.0,31.3,43,5,8,1,0
31,-45.9,332.1,28,225,48,183,1
817,-45.1,119.1,130,5,7,0,0
457,-65.9,100.6,127,5,6,0,0
263,-55.8,65.6,137,2,7,2,1
29,-33.9,581.3,16,134,46,114,1
580,-86.3,152.7,85,5,5,1,0
706,-47.6,31.5,173,9,4,1,0
183,-85.5,44.3,0,3,9,0,0
526,-72.2,130.2,104,34,3,31,0
47,-37.8,598.6,2,148,116,92,1
492,-67.3,123.2,100,6,4,2,0
45,-46.9,518.6,13,111,10,148,1
576,-74.6,49.4,125,7,4,2,0
40,-53.1,95.4,52,4,7,1,0
29,-66.0,340.0,6,46,49,165,1
36,-50.0,644.0,15,141,96,89,1
505,-44.7,42.3,56,8,3,1,0
64,-51.8,309.7,11,54,54,94,1
577,-54.7,58.4,156,6,5,0,0
403,-64.1,62.1,113,7,2,3,0
733,-81.7,74.6,125,1,7,2,0
836,-57.6,186.0,120,45,5,14,0
151,-43.6,155.6,17,98,68,15,1
778,-55.2,16.3,89,12,7,4,0
58,-52.7,296.9,0,61,160,103,1
283,-45.3,63.0,0,5,9,2,0
581,-64.2,135.2,30,7,7,0,0
1059,-91.1,17.6,0,6,7,2,0
606,-61.4,13.2,0,5,7,0,0
365,-61.2,18.9,33,5,11,1,0
27,-57.7,573.6,0,36,58,106,1
607,-66.2,123.8,50,5,3,3,0
41,-49.1,471.9,21,27,44,64,1
87,-63.2,139.9,25,6,11,0,0
670,-62.0,106.7,34,2,10,1,0
680,-64.3,39.0,86,7,4,0,0
116,-53.3,48.1,154,7,7,1,0
604,-31.6,264.1,125,61,7,14,0
40,-46.0,508.0,6,130,44,140,1
506,-46.7,17.6,74,9,5,1,0
811,-57.6,25.6,298,7,6,1,0
644,-71.4,21.7,14,11,8,0,0
24,-33.6,409.9,28,109,78,93,1
965,-89.7,28.4,52,7,5,1,0
46,-48.2,361.1,5,130,11,106,1
772,-53.7,43.3,181,5,4,2,0
719,-55.5,345.7,49,47,6,31,0
380,-55.4,119.1,149,9,8,1,0
780,-70.3,85.9,116,8,6,2,0
282,-34.1,31.1,200,9,7,2,0
830,-68.7,131.6,84,3,3,1,0
414,-58.8,34.8,35,3,7,1,0
37,-50.6,564.9,6,96,103,91,1
720,-54.8,94.6,112,10,8,1,0
144,-78.8,133.4,20,122,70,7,1
56,-56.8,446.0,16,128,37,86,1
113,-75.9,421.5,123,72,4,22,0
146,-50.8,246.2,3,42,88,15,1
230,-48.4,193.0,120,8,3,1,0
614,-64.3,101.0,137,4,7,2,0
568,-69.1,56.5,88,3,5,1,0
461,-66.3,138.1,213,9,5,1,0
372,-65.5,27.4,208,6,1,1,0
242,-65.4,38.1,91,6,3,1,0
496,-37.4,37.6,243,10,7,4,0
645,-55.9,31.2,42,8,7,1,0
40,-48.9,97.3,149,8,12,0,0
481,-68.9,38.9,0,7,7,1,0
630,-38.6,274.2,130,65,4,19,0
41,-55.2,158.9,0,103,73,98,1
137,-67.7,61.5,0,6,9,1,0
46,-33.3,381.8,15,152,86,51,0
412,-83.4,30.5,85,6,9,2,0
40,-69.3,156.1,183,10,10,0,0
321,-71.6,29.4,153,14,5,0,0
24,-60.2,591.1,4,39,63,79,1
40,-85.9,69.6,86,4,9,2,0
48,-30.0,374.4,9,199,114,169,1
31,-69.2,413.0,20,78,167,138,1
616,-49.5,203.1,92,6,3,4,0
314,-69.4,375.3,119,10,4,23,0
44,-34.6,410.5,16,90,41,124,1
323,-61.8,93.5,214,2,10,0,0
39,-38.4,393.1,19,98,125,53,1
353,-47.5,57.9,206,7,4,0,0
622,-64.1,19.2,27,10,10,1,0
384,-44.5,27.1,103,5,6,4,0
130,-66.6,87.1,105,2,7,1,0
215,-54.6,88.6,144,10,5,1,0
62,-64.3,126.0,11,102,128,29,1
25,-32.1,531.2,0,60,63,29,1
686,-55.6,135.2,42,42,5,7,0
554,-42.2,50.2,199,1,8,1,0
622,-86.4,50.6,0,9,5,0,0
298,-51.8,474.3,184,18,4,4,0
112,-71.6,275.4,24,71,7,24,0
281,-60.7,98.1,81,1,4,1,0
1040,-65.3,121.6,149,8,4,0,0
495,-68.2,115.9,0,9,9,1,0
24,-32.2,372.8,17,166,133,168,1
36,-43.8,410.9,7,97,86,83,1
470,-75.8,336.2,120,50,8,17,0
43,-53.3,485.0,13,44,41,167,1
592,-70.5,76.5,59,1,4,1,0
30,-50.3,287.9,4,15,68,150,1
877,-75.2,53.7,111,9,8,1,0
940,-56.8,107.1,170,7,3,0,0
27,-43.7,161.3,10,36,48,8,1
1198,-28.0,76.6,59,7,3,1,0
338,-69.3,22.6,122,3,2,1,0
806,-60.4,157.9,32,6,5,1,0
45,-40.6,491.6,6,103,61,172,1
53,-64.3,168.9,17,87,77,17,1
858,-46.0,82.3,171,6,6,2,0
818,-66.7,28.5,39,6,14,1,0
221,-56.4,120.5,15,144,73,33,1
182,-63.7,75.4,112,10,8,2,0
105,-33.7,147.9,23,139,108,18,1
48,-34.3,292.5,16,101,69,160,1
33,-46.3,223.5,10,18,87,215,1
754,-76.5,202.1,76,4,4,1,0
278,-48.4,297.9,0,35,10,12,0
415,-60.5,49.1,30,4,9,1,0
51,-51.9,307.0,10,103,48,108,1
40,-42.1,83.0,78,4,6,3,0
41,-57.8,185.5,7,92,10,67,1
469,-42.0,391.1,0,40,5,24,0
32,-58.1,190.7,10,165,88,126,1
547,-45.1,42.6,180,6,7,2,0
267,-39.8,210.8,109,7,6,2,0
849,-45.5,151.9,127,4,7,4,0
34,-39.4,454.8,11,122,17,184,1
29,-40.0,574.6,6,15,49,77,1
893,-45.6,73.1,56,4,8,2,0
239,-78.1,47.1,109,4,8,3,0
115,-38.3,111.5,125,7,8,1,0
806,-67.1,118.9,223,5,7,0,0
623,-74.5,26.0,144,8,6,2,0
32,-51.9,408.6,0,114,89,142,1
918,-60.7,26.2,209,7,2,1,0
352,-58.1,98.4,97,61,7,4,0
349,-76.0,64.4,274,6,7,2,0
55,-38.3,415.9,0,92,99,75,1
33,-52.4,226.2,16,168,117,8,1
1008,-57.6,120.4,207,10,6,3,0
571,-54.5,56.3,72,6,8,0,0
34,-43.9,371.5,1,76,117,119,1
24,-59.7,418.4,14,143,82,139,1
460,-68.2,196.2,110,7,3,1,0
24,-60.2,487.4,7,114,76,93,1
50,-33.0,303.7,6,19,156,143,1
185,-61.7,309.1,61,64,7,21,0
149,-61.5,60.2,290,9,10,0,0
40,-68.0,75.7,57,3,5,2,0
409,-92.4,134.3,195,11,5,1,0
118,-60.9,105.6,63,6,7,0,0
59,-47.1,469.6,3,116,70,222,1
24,-47.8,546.5,11,236,53,8,1
121,-44.0,154.0,5,66,92,15,1
35,-39.9,364.7,0,41,97,158,1
35,-57.5,366.0,14,132,110,72,1
43,-53.2,438.9,10,91,14,26,1
26,-42.1,417.6,9,99,41,34,1
791,-74.7,52.7,154,3,6,2,0
814,-72.8,244.0,193,27,7,9,0
24,-43.3,561.6,14,89,100,116,1
406,-60.7,35.9,165,8,5,2,0
24,-25.0,454.1,12,155,56,74,1
138,-48.2,83.3,0,3,11,3,0
40,-49.5,34.7,216,3,4,1,0
539,-72.5,43.0,5,4,4,3,0
693,-76.4,30.2,198,4,2,0,0
40,-83.0,287.1,26,20,11,13,0
24,-52.2,60.0,7,114,71,103,0
24,-70.6,258.3,0,49,143,11,1
157,-61.7,186.9,18,15,88,11,1
1145,-44.0,141.1,178,7,7,0,0
55,-47.8,359.7,6,132,102,125,1
24,-39.1,265.1,0,64,10,231,1
36,-47.5,480.5,0,175,65,21,1
50,-29.1,284.2,18,157,39,144,1
115,-77.7,72.2,161,3,8,1,0
63,-47.9,424.8,6,20,10,148,1
212,-69.7,95.0,44,6,8,0,0
51,-44.1,257.3,7,137,25,119,1
176,-71.4,106.0,38,8,3,1,0
727,-61.6,45.6,124,4,4,0,0
24,-37.5,226.8,18,88,107,95,1
745,-37.5,10.2,57,8,11,2,0
43,-25.0,308.1,0,83,110,183,1
25,-53.0,303.8,5,84,59,42,1
24,-49.8,174.0,16,108,36,62,1
600,-70.4,35.2,59,10,5,0,0
84,-82.8,95.7,231,5,3,4,0
755,-52.2,58.6,240,10,7,0,0
334,-55.4,68.4,59,5,4,2,0
729,-65.9,135.2,169,3,6,0,0
660,-50.9,79.5,196,9,7,0,0
42,-44.7,298.7,15,112,101,128,1
60,-49.9,369.2,0,118,74,63,1
231,-70.9,38.5,149,9,5,0,0
182,-56.5,193.5,18,99,54,6,1
1382,-60.9,105.0,100,11,5,0,0
40,-49.1,53.4,185,2,9,0,0
71,-60.4,143.1,10,105,72,28,1
576,-80.4,49.4,102,3,7,2,0
24,-55.9,198.6,7,122,135,111,1
641,-67.9,107.9,220,3,6,1,0
913,-54.2,97.6,140,8,6,3,0
24,-42.4,639.4,22,149,100,154,1
567,-55.2,35.7,130,7,2,1,0
393,-61.5,46.3,92,7,5,1,0
115,-52.0,187.4,22,115,107,12,0
30,-29.8,491.4,16,51,118,170,1
440,-53.8,71.9,211,6,5,2,0
946,-51.8,20.0,130,8,6,1,0
151,-52.1,103.9,45,10,6,1,0
37,-53.8,382.6,9,87,28,20,1
26,-36.3,276.9,0,79,116,70,1
49,-74.4,151.4,172,5,9,1,0
450,-78.4,57.3,55,2,6,1,0
300,-62.8,264.4,119,10,6,1,0
50,-45.3,618.6,11,86,118,214,1
588,-53.7,36.8,56,6,7,1,0
600,-83.0,50.0,37,9,8,0,0
30,-56.8,318.4,11,15,112,165,1
150,-54.6,76.8,204,7,6,0,0
46,-45.6,353.4,15,15,49,107,1
717,-60.8,34.6,208,5,3,0,0
621,-61.5,80.2,119,3,7,1,0
235,-53.7,23.7,119,4,3,1,0
24,-30.3,271.4,6,144,131,73,1
366,-39.2,139.2,169,8,4,0,0
40,-60.2,116.5,139,6,4,1,0
1178,-80.4,42.4,128,10,2,2,0
1232,-28.0,116.1,202,6,9,0,0
672,-86.0,18.8,88,7,7,0,0
262,-53.7,275.0,45,7,13,0,0
37,-63.3,302.9,0,15,119,31,1
399,-65.5,102.0,149,3,7,2,0
36,-62.4,514.8,9,180,97,148,1
327,-71.9,73.4,117,8,2,3,0
24,-48.0,286.6,0,182,81,108,1
200,-68.4,101.8,185,5,2,1,0
40,-64.4,57.6,90,2,2,1,0
488,-62.8,62.6,50,4,6,0,0
29,-67.0,423.6,18,138,63,148,1
502,-68.6,8.8,30,7,5,1,0
308,-72.9,96.6,52,11,8,2,0
589,-62.9,135.7,75,4,5,1,1
29,-66.6,496.2,0,91,80,8,1
36,-50.7,455.3,12,17,93,133,1
247,-64.9,62.0,86,6,7,1,0
658,-71.5,76.4,59,7,1,1,0
51,-48.2,449.1,10,153,63,93,1
309,-50.1,268.6,86,66,5,9,0
24,-57.3,550.5,0,135,33,104,1
46,-43.5,528.5,3,60,41,133,1
46,-35.7,335.3,2,182,99,140,1
88,-52.9,217.5,14,15,89,6,1
37,-50.9,351.0,5,110,25,60,1
846,-67.7,193.0,152,2,8,1,0
1078,-63.7,60.1,26,4,5,0,0
721,-65.1,110.8,88,7,2,0,0
77,-30.2,125.3,11,93,117,30,1
47,-50.6,517.0,4,100,100,168,1
32,-57.4,419.3,10,76,68,50,1
96,-54.3,246.7,11,15,99,14,1
35,-47.2,449.3,8,108,19,152,1
724,-75.2,91.9,183,7,3,1,0
44,-55.8,604.8,0,115,140,110,1
227,-51.1,19.4,54,9,4,1,1
763,-78.2,35.4,108,11,2,2,0
40,-56.6,124.2,112,2,8,1,0
786,-71.9,55.7,210,7,1,0,0
97,-67.9,93.0,166,52,5,12,0
553,-65.3,164.5,69,8,6,1,0
33,-55.4,325.8,5,106,71,78,1
370,-48.0,82.5,305,3,5,2,0
668,-60.6,423.5,28,10,7,4,0
600,-62.8,170.7,89,6,7,1,0
906,-55.6,43.6,132,3,4,0,0
108,-41.5,67.9,178,7,5,3,0
822,-63.3,181.6,57,27,11,9,0
104,-42.9,101.2,3,57,35,31,1
717,-70.5,210.5,207,92,7,32,0
593,-79.6,239.7,5,20,4,8,0
55,-44.7,105.9,7,71,74,42,1
37,-50.5,587.1,3,57,98,47,1
824,-43.2,116.9,148,6,6,1,0
37,-52.4,495.5,9,99,68,132,1
141,-59.8,158.8,13,31,32,22,1
1036,-64.5,31.4,101,4,6,2,0
44,-67.4,375.1,4,98,100,171,1
354,-76.7,34.6,161,3,10,1,0
37,-60.1,532.2,13,34,115,118,1
277,-77.4,44.6,96,7,9,1,0
425,-64.3,20.9,80,8,8,3,0
35,-47.6,625.7,4,108,28,107,1
856,-60.4,35.6,214,6,6,2,0
433,-48.8,26.5,118,3,5,2,0
24,-58.6,564.6,5,118,71,25,1
310,-62.3,113.3,104,9,7,1,0
503,-70.6,78.3,92,2,7,1,0
34,-55.4,296.5,14,130,10,121,1
335,-49.3,75.3,189,3,9,1,0
24,-42.5,375.2,4,138,92,29,1
1343,-69.3,20.1,104,7,4,2,0
28,-51.7,215.7,0,20,39,111,1
48,-51.1,648.0,15,78,96,87,1
314,-66.7,24.7,93,3,8,2,0
46,-52.5,336.2,18,70,114,194,1
1100,-48.2,101.1,60,2,5,3,0
24,-41.5,537.1,24,68,128,134,1
787,-47.8,108.2,114,13,2,1,0
880,-57.0,47.9,163,7,5,3,0
35,-53.5,260.7,3,147,44,123,1
36,-51.2,245.3,1,157,26,113,1
1368,-53.1,18.9,131,4,11,3,0
47,-64.4,513.0,4,62,59,59,1
35,-51.7,463.1,0,76,114,75,0
1113,-61.0,34.6,192,6,11,1,0
1131,-66.0,158.8,207,30,8,28,0
809,-65.2,67.0,0,7,3,0,0
266,-52.3,25.4,126,4,10,1,0
40,-59.4,148.7,269,5,6,3,0
100,-56.0,90.5,14,108,115,21,1
1293,-75.8,138.7,36,7,3,1,0
199,-48.7,58.8,257,5,5,1,0
277,-81.9,14.8,147,7,5,0,0
735,-52.8,133.8,160,8,5,0,0
28,-36.7,259.6,14,149,82,103,1
32,-44.3,530.8,5,88,93,168,1
557,-67.1,158.5,69,8,7,2,0
32,-53.2,547.8,14,134,99,32,1
386,-64.5,76.4,69,6,6,1,0
708,-64.1,60.7,147,3,8,1,0
40,-45.5,37.5,76,7,4,2,0
40,-70.1,67.8,88,5,7,1,0
1694,-51.2,208.3,52,70,6,4,0
702,-62.3,160.0,183,7,3,1,0
864,-33.8,111.9,114,5,6,2,0
40,-69.8,38.4,76,3,5,0,0
391,-63.9,56.8,236,7,6,3,0
724,-60.3,145.5,136,6,2,3,0
185,-28.0,182.9,180,7,4,1,0
126,-55.5,76.6,9,86,46,23,1
1311,-60.1,59.7,123,8,3,0,0
601,-64.4,140.8,19,4,3,4,0
854,-30.0,60.2,187,5,6,1,0
31,-54.8,466.5,3,15,77,102,1
36,-35.1,381.5,2,140,49,159,1
1065,-52.6,189.0,187,7,4,0,0
91,-42.6,223.7,0,50,123,24,1
835,-43.4,34.2,87,3,5,2,0
903,-57.1,206.5,32,23,7,23,0
607,-72.0,34.8,202,4,7,2,0
39,-44.4,413.6,11,66,42,196,1
603,-68.8,25.7,89,8,5,1,0
37,-34.1,459.5,14,71,85,148,1
30,-47.8,359.2,10,170,97,126,1
45,-46.3,590.6,10,74,43,32,1
298,-90.7,46.3,29,10,7,0,0
684,-50.4,12.0,28,6,5,1,0
608,-68.9,19.7,143,7,2,0,0
717,-41.4,452.7,126,60,9,4,0
140,-31.8,230.8,2,100,63,38,1
721,-69.3,15.4,68,6,6,0,0
616,-56.5,24.6,56,7,4,0,0
669,-49.0,16.9,166,5,8,1,0
24,-44.2,175.9,8,112,10,93,1
44,-44.3,222.8,2,123,75,32,1
50,-44.5,261.5,13,127,64,78,1
771,-83.2,37.7,35,4,7,0,0
461,-60.8,56.1,252,7,2,1,0
106,-51.9,94.6,12,114,37,36,1
63,-53.2,40.0,15,74,106,30,1
556,-65.5,45.4,129,7,5,0,0
1171,-66.0,95.2,208,3,5,1,0
1045,-38.9,150.1,47,62,5,13,0
118,-85.3,88.7,152,5,4,3,0
122,-51.7,88.0,22,190,93,44,1
1087,-72.9,333.5,268,7,4,3,1
297,-44.8,149.0,140,3,5,1,0
513,-84.9,78.6,0,6,5,2,0
40,-68.3,26.0,272,3,7,2,0
815,-63.1,111.5,136,1,6,1,0
53,-56.3,92.0,21,90,115,53,1
737,-61.3,30.6,188,5,3,4,0
27,-46.6,589.9,10,71,50,33,1
40,-52.8,15.4,169,7,9,2,0
508,-62.8,93.1,159,7,7,2,0
1149,-84.4,172.6,40,3,3,2,0
35,-52.4,149.6,4,133,68,133,1
24,-46.6,166.2,7,94,93,49,1
26,-49.8,172.9,13,108,121,170,1
229,-61.9,61.8,231,1,8,0,0
49,-50.0,190.0,13,183,10,61,1
47,-28.9,226.6,7,52,68,122,1
429,-67.6,26.0,115,2,5,1,0
30,-52.6,480.3,4,139,26,118,1
47,-53.2,421.3,4,132,41,119,1
79,-48.6,169.0,5,102,130,11,1
593,-58.4,51.7,216,5,8,1,0
25,-32.5,508.6,16,88,91,158,1
385,-56.9,58.1,127,4,5,0,0
40,-54.8,43.4,176,6,6,1,0
1043,-54.6,48.7,17,3,10,0,0
678,-58.1,144.6,138,1,4,2,0
64,-59.5,570.0,8,112,10,173,1
763,-86.6,44.2,38,6,9,0,0
350,-65.4,63.2,60,7,4,2,0
1203,-56.5,19.6,229,13,8,2,0
768,-28.7,68.9,127,3,1,3,0
877,-82.2,142.0,152,6,5,1,0
631,-78.6,112.5,126,6,7,1,0
109,-37.1,184.8,0,98,106,26,1
715,-49.0,121.1,24,9,5,3,0
489,-59.0,122.1,36,6,5,1,0
34,-49.7,369.7,0,202,64,177,1
47,-53.0,314.7,2,207,127,50,1
606,-61.5,127.4,137,3,7,0,0
284,-65.8,156.0,108,10,7,29,0
31,-52.6,484.8,3,53,81,186,1
578,-69.7,36.9,35,7,8,0,0
29,-45.7,307.2,0,131,32,142,1
972,-34.4,188.6,104,3,10,0,0
45,-46.7,198.8,11,129,10,134,1
466,-64.7,203.4,0,70,5,34,0
1601,-74.8,119.0,113,4,7,2,0
675,-72.5,231.7,125,39,9,20,0
24,-56.3,314.1,5,165,90,195,1
28,-47.5,667.5,19,149,48,19,1
1381,-58.9,163.5,189,6,10,2,0
171,-46.4,36.9,150,4,6,0,0
655,-69.7,32.3,131,5,8,0,0
94,-53.2,84.2,22,111,58,14,1
26,-41.7,244.8,8,106,60,112,1
154,-51.4,190.5,6,134,56,20,1
30,-38.3,256.0,9,68,91,144,1
32,-40.3,380.6,2,152,90,86,1
27,-42.7,728.8,14,96,89,175,1
996,-59.4,65.2,92,5,2,2,0
24,-59.1,397.8,0,137,83,86,1
1403,-65.2,135.8,96,4,3,1,0
213,-95.0,51.5,207,4,7,0,0
608,-79.2,303.1,85,23,1,23,0
79,-55.0,141.9,13,123,76,17,1
34,-64.5,241.5,0,148,107,183,1
595,-75.0,35.6,94,6,7,0,0
184,-80.3,89.6,147,6,6,1,0
709,-54.0,245.9,52,7,7,0,0
37,-42.7,607.5,12,152,84,25,1
666,-53.3,277.3,54,44,9,32,0
34,-36.4,466.9,18,46,57,159,1
31,-43.5,317.3,20,129,86,98,1
47,-60.5,71.9,109,4,3,1,0
53,-46.9,142.5,0,101,109,44,1
433,-46.1,170.0,97,4,3,0,0
39,-51.4,284.7,20,126,100,88,1
295,-52.8,90.1,113,11,8,1,0
297,-61.5,29.1,64,6,4,1,0
434,-70.7,47.5,66,11,4,0,0
601,-46.1,93.5,82,7,4,2,0
609,-90.0,135.1,138,6,5,1,0
37,-53.6,396.3,11,100,108,97,1
67,-50.2,143.5,4,91,95,22,1
27,-51.8,222.2,9,58,146,148,1
95,-51.4,211.1,48,43,6,10,0
53,-44.4,513.7,3,100,28,8,1
526,-51.9,34.6,34,4,7,1,0
940,-84.3,218.9,199,6,2,2,0
24,-44.1,255.4,0,83,74,103,1
24,-51.5,577.7,15,147,69,105,1
649,-70.7,66.9,148,13,8,2,0
29,-46.2,442.7,8,178,93,39,1
42,-50.9,533.8,1,78,48,72,1
431,-67.0,173.4,107,9,6,1,0
420,-54.5,37.1,75,7,3,1,0
505,-71.4,28.5,38,8,5,1,1
372,-45.5,234.1,69,9,13,2,0
69,-46.1,115.6,10,31,40,9,1
40,-55.7,120.3,138,9,8,0,0
666,-48.9,51.4,186,7,5,1,0
529,-61.7,23.9,105,6,6,0,0
815,-76.7,16.8,128,8,4,2,0
742,-58.9,13.4,143,7,7,2,0
1212,-63.6,74.1,209,4,7,2,0
458,-50.2,68.8,93,3,5,2,0
40,-47.8,26.4,260,5,5,2,0
36,-52.0,377.7,0,104,141,115,1
24,-42.6,214.5,2,74,36,119,1
394,-60.5,25.9,55,11,4,2,0
969,-63.2,328.6,165,38,7,9,0
25,-60.1,344.5,0,87,108,64,1
538,-43.6,23.1,113,2,10,1,0
59,-46.0,415.8,0,54,52,172,1
614,-60.6,19.1,99,6,6,1,0
717,-69.5,88.4,236,6,6,1,0
40,-35.6,67.5,68,4,9,1,0
29,-45.0,358.8,21,89,79,135,1
34,-45.4,257.0,0,107,49,111,1
39,-50.8,346.7,10,60,102,80,1
424,-44.6,22.6,16,2,5,1,0
1096,-60.5,10.5,111,2,8,1,0
951,-40.7,17.9,214,5,6,1,0
431,-60.1,85.7,146,10,5,1,0
717,-48.3,165.9,68,7,4,1,0
786,-79.8,55.2,146,9,4,3,0
802,-54.1,27.6,113,5,8,3,0
509,-55.4,101.3,143,13,4,0,0
139,-45.0,121.7,14,38,86,30,1
558,-71.8,286.0,115,37,5,9,0
86,-61.5,86.6,31,5,4,1,0
116,-56.4,105.9,4,48,77,14,1
273,-64.2,109.8,79,5,6,3,0
25,-65.2,362.8,7,49,89,77,1
81,-46.3,166.4,0,134,86,8,1
47,-37.1,342.9,12,103,71,121,1
711,-61.3,55.1,134,9,5,0,0
137,-48.7,193.9,12,43,50,34,1
29,-42.9,496.5,0,138,89,72,1
462,-79.5,92.1,145,1,2,0,0
37,-64.6,665.8,14,144,88,104,1
228,-74.7,43.2,64,7,7,2,0
611,-62.6,85.1,138,5,7,2,0
683,-68.7,189.8,169,5,6,3,0
205,-64.7,83.5,80,4,6,1,0
396,-59.1,37.4,163,10,6,3,0
107,-61.6,87.4,9,156,59,24,1
31,-46.7,632.6,10,84,46,125,1
821,-61.7,75.8,104,3,6,0,0
649,-75.4,386.2,190,38,7,22,0
57,-57.6,387.8,4,25,33,53,1
768,-67.3,146.2,107,8,4,3,0
988,-70.7,127.2,128,8,5,0,0
243,-68.6,47.8,112,8,3,1,0
46,-50.3,410.3,0,85,73,101,1
248,-67.7,227.3,138,4,5,3,1
139,-50.3,104.0,4,126,47,9,1
46,-52.2,605.2,17,15,64,105,1
129,-63.8,376.7,135,42,8,28,0
40,-56.6,84.0,135,2,10,2,0
40,-64.5,139.8,96,8,11,3,0
24,-55.4,807.5,21,135,61,128,1
45,-48.6,43.4,66,8,5,0,0
40,-59.3,120.2,191,4,3,2,0
42,-54.6,421.4,2,144,49,185,1
24,-38.6,423.8,11,75,69,170,1
29,-25.0,241.5,2,55,118,127,1
224,-35.3,65.6,0,6,8,1,0
33,-36.9,159.7,0,55,10,98,1
33,-48.2,60.0,7,26,66,128,1
583,-87.6,97.0,98,6,6,2,0
698,-81.6,138.2,84,9,7,1,0
33,-56.6,202.5,0,144,18,99,1
350,-61.0,49.2,120,3,6,0,0
35,-58.0,615.4,4,143,36,150,1
432,-60.4,56.2,150,3,4,5,0
672,-51.4,112.9,118,5,10,2,0
522,-64.6,17.5,0,6,4,1,0
436,-56.3,38.6,122,4,7,1,1
731,-79.9,43.8,226,9,5,0,0
31,-52.6,380.1,11,78,35,49,1
40,-79.9,200.2,176,7,8,1,0
441,-48.1,94.7,135,6,6,2,0
652,-74.9,82.0,90,6,3,0,0
38,-50.1,423.4,11,119,154,46,1
560,-51.9,48.5,15,2,7,0,0
1023,-80.9,82.6,68,10,7,4,0
98,-66.1,80.5,151,3,9,2,0
63,-46.0,233.3,5,15,128,104,1
1548,-56.8,15.3,111,6,1,1,0
40,-48.9,116.3,61,6,4,1,0
168,-48.5,84.4,153,5,6,0,1
644,-52.8,61.1,0,5,6,0,0
142,-58.3,52.2,13,8,7,1,0
117,-41.4,197.2,7,129,64,22,1
675,-50.4,90.0,64,1,3,0,0
839,-48.0,33.8,27,6,3,2,0
642,-50.1,134.5,0,5,8,0,0
420,-44.9,444.1,186,58,7,24,0
560,-46.9,333.0,79,107,3,10,0
545,-57.1,61.9,62,8,4,1,0
35,-61.5,404.0,6,120,37,138,1
685,-88.9,121.9,89,32,9,18,0
80,-46.2,40.0,0,101,31,13,1
880,-65.9,117.0,114,8,7,1,0
42,-52.9,337.2,0,104,27,58,1
532,-47.9,109.8,42,4,4,0,0
544,-63.7,88.8,99,8,7,1,0
1160,-74.7,86.3,117,3,8,2,0
29,-41.6,376.4,10,80,116,89,0
39,-55.0,481.4,16,102,57,132,1
24,-53.2,236.5,17,156,80,8,1
1007,-56.0,74.8,94,7,3,1,0
293,-66.1,46.9,9,7,6,2,0
36,-50.7,477.5,23,179,40,124,1
27,-36.6,382.2,0,131,167,209,1
35,-39.3,318.4,21,35,83,101,1
265,-55.2,45.6,81,10,6,2,0
866,-61.3,40.4,109,5,5,3,0
658,-39.0,65.8,51,8,6,1,0
112,-34.9,188.9,0,97,36,22,0
536,-95.0,15.8,127,7,6,0,0
865,-66.6,41.7,234,12,5,0,0
45,-41.0,415.5,11,125,71,122,1
148,-44.1,17.5,197,6,5,0,0
1106,-52.3,310.1,94,23,3,24,0
725,-47.9,51.3,86,5,4,0,0
731,-28.8,233.0,168,12,2,26,0
45,-42.8,440.7,11,82,54,141,1
755,-95.0,47.8,213,5,7,0,0
190,-49.7,52.8,116,3,9,2,0
795,-56.2,56.3,143,5,6,1,0
166,-73.8,233.4,102,41,14,4,0
692,-73.0,295.7,123,70,5,24,0
34,-33.4,212.1,2,132,43,34,1
48,-32.8,190.3,4,188,24,13,1
37,-55.1,257.7,15,70,70,84,1
48,-33.0,237.4,14,113,101,61,1
396,-53.3,154.5,207,55,4,9,0
222,-47.2,58.6,120,3,7,2,0
824,-42.0,72.7,168,8,6,3,0
607,-50.2,60.0,33,7,8,1,0
380,-55.1,65.8,86,3,4,1,0
950,-62.9,303.2,80,62,7,11,1
412,-50.1,88.5,152,4,4,1,0
467,-89.3,174.5,201,9,7,1,0
716,-52.3,96.2,122,6,3,1,0
199,-62.5,27.0,37,2,8,2,0
670,-49.4,149.4,136,3,5,2,0
787,-70.3,63.2,41,5,3,2,0
27,-54.3,203.5,2,88,94,144,1
568,-90.0,16.8,161,8,13,2,0
348,-66.7,95.8,222,3,3,1,1
54,-34.3,159.8,1,24,189,33,1
42,-49.9,335.3,6,66,70,112,1
24,-37.2,444.4,0,50,75,142,1
24,-39.1,430.5,18,67,94,93,1
121,-53.4,125.6,9,110,119,18,1
53,-45.1,603.5,13,119,122,94,1
75,-57.9,66.4,3,165,53,17,1
390,-62.2,153.1,49,20,4,4,0
972,-65.4,215.8,31,2,3,1,0
32,-60.3,48.4,0,169,21,22,1
981,-65.9,13.8,113,4,4,3,0
295,-47.1,42.9,214,8,5,0,0
47,-60.9,267.5,3,116,90,135,1
490,-79.4,18.9,118,4,5,2,0
27,-43.7,443.2,8,118,81,139,1
233,-65.0,40.7,178,7,6,1,0
804,-65.7,494.9,149,71,7,17,0
54,-35.8,411.5,14,133,128,99,1
979,-76.3,206.5,144,42,5,26,0
156,-53.1,274.6,13,105,98,19,1
24,-47.1,273.6,1,51,70,151,1
780,-59.9,52.4,147,5,3,0,0
602,-75.1,333.9,73,44,7,23,0
543,-72.3,34.1,159,8,6,2,0
24,-30.1,135.6,12,143,39,71,1
89,-51.4,575.1,12,78,21,113,1
45,-44.3,527.3,8,83,82,171,1
45,-45.2,442.6,16,25,59,156,0
525,-78.8,32.1,206,7,4,0,0
486,-64.5,99.5,106,10,7,1,0
34,-39.5,415.4,6,118,65,157,1
593,-28.0,89.7,109,9,5,0,1
37,-44.7,562.2,7,72,108,99,1
1017,-92.1,137.6,40,8,3,3,0
389,-60.9,33.4,73,6,11,1,0
40,-36.4,32.2,103,8,4,0,0
412,-51.9,45.6,57,4,5,0,0
31,-58.3,319.1,0,15,69,84,1
465,-53.7,58.2,198,4,3,0,0
125,-84.8,55.0,103,7,4,1,0
49,-52.5,446.9,16,15,100,96,1
40,-55.1,489.1,5,82,69,52,1
696,-53.5,61.7,83,6,7,3,0
52,-47.2,222.1,15,154,55,60,1
942,-72.7,19.2,75,6,5,3,0
251,-46.8,40.9,87,9,5,0,0
698,-60.5,77.8,117,8,5,2,0
32,-49.4,488.0,17,34,65,146,1
29,-55.9,365.7,4,134,27,92,1
43,-45.3,60.0,11,81,132,199,1
414,-81.7,172.3,119,27,12,23,0
28,-53.1,429.1,17,118,50,197,1
931,-45.2,123.2,26,4,5,2,0
538,-74.4,87.4,83,3,6,1,0
165,-37.0,78.7,105,7,3,0,0
999,-66.4,181.4,50,3,9,0,0
301,-40.4,28.8,71,8,8,4,0
48,-34.1,451.1,12,116,93,104,1
65,-49.4,404.0,15,61,48,166,1
40,-67.4,49.0,133,2,9,2,0
782,-63.7,62.6,67,9,5,0,0
458,-55.5,334.0,113,53,8,26,0
1183,-66.2,109.0,177,3,6,1,0
40,-40.3,540.8,10,43,102,102,1
764,-55.1,15.9,0,3,8,3,0
711,-63.2,152.2,117,5,2,2,0
318,-95.0,74.1,94,6,9,0,0
35,-49.1,344.0,8,75,58,112,1
580,-64.8,166.3,78,41,3,13,0
1221,-74.3,298.1,57,55,4,31,0
38,-58.6,215.8,6,46,41,86,1
165,-47.7,76.1,215,6,5,0,0
30,-51.7,352.0,16,82,34,138,1
46,-30.4,348.0,17,34,83,189,1
272,-73.6,78.3,138,4,9,3,0
40,-62.7,274.0,126,9,6,1,0
730,-48.7,88.8,37,4,8,1,0
27,-56.6,240.2,18,60,33,112,1
864,-72.8,66.6,181,2,2,2,1
1451,-64.4,54.1,68,6,9,2,0
565,-39.6,80.8,43,5,14,3,0
924,-47.9,44.0,57,5,9,1,0
664,-67.9,118.5,247,5,3,2,0
365,-76.6,370.2,204,55,1,9,0
40,-57.7,224.4,18,149,32,132,0
37,-43.0,565.5,0,80,15,124,1
760,-61.0,347.9,134,24,5,25,0
811,-77.7,89.8,186,4,2,0,0
676,-52.6,126.4,0,8,8,2,0
56,-37.8,124.3,7,84,101,18,1
313,-69.5,46.9,127,7,4,3,0
41,-39.5,160.5,9,73,65,10,1
97,-71.9,20.6,86,8,4,0,0
30,-55.4,245.3,6,100,47,20,0
51,-53.5,350.9,11,77,87,199,1
829,-63.8,19.1,41,5,6,1,0
1405,-52.0,64.0,128,4,9,3,0
898,-42.0,55.5,202,8,7,1,0
24,-43.6,285.0,6,72,55,88,1
43,-51.2,340.5,18,82,43,88,1
616,-67.1,144.2,165,7,6,0,0
40,-61.4,11.4,120,3,9,1,0
31,-55.0,380.7,10,89,81,105,1
531,-68.0,6.7,95,2,7,1,0
53,-50.7,525.0,10,63,45,143,1
734,-28.0,69.5,120,9,8,1,0
584,-80.7,8.7,161,7,7,2,0
39,-47.5,513.2,12,105,77,13,1
24,-55.7,698.2,0,92,47,107,1
28,-57.6,123.3,9,75,78,75,1
74,-44.0,163.7,7,46,139,28,1
40,-50.8,226.0,22,48,59,90,1
25,-39.6,285.2,4,75,96,145,1
736,-64.7,80.0,65,60,9,26,0
96,-60.3,69.1,0,70,101,25,1
31,-55.7,417.8,4,38,116,181,1
782,-56.5,209.5,0,4,6,0,0
857,-51.2,76.2,68,7,10,1,0
460,-59.7,94.3,121,2,10,2,0
245,-57.6,272.7,51,34,9,34,0
24,-58.3,456.4,6,113,48,36,1
1278,-73.9,40.8,146,8,10,1,0
54,-45.5,279.2,3,150,58,129,1
740,-42.5,26.8,39,7,3,0,0
33,-47.0,348.7,11,36,102,92,1
24,-35.0,569.7,13,15,10,149,1
128,-62.0,239.0,25,138,154,18,1
517,-76.0,24.4,185,8,9,0,0
24,-45.6,338.2,16,70,71,100,1
578,-75.3,126.9,122,5,9,2,0
1080,-70.9,49.2,115,9,8,0,0
40,-57.0,49.4,251,4,4,1,0
40,-44.7,282.1,0,78,20,107,1
741,-37.8,233.0,151,10,4,9,0
467,-79.5,36.4,68,11,6,2,0
188,-85.2,47.1,150,3,5,3,0
538,-63.0,82.5,97,5,2,0,0
739,-75.6,155.3,82,8,7,1,0
510,-64.7,91.4,88,7,7,2,0
32,-41.5,358.6,22,98,10,74,1
688,-67.5,29.6,27,4,8,1,0
24,-60.3,496.4,19,38,74,8,1
622,-56.5,68.6,145,7,9,0,0
469,-81.8,25.8,3,11,6,1,0
1068,-61.5,212.5,86,10,3,1,0
564,-81.3,126.1,99,4,7,1,0
787,-57.7,71.1,19,5,13,1,0
64,-25.4,232.3,19,155,138,27,1
31,-55.0,496.9,30,88,20,154,1
54,-64.9,286.3,13,114,36,120,1
150,-56.4,187.1,12,77,95,13,1
55,-45.5,282.2,7,90,103,47,1
590,-59.2,53.5,202,6,7,0,0
32,-44.9,572.0,3,52,68,170,1
663,-67.2,183.1,111,44,9,25,0
1175,-74.9,19.3,81,5,3,1,0
117,-76.6,118.9,76,4,6,1,0
268,-65.2,3.7,64,6,7,2,1
24,-28.4,610.4,3,124,66,139,1
865,-71.6,63.7,108,7,6,0,0
1118,-72.3,31.5,100,6,8,0,0
174,-71.1,45.3,28,4,3,2,0
37,-35.3,433.0,14,138,38,219,1
43,-33.4,322.9,11,18,132,45,1
35,-48.6,314.7,6,81,86,124,1
43,-57.7,385.3,8,16,58,79,1
290,-60.8,125.6,164,9,4,2,0
434,-67.3,187.8,135,6,5,0,0
30,-42.2,237.5,12,54,124,105,1
24,-64.2,417.9,13,165,10,65,1
110,-59.8,142.1,8,113,25,21,1
237,-67.0,306.8,165,4,4,1,0
49,-46.4,443.2,10,174,34,169,1
37,-59.6,416.8,16,54,56,66,1
353,-74.5,79.7,92,11,10,2,0
976,-65.6,63.3,119,6,5,3,0
846,-72.9,31.9,211,3,6,1,0
237,-75.7,51.8,152,8,10,1,0
216,-53.2,76.2,112,6,5,0,0
55,-32.6,669.1,8,30,37,166,1
154,-36.1,117.8,18,65,126,17,1
434,-59.0,102.9,144,11,11,0,0
35,-54.5,343.4,18,153,101,201,1
49,-40.5,176.7,13,154,77,87,1
301,-66.5,121.5,211,7,9,1,0
763,-63.8,69.5,76,10,6,4,0
414,-76.7,40.7,139,7,5,0,0
639,-65.4,165.5,107,8,7,3,0
860,-61.1,174.2,37,3,9,1,0
27,-40.5,292.0,19,21,57,153,1
920,-54.6,37.4,215,6,7,1,0
29,-61.1,573.8,0,162,64,111,1
25,-62.9,320.4,3,49,168,134,1
37,-25.0,557.2,24,108,92,81,1
503,-47.0,310.6,150,27,6,19,0
1150,-38.1,198.2,68,10,8,0,0
1090,-72.5,92.5,80,5,6,4,0
980,-70.4,89.5,101,4,7,1,0
777,-66.3,65.4,105,4,5,0,0
43,-50.3,335.1,11,86,32,65,1
526,-77.8,84.3,178,4,6,0,0
878,-55.9,112.2,7,4,3,2,0
137,-48.6,123.5,0,192,102,25,1
584,-66.3,52.7,65,5,6,0,0
35,-44.1,249.3,1,82,86,179,1
24,-50.6,424.9,0,60,10,84,1
28,-30.4,362.4,7,15,36,53,0
577,-53.1,78.4,139,3,4,1,0
941,-58.0,173.9,138,3,6,2,0
746,-59.2,119.9,133,3,3,1,0
964,-61.3,107.4,137,8,7,1,0
100,-57.6,121.3,0,91,17,31,1
24,-43.5,391.2,0,126,81,151,1
57,-51.9,213.1,0,101,112,170,1
557,-76.4,23.5,101,3,6,1,0
1003,-44.4,102.3,151,8,8,1,0
32,-47.7,236.9,7,101,100,84,1
770,-77.9,41.7,73,6,4,2,0
42,-39.3,165.7,7,68,56,48,1
61,-55.2,328.5,0,167,176,199,1
826,-53.0,216.6,24,10,5,22,0
76,-56.8,224.3,8,161,36,25,1
866,-80.4,64.1,48,8,9,0,0
24,-53.6,502.7,10,18,116,146,1
52,-45.9,506.2,5,15,104,8,1
29,-39.4,275.2,21,41,10,166,1
617,-35.2,68.2,141,11,4,0,0
983,-65.3,37.9,33,7,7,1,0
28,-42.1,276.1,7,70,56,17,1
1024,-56.9,255.7,71,27,5,4,0
645,-68.3,280.3,127,35,4,24,0
24,-54.7,378.3,1,15,90,115,1
32,-39.5,396.7,3,144,29,77,1
722,-55.9,72.9,83,3,5,1,0
302,-45.3,62.0,175,6,4,0,0
36,-50.2,310.9,12,100,10,91,1
40,-48.6,276.8,131,26,4,22,0
24,-59.6,665.4,8,54,142,152,1
724,-72.6,38.0,84,9,11,1,0
631,-77.0,39.4,136,3,7,5,0
301,-76.9,60.7,166,6,6,1,1
201,-62.6,15.4,133,10,4,1,0
40,-48.8,152.0,1,74,31,201,1
93,-59.2,272.1,17,163,22,34,1
412,-70.0,79.9,127,9,4,0,0
37,-42.1,590.8,30,81,131,174,1
35,-37.6,390.9,23,164,64,125,1
46,-69.0,565.7,0,69,50,108,1
594,-70.0,25.6,188,6,6,2,0
108,-50.8,225.9,0,124,40,17,1
690,-63.0,105.6,132,8,8,0,0
60,-41.0,351.8,22,79,87,108,1
914,-73.0,227.1,163,15,8,1,0
40,-67.7,56.3,60,5,6,0,0
714,-65.2,84.1,61,5,2,0,0
1004,-71.6,71.7,166,8,5,1,0
52,-46.5,475.5,0,76,22,21,1
647,-56.0,41.8,19,7,3,1,0
34,-57.0,419.6,0,115,40,35,1
711,-46.3,75.5,143,6,4,1,0
716,-71.9,266.1,197,39,4,14,0
173,-57.0,152.5,176,2,4,0,0
896,-67.0,96.2,98,7,2,3,0
104,-60.7,196.2,14,96,96,41,1
1268,-72.4,199.8,102,3,6,1,0
95,-45.8,109.0,0,112,96,10,1
35,-59.3,305.3,18,39,36,73,1
116,-42.7,182.1,0,135,73,19,1
74,-54.9,219.8,5,144,10,16,1
581,-39.3,131.7,231,3,9,3,0
126,-52.6,164.3,14,115,72,30,1
611,-76.7,23.3,160,5,5,2,0
39,-44.7,363.8,0,101,51,57,1
45,-47.3,222.8,9,84,10,42,1
302,-82.0,26.0,88,2,5,1,0
24,-40.3,349.9,2,155,82,105,1
39,-42.0,433.0,10,110,113,143,1
190,-50.1,138.7,9,79,63,23,1
1036,-68.2,40.3,89,5,2,0,0
813,-62.8,249.2,113,31,6,14,0
39,-36.6,342.2,0,104,34,152,1
1089,-69.5,59.6,155,8,11,0,0
24,-39.8,657.0,13,130,135,36,1
47,-56.7,399.3,9,74,104,123,1
170,-62.0,57.7,12,11,3,0,0
28,-42.9,433.5,4,46,88,200,1
37,-36.3,448.7,14,143,23,169,1
24,-53.7,228.2,11,152,130,59,1
91,-60.3,175.9,16,27,65,34,1
114,-40.8,180.5,1,121,101,25,1
451,-39.1,77.6,0,8,5,1,0
40,-31.3,107.9,144,9,5,3,0
62,-43.0,126.7,19,94,10,41,1
711,-66.1,101.8,157,7,5,1,0
487,-55.0,63.8,136,3,11,2,0
1172,-52.2,105.7,128,8,4,0,0
1066,-79.3,281.7,98,49,4,10,0
80,-37.9,40.0,0,36,82,10,1
40,-61.2,114.8,54,49,2,24,0
47,-53.2,569.6,13,15,15,133,1
45,-71.0,66.9,89,8,4,2,0
40,-40.7,307.2,0,27,111,169,1
24,-36.6,339.1,0,71,115,188,1
38,-54.0,376.0,4,97,117,88,1
56,-42.4,256.9,14,118,108,83,1
40,-51.2,138.0,100,2,5,0,0
33,-42.3,508.6,8,41,59,184,1
111,-36.6,94.5,6,135,10,28,1
42,-34.9,268.2,15,96,102,104,1
796,-56.6,69.5,199,5,6,2,0
452,-80.4,38.3,191,6,3,3,0
45,-42.2,280.3,14,128,86,104,1
708,-62.9,47.5,167,4,5,0,0
30,-48.5,453.4,0,84,41,222,1
1039,-59.9,29.8,34,6,3,1,0
97,-38.1,137.1,11,171,41,28,1
907,-28.5,54.4,131,3,6,0,0
25,-39.9,347.7,16,105,27,216,1
524,-50.7,28.0,205,8,5,2,0
353,-78.9,121.3,173,3,6,1,0
707,-66.3,41.4,240,5,8,3,0
40,-49.7,254.9,148,6,6,1,0
732,-54.5,103.5,128,5,8,2,0
528,-35.8,77.6,95,8,5,1,0
402,-59.6,38.1,218,7,2,1,0
52,-46.1,247.0,4,77,10,104,1
24,-41.5,496.9,10,57,10,119,1
785,-65.9,376.6,211,44,6,12,0
852,-62.9,159.3,130,6,4,0,0
169,-54.8,34.2,39,5,6,3,0
338,-58.8,354.7,91,65,8,17,0
34,-38.2,210.3,5,128,161,150,1
25,-50.5,351.7,10,171,52,88,1
177,-67.4,145.4,44,6,7,2,0
448,-59.0,133.9,183,4,2,1,0
682,-78.4,333.7,31,77,5,26,0
110,-53.8,154.2,4,118,143,24,1
1126,-77.5,40.7,55,6,10,2,0
1047,-52.4,108.3,116,8,10,2,0
24,-47.0,500.7,1,87,41,154,1
24,-54.3,335.9,0,56,105,154,1
985,-65.3,111.6,163,6,7,1,0
24,-44.5,457.6,7,93,116,141,1
34,-35.1,285.2,21,91,26,69,1
389,-81.5,50.4,272,11,10,0,0
953,-55.5,66.9,85,8,10,0,0
869,-59.2,89.5,173,8,6,3,0
40,-58.9,98.7,189,5,3,2,0
24,-45.0,506.7,28,84,48,174,1
332,-51.7,6.8,132,10,3,2,0
40,-36.5,187.9,86,4,7,0,0
24,-55.1,377.4,11,83,86,56,1
24,-50.7,150.3,13,89,80,9,1
185,-63.7,67.0,80,6,4,2,0
506,-81.9,368.4,41,24,6,29,0
397,-76.9,169.7,101,2,6,1,0
1101,-55.2,39.4,215,3,5,3,1
406,-50.7,99.8,232,6,7,1,0
46,-59.8,205.4,8,72,96,39,1
615,-63.4,144.4,103,7,6,1,0
342,-78.2,41.5,197,2,7,2,0
709,-53.1,29.3,104,6,6,1,0
904,-47.4,66.4,61,3,5,0,0
557,-40.4,74.7,253,3,9,3,0
52,-27.5,390.2,9,40,104,136,1
943,-63.6,7.6,105,4,7,0,0
29,-50.6,306.4,3,71,79,77,1
34,-43.6,412.7,9,86,127,144,1
62,-56.6,521.4,4,66,88,135,1
89,-95.0,66.7,110,6,2,2,0
40,-46.9,206.8,11,156,60,56,1
876,-43.7,303.4,69,34,6,21,0
36,-51.9,246.6,16,79,104,122,1
628,-76.8,10.4,94,9,4,0,0
802,-39.1,69.7,86,3,4,0,0
369,-73.3,37.4,141,5,8,2,0
497,-67.7,24.6,43,2,3,0,0
755,-72.7,61.7,185,9,6,0,0
992,-39.1,129.4,149,2,10,0,0
646,-49.6,20.0,132,5,8,0,0
43,-44.2,395.2,7,81,82,188,1
57,-51.1,101.3,19,80,16,29,1
310,-66.4,32.0,155,8,3,2,0
742,-57.4,92.5,0,2,6,1,0
44,-60.8,383.6,0,111,87,220,1
1097,-53.4,99.8,86,7,5,1,0
292,-57.1,257.3,120,88,2,21,0
336,-43.7,91.3,64,1,9,1,0
48,-43.3,479.1,14,47,46,198,1
651,-63.5,25.0,77,6,6,2,0
368,-45.3,42.9,40,7,9,1,0
40,-61.6,34.6,87,7,6,2,0
508,-71.6,33.2,62,8,3,1,0
444,-67.0,304.8,285,33,6,17,0
24,-47.5,198.8,11,126,72,257,1
718,-67.4,135.2,88,7,6,1,0
52,-55.7,22.6,112,7,8,1,0
38,-51.6,327.7,0,143,75,105,1
722,-60.2,132.7,201,8,5,1,0
29,-34.4,182.0,15,21,79,16,1
559,-64.6,41.7,108,5,8,0,1
962,-66.5,37.0,264,11,5,2,0
166,-78.0,231.9,221,53,6,21,0
40,-53.7,66.5,166,8,8,1,0
531,-87.7,28.7,160,6,6,1,0
56,-35.7,507.4,0,15,81,168,1
667,-63.5,91.0,32,11,5,1,0
100,-45.3,249.7,0,42,118,20,1
567,-61.7,44.7,99,6,6,0,0
349,-82.0,21.9,139,5,8,0,0
36,-50.8,389.5,0,76,37,199,1
1492,-54.8,144.9,103,7,9,0,0
135,-79.3,71.3,152,2,3,2,0
103,-51.8,176.6,76,7,6,1,0
34,-43.1,286.8,24,134,87,218,1
31,-53.9,411.2,0,58,130,55,1
48,-50.6,466.8,11,134,76,120,1
596,-63.7,4.3,10,3,2,1,0
33,-59.9,454.9,0,118,61,225,1
102,-58.3,135.6,9,94,10,50,1
724,-37.6,153.4,197,6,5,3,0
619,-47.8,45.7,216,3,7,2,0
426,-64.7,58.8,199,8,5,4,0
87,-50.5,171.7,8,128,75,31,1
659,-49.7,55.6,45,3,3,0,0
488,-78.1,37.8,60,2,5,4,1
40,-62.2,99.4,148,4,3,0,0
896,-38.6,99.7,164,6,1,2,0
952,-66.9,26.6,142,7,11,1,0
105,-48.6,91.0,225,6,4,1,0
42,-44.7,118.5,24,109,23,179,1
1004,-50.9,13.8,62,7,4,2,0
52,-38.5,380.6,0,66,47,161,1
38,-71.8,446.8,17,49,87,78,1
280,-95.0,18.1,3,5,5,2,0
34,-45.1,591.7,2,131,13,155,1
36,-54.4,465.6,0,76,15,117,1
1206,-66.0,83.3,243,7,8,1,0
337,-79.5,93.6,99,4,6,1,0
582,-59.0,30.2,263,4,5,2,0
40,-85.8,116.6,99,3,6,0,0
774,-35.1,96.7,117,7,5,1,0
38,-54.2,526.9,19,97,57,185,1
48,-48.4,495.5,12,156,10,127,1
52,-54.4,510.0,0,142,32,176,1
631,-57.0,136.2,61,5,4,1,0
24,-48.6,541.7,7,41,125,186,1
437,-74.7,39.1,30,10,7,1,0
883,-40.9,71.0,140,6,6,1,0
565,-66.3,13.4,166,4,2,0,0
109,-30.8,88.7,2,116,88,37,1
70,-63.5,62.6,36,6,6,0,0
544,-74.8,52.9,173,3,7,3,0
878,-59.9,71.1,175,10,4,2,0
27,-40.5,571.8,0,66,93,8,1
61,-41.0,85.9,7,165,47,21,1
654,-78.2,68.8,62,8,6,1,0
608,-73.1,85.5,144,5,7,1,0
287,-47.9,71.2,60,6,8,1,0
39,-51.2,489.3,6,150,21,85,1
823,-74.5,169.0,164,5,2,5,0
542,-76.9,126.5,102,4,3,2,0
205,-54.6,175.9,20,90,106,15,1
41,-71.3,564.6,9,15,37,147,1
47,-50.7,507.5,0,93,133,130,1
148,-72.0,119.4,138,7,5,1,0
24,-38.5,401.6,13,109,18,60,1
154,-47.7,143.9,98,5,5,2,0
405,-52.5,14.1,76,6,6,0,0
349,-70.0,28.7,0,7,9,2,1
24,-34.6,306.9,7,46,75,80,1
785,-68.0,64.7,162,7,7,3,0
24,-32.0,510.6,16,120,131,90,1
58,-33.1,198.9,7,41,51,15,1
712,-41.6,16.0,87,6,8,5,0
24,-58.2,237.5,0,117,79,183,1
378,-75.8,94.6,107,9,6,1,0
59,-51.9,230.4,19,24,124,223,1
800,-48.3,327.7,71,37,4,28,0
792,-52.0,91.5,179,9,5,1,0
42,-41.4,572.6,16,85,98,160,1
30,-53.3,98.7,0,61,54,24,1
44,-58.2,503.5,22,64,61,25,1
28,-45.5,366.3,17,138,135,172,1
40,-59.9,47.9,12,7,7,2,0
863,-69.7,23.5,105,4,4,2,0
31,-64.2,504.6,15,15,92,182,1
182,-55.2,9.0,219,3,6,0,0
40,-52.1,255.5,216,67,9,4,0
29,-48.3,225.3,9,118,75,16,1
24,-42.8,351.3,5,137,153,136,1
24,-49.7,166.2,19,29,69,31,1
589,-62.8,109.5,176,4,8,0,0
25,-33.9,419.4,0,133,87,110,1
149,-60.5,423.1,99,27,5,22,0
51,-56.7,72.8,11,81,122,115,1
259,-63.1,236.8,74,10,12,17,0
855,-54.8,50.7,133,6,6,1,0
455,-66.2,79.2,153,6,5,1,0
37,-42.2,532.7,0,135,72,93,1
162,-86.0,35.2,146,3,4,1,0
627,-64.7,70.0,120,1,6,2,0
541,-50.6,27.0,158,6,4,0,0
40,-78.8,189.2,94,69,9,20,0
1060,-55.9,44.7,92,3,9,1,0
459,-50.9,39.0,112,4,9,0,0
40,-71.4,63.1,213,9,6,0,0
1360,-68.7,144.1,113,4,6,2,0
103,-52.3,29.3,142,11,2,0,0
785,-49.2,45.4,108,10,7,0,0
115,-55.0,47.8,147,6,4,2,0
62,-40.9,161.0,8,196,143,31,1
834,-68.2,8.3,229,5,7,1,0
55,-61.6,409.7,25,133,82,155,1
48,-65.2,60.0,10,89,93,138,1
50,-55.3,215.6,15,63,124,107,1
199,-58.1,104.6,85,6,4,1,0
58,-42.8,513.4,17,175,40,86,1
1416,-84.4,149.9,183,8,9,2,0
40,-69.8,42.0,256,4,2,0,0
524,-53.2,176.6,115,10,8,2,0
772,-65.9,61.6,0,2,2,0,1
836,-95.0,100.5,101,3,13,0,0
1056,-53.0,14.7,83,12,7,1,0
297,-57.7,145.7,143,4,1,3,0
24,-43.9,351.5,11,15,48,64,1
111,-45.7,150.0,0,15,26,35,1
24,-47.2,382.0,16,108,10,54,1
138,-64.3,115.7,176,8,8,0,0
38,-29.2,604.7,20,82,100,164,1
522,-75.8,283.9,199,61,6,14,0
40,-81.1,118.9,297,6,5,2,0
148,-64.9,125.1,94,5,4,0,0
513,-77.5,67.2,171,4,7,1,0
1101,-73.7,103.6,199,7,6,2,0
32,-59.4,308.3,5,30,131,104,1
92,-59.6,198.9,4,41,107,16,1
48,-42.6,365.5,4,15,38,128,1
61,-61.9,366.0,9,28,14,30,1
339,-59.3,24.9,81,6,3,0,0
36,-36.4,356.4,12,26,35,67,1
24,-48.9,372.1,6,15,94,104,1
551,-55.5,302.5,172,34,4,10,0
37,-43.2,154.4,0,108,84,25,1
46,-60.1,431.4,3,41,10,159,1
791,-47.3,38.3,170,6,7,0,0
136,-41.9,129.6,11,160,146,41,1
166,-86.3,253.1,64,41,5,4,0
591,-90.6,27.7,0,10,9,1,0
902,-53.8,9.6,195,8,6,0,0
821,-88.3,83.8,126,3,4,1,0
399,-74.5,145.0,109,7,8,2,0
747,-41.6,312.3,110,56,6,17,0
53,-52.8,442.8,0,91,91,179,1
892,-61.7,56.3,95,5,5,0,0
956,-64.6,79.1,2,10,3,1,0
521,-80.3,54.3,74,8,6,1,0
549,-62.4,54.1,99,5,4,2,0
630,-70.3,16.5,72,5,6,4,0
106,-41.5,246.5,23,51,53,17,1
38,-53.8,231.2,0,156,98,102,1
674,-72.2,281.3,181,41,10,11,0
367,-66.5,333.5,119,60,2,4,0
618,-60.2,100.2,74,4,10,1,0
24,-56.8,597.5,14,105,10,8,1
875,-61.8,89.9,86,3,10,1,0
145,-38.8,126.6,24,51,54,27,1
1019,-67.0,307.0,13,51,4,8,0
44,-32.9,459.3,11,101,128,41,1
636,-78.4,65.3,58,7,4,1,0
85,-74.3,107.0,198,6,8,2,0
27,-44.9,555.5,17,74,127,140,1
101,-49.5,155.4,0,111,151,8,1
925,-65.6,82.9,113,5,8,0,0
31,-35.5,338.4,12,48,29,240,1
24,-67.0,495.2,9,150,89,114,1
1070,-73.9,36.1,160,2,3,1,0
337,-51.1,118.4,131,9,3,1,0
34,-60.9,89.3,12,81,10,13,1
40,-28.0,50.5,67,5,5,2,0
38,-56.7,248.6,2,46,62,93,1
728,-65.5,82.5,150,6,6,2,0
1080,-49.9,32.6,39,3,5,1,0
40,-53.6,37.2,161,12,5,1,0
592,-35.4,206.2,233,6,9,2,0
37,-43.7,280.0,1,80,100,50,1
107,-62.1,191.7,2,136,81,38,1
43,-50.1,338.3,15,69,92,122,1
27,-53.4,218.1,4,111,10,150,1
493,-57.2,373.3,248,87,11,24,0
24,-54.5,504.8,14,85,95,67,1
34,-51.5,284.7,0,158,81,67,1
158,-62.1,22.0,0,2,3,2,0
40,-48.5,146.9,1,153,10,120,1
817,-53.2,110.3,249,7,5,2,0
886,-59.1,67.1,188,5,8,3,0
381,-40.9,32.1,167,6,6,4,0
40,-71.2,71.6,134,5,9,0,0
416,-47.3,27.8,19,9,3,1,0
1169,-72.3,134.2,242,1,4,1,0
32,-55.5,503.8,12,87,42,141,1
34,-59.3,519.3,0,45,102,136,1
182,-47.5,123.6,1,44,83,24,1
50,-59.1,196.5,1,98,10,25,1
209,-77.8,310.9,163,57,5,18,0
92,-57.2,73.3,23,20,68,28,1
773,-62.3,118.1,143,3,1,1,0
285,-37.3,237.8,160,5,3,1,0
36,-60.1,251.8,19,127,61,101,1
243,-56.7,177.7,157,64,6,22,0
391,-78.5,39.3,129,6,11,1,0
1174,-52.9,303.2,121,36,7,14,0
32,-71.5,491.8,13,85,105,148,1
403,-40.6,31.0,134,5,7,3,0
1442,-68.3,91.0,104,8,5,1,0
632,-43.6,21.7,84,6,5,0,0
36,-53.3,403.6,30,118,84,97,1
101,-37.9,171.2,12,91,120,27,1
1148,-51.3,40.2,140,7,5,2,0
867,-80.5,38.2,200,5,4,2,0
889,-59.5,32.7,147,8,8,1,0
24,-51.8,328.0,1,68,46,164,1
534,-66.8,38.5,128,5,4,1,0
122,-53.3,53.7,110,5,6,0,0
316,-62.8,92.2,80,9,2,2,0
778,-69.0,68.4,134,3,10,2,0
629,-62.2,100.1,155,8,12,3,0
136,-34.0,173.3,11,76,51,34,1
676,-63.5,335.6,57,52,5,25,0
68,-91.8,24.2,135,4,3,1,0
77,-80.1,53.8,67,4,2,3,0
56,-40.4,393.4,19,15,10,84,1
46,-43.7,158.5,3,51,97,24,1
516,-70.1,67.6,186,4,7,0,0
1111,-43.9,89.6,151,12,9,2,0
360,-51.7,106.2,182,3,6,0,0
1023,-57.6,343.6,243,53,7,24,0
575,-62.1,80.0,79,64,5,21,0
40,-71.1,8.2,114,4,6,1,0
40,-79.0,7.7,129,3,5,2,0
416,-66.1,28.8,140,7,10,3,0
32,-52.2,284.6,7,126,53,110,1
213,-54.9,118.6,210,4,7,2,0
701,-47.0,137.9,172,2,5,0,0
710,-66.7,36.8,155,6,9,1,0
40,-52.0,106.4,79,8,4,1,0
777,-70.8,90.1,161,7,2,1,0
335,-63.2,61.1,82,6,5,0,0
371,-47.3,34.3,151,4,4,1,0
1037,-65.8,140.4,175,14,5,2,0
391,-63.6,120.7,130,5,6,1,0
467,-46.0,135.3,149,1,4,3,0
39,-38.2,465.8,13,163,72,142,1
1174,-76.0,64.8,60,1,8,1,0
34,-31.8,372.7,5,111,16,120,1
664,-64.7,61.8,86,6,5,2,0
650,-56.0,48.9,119,5,7,0,0
24,-58.0,173.8,14,15,107,21,1
833,-61.4,100.6,0,6,5,0,0
555,-81.4,94.5,0,6,9,3,0
72,-47.4,103.1,7,126,90,27,1
40,-49.3,7.1,67,8,3,1,0
40,-78.7,7.2,97,7,8,1,0
580,-61.9,73.8,160,4,5,1,0
383,-73.3,193.3,97,54,2,28,0
24,-27.1,285.2,6,77,123,100,1
352,-58.3,76.9,122,4,5,1,0
40,-51.0,393.4,1,83,79,101,1
429,-42.1,157.2,95,5,7,2,1
370,-77.4,13.5,153,8,6,1,0
33,-41.5,244.2,12,90,76,67,1
24,-57.9,416.3,0,61,19,153,1
858,-74.4,83.9,244,9,3,2,0
24,-49.7,376.6,1,187,95,48,1
37,-50.5,665.8,1,91,10,117,1
782,-44.6,21.2,133,3,3,0,0
820,-28.0,36.4,112,4,7,0,0
131,-32.9,171.0,11,54,98,24,1
105,-47.3,120.7,6,73,50,11,1
432,-45.7,85.1,117,11,5,1,0
54,-53.6,158.7,16,144,121,100,1
105,-54.4,102.3,0,169,28,20,1
24,-48.0,145.7,0,168,117,127,1
672,-62.8,233.2,58,40,8,30,0
37,-47.0,206.8,13,15,49,163,1
581,-69.1,55.0,111,4,5,2,0
55,-50.2,267.0,2,35,29,222,1
24,-55.3,508.0,12,131,45,143,1
42,-56.1,381.8,7,103,10,209,1
163,-47.4,39.6,168,4,10,2,0
192,-58.3,141.0,75,5,5,0,0
739,-64.5,60.8,230,5,5,1,0
31,-52.0,310.5,3,169,82,101,1
924,-46.7,65.8,155,7,4,0,0
702,-81.1,188.5,90,54,15,4,0
263,-41.0,288.6,0,78,8,29,0
44,-54.2,565.8,9,131,97,101,1
194,-50.9,85.0,142,6,5,1,0
333,-66.4,159.9,40,11,4,0,0
79,-41.4,199.6,9,102,33,30,1
685,-50.9,156.0,203,4,3,1,0
59,-37.7,147.2,21,102,42,45,1
36,-49.9,243.0,9,38,35,123,1
38,-37.4,460.7,3,90,74,109,1
33,-67.4,324.7,21,155,97,126,0
373,-66.6,23.8,156,4,6,3,0
359,-67.3,80.0,126,76,5,9,0
708,-83.3,39.6,126,2,3,0,0
274,-71.7,104.2,103,6,8,1,0
36,-45.3,451.5,11,147,52,189,1
370,-54.7,59.5,162,6,7,2,0
716,-60.2,7.3,184,5,9,1,0
285,-70.9,81.8,26,8,2,0,0
629,-88.8,22.2,109,9,6,3,0
862,-68.7,96.9,55,6,7,1,0
40,-78.2,205.4,203,6,3,0,0
597,-69.0,6.1,159,6,11,1,0
664,-40.6,214.4,128,82,5,21,0
54,-26.2,178.5,18,15,53,153,1
58,-47.7,156.9,13,63,10,15,1
536,-47.7,131.9,7,9,3,1,0
265,-79.4,103.5,119,5,4,2,0
720,-50.6,88.7,88,4,7,2,0
40,-54.6,242.9,7,111,45,228,1
1118,-56.5,10.2,0,8,5,0,0
285,-58.3,106.3,97,7,7,1,0
387,-83.6,202.8,134,3,10,0,0
295,-56.3,20.4,141,2,5,3,0
784,-67.3,91.2,128,6,9,0,1
24,-55.7,501.9,17,130,10,92,1
31,-37.9,464.4,14,85,85,124,1
119,-42.4,196.3,22,74,38,28,1
84,-54.4,21.3,75,8,6,0,0
48,-68.9,363.1,0,114,81,193,1
650,-56.6,53.2,53,6,5,1,0
411,-36.1,95.6,97,5,9,0,0
402,-76.5,57.7,94,5,4,1,0
35,-47.0,211.8,17,81,64,129,1
1167,-67.3,346.5,139,46,3,21,0
43,-30.3,489.5,20,110,57,110,1
37,-55.4,621.2,14,84,10,76,1
156,-86.0,61.7,145,4,6,1,0
99,-50.3,192.5,0,69,10,27,1
40,-80.7,55.7,150,6,6,2,0
649,-54.0,172.4,126,10,6,0,0
40,-47.3,71.1,106,3,3,1,0
29,-25.0,496.5,11,142,62,69,1
29,-54.6,152.8,2,74,88,8,1
816,-68.9,18.3,194,2,9,0,0
375,-83.8,88.8,87,9,5,2,0
62,-45.7,140.7,0,149,134,43,1
87,-33.6,199.8,10,109,123,26,1
886,-65.8,22.5,143,5,11,1,0
821,-60.4,107.6,181,6,4,0,0
48,-43.2,296.2,3,93,112,68,1
283,-71.0,38.0,124,4,5,0,0
24,-30.9,127.6,0,130,10,17,1
1201,-69.9,44.2,205,7,10,1,0
750,-65.8,12.3,134,5,5,3,0
201,-49.5,165.4,131,7,9,0,0
258,-61.3,88.4,3,6,8,1,0
323,-51.9,287.0,158,50,2,24,0
599,-79.5,54.8,155,2,4,3,0
45,-61.2,268.4,16,169,137,151,1
24,-57.3,351.1,19,72,45,255,1
393,-85.7,95.1,44,11,4,0,0
787,-87.6,232.0,77,3,8,1,0
40,-44.9,498.8,11,117,32,57,0
632,-62.7,34.4,175,5,2,1,0
604,-47.1,42.8,96,8,6,0,0
30,-46.6,432.8,4,88,117,112,1
1175,-59.2,124.4,182,5,5,1,0
133,-67.0,17.0,147,6,1,3,0
24,-33.7,391.6,20,33,50,80,1
93,-56.9,141.5,171,4,4,0,0
172,-83.7,59.9,89,4,6,0,0
146,-58.7,122.4,107,7,4,1,0
579,-34.4,26.8,175,8,4,0,0
24,-50.2,333.5,13,72,154,24,1
690,-71.4,6.8,153,6,3,0,0
787,-64.2,23.3,17,3,6,1,0
34,-54.4,314.7,0,72,60,8,1
24,-46.4,359.2,0,163,106,222,1
227,-77.6,354.1,208,5,6,1,0
55,-44.8,540.4,4,20,18,54,1
384,-65.1,159.9,205,5,4,0,0
119,-61.9,9.1,119,3,4,3,0
242,-64.3,8.6,49,5,6,1,0
35,-51.1,458.3,0,79,94,74,1
288,-45.0,101.1,194,7,6,1,0
32,-33.0,115.2,18,74,50,9,1
210,-59.9,59.9,88,9,10,1,0
775,-50.8,74.4,89,4,9,3,0
146,-56.1,254.0,57,9,6,0,0
24,-55.0,381.9,12,94,55,102,1
1475,-62.8,30.6,235,9,7,1,0
24,-67.4,445.5,12,66,118,128,1
24,-36.6,449.8,14,120,79,58,1
200,-66.0,32.0,158,8,6,1,0
71,-64.2,40.0,7,122,30,33,1
24,-38.1,467.4,10,109,87,55,1
24,-55.6,498.9,0,130,125,8,1
24,-58.6,177.6,3,106,53,229,1
633,-56.8,54.2,170,10,5,0,0
36,-52.3,132.6,11,65,104,129,1
540,-63.3,63.6,60,7,3,0,0
761,-65.0,6.6,97,5,6,3,0
807,-42.5,94.3,106,7,6,1,0
491,-53.8,228.6,130,35,4,11,0
24,-25.0,492.5,5,166,104,92,1
200,-73.6,236.7,105,8,4,2,0
55,-40.2,232.4,4,15,52,260,1
46,-57.0,532.2,13,146,71,129,1
29,-36.4,252.2,11,135,105,93,1
24,-32.7,210.3,3,112,138,26,0
27,-59.6,477.6,18,140,10,119,1
76,-34.4,223.2,17,76,67,35,1
74,-61.0,128.8,9,131,53,25,1
306,-66.0,379.4,21,50,2,16,0
425,-62.6,229.4,55,58,12,19,0
35,-72.4,503.4,0,70,74,119,1
37,-53.0,364.1,13,128,49,47,1
30,-26.2,552.6,1,70,72,196,1
27,-41.9,385.9,0,138,18,32,1
666,-55.0,22.0,0,8,4,1,0
58,-42.0,516.1,8,87,32,117,1
35,-25.0,258.0,4,71,126,140,1
387,-52.1,389.7,161,54,6,11,0
847,-76.4,88.1,144,2,7,0,0
1169,-85.7,100.6,15,9,6,1,0
817,-67.4,225.1,43,54,7,23,1
24,-49.8,573.8,9,86,130,186,1
40,-66.2,84.3,26,3,5,3,0
499,-54.2,28.2,127,5,6,1,0
66,-42.3,21.8,0,6,6,0,0
27,-46.4,347.0,13,116,66,83,1
26,-45.3,360.0,4,60,69,93,1
69,-44.9,141.5,8,159,37,31,1
536,-65.5,218.9,54,39,7,16,0
37,-48.3,619.5,12,157,86,77,1
24,-25.0,297.3,18,109,32,137,1
42,-45.7,405.1,2,66,108,143,1
35,-45.0,346.5,9,29,93,66,1
1057,-79.0,113.1,88,11,8,0,0
114,-62.9,194.5,14,114,55,16,1
39,-45.8,451.0,11,104,59,132,1
116,-65.3,37.1,154,9,5,1,0
128,-57.5,146.5,4,108,15,19,1
623,-66.4,224.4,99,56,7,19,0
395,-65.5,49.7,97,2,10,2,0
35,-43.1,252.5,11,111,67,116,1
50,-31.8,192.2,0,102,153,186,1
24,-64.8,377.2,5,108,51,168,1
390,-79.2,43.2,40,3,7,1,0
356,-63.7,57.4,0,4,4,2,0
39,-63.4,364.7,17,123,73,76,1
40,-55.5,71.2,169,11,3,0,0
46,-44.8,238.4,6,50,58,136,1
438,-69.0,92.5,177,2,3,0,0
504,-82.4,15.7,91,4,7,1,0
24,-30.6,557.3,5,92,109,160,1
204,-49.3,165.5,138,8,3,3,0
133,-68.1,35.6,47,5,8,3,0
238,-65.1,190.0,47,33,7,23,0
438,-69.3,49.5,241,3,4,0,0
582,-50.2,71.7,112,5,6,2,0
928,-84.0,76.8,188,6,9,1,0
1029,-42.2,36.2,75,6,5,0,0
630,-67.4,21.1,10,7,9,0,0
52,-38.1,184.3,11,76,51,27,1
453,-79.4,117.0,160,3,3,1,0
98,-36.5,123.6,6,55,66,13,1
159,-75.5,109.8,185,9,10,0,0
482,-71.2,70.4,168,6,8,3,0
84,-38.9,139.2,11,145,124,27,1
477,-59.3,37.5,169,5,7,4,0
650,-31.8,68.0,116,4,11,3,0
50,-43.9,258.9,7,103,160,128,1
389,-64.2,39.8,153,15,5,2,0
399,-46.4,146.9,101,4,4,1,0
87,-43.2,145.4,6,67,28,20,1
26,-33.3,475.6,23,111,41,50,1
1306,-46.9,60.4,173,6,5,3,0
27,-46.1,248.0,1,51,25,153,1
900,-65.9,83.2,286,9,10,1,0
871,-28.0,52.2,0,8,9,0,0
37,-52.8,608.0,0,75,106,195,1
501,-66.6,166.1,282,4,5,0,0
26,-40.1,143.1,20,144,38,145,1
214,-51.7,160.6,75,6,6,2,0
177,-47.8,213.7,187,10,9,17,0
35,-28.5,310.4,16,104,58,153,1
398,-74.6,94.1,119,3,5,2,0
312,-68.7,110.9,0,6,10,0,0
58,-55.0,210.2,1,89,83,29,1
916,-54.1,40.7,5,7,8,0,0
40,-44.9,146.6,108,4,5,0,0
260,-53.4,171.5,150,7,4,2,0
239,-48.0,180.9,166,5,4,1,0
55,-48.0,29.2,102,8,6,0,0
71,-38.0,55.3,0,75,51,27,1
40,-53.7,61.0,6,45,32,183,1
545,-56.3,276.0,150,46,5,19,0
31,-34.7,275.3,8,76,62,153,1
535,-66.6,43.7,120,3,1,3,0
51,-51.1,398.7,16,37,86,85,1
40,-56.1,40.3,0,3,4,1,0
24,-46.2,609.2,6,138,79,27,1
487,-42.3,166.2,0,10,5,0,0
38,-53.3,411.0,27,33,64,176,1
39,-33.6,194.8,0,122,76,8,1
40,-69.7,138.7,48,6,9,0,0
850,-82.4,50.3,145,11,7,1,0
24,-44.0,403.6,8,141,70,17,1
47,-56.9,534.2,25,61,92,156,1
168,-43.3,226.5,19,101,119,15,1
343,-65.1,50.2,149,8,4,1,0
31,-74.3,291.7,23,163,12,158,1
24,-61.1,571.0,20,86,10,21,1
39,-56.7,462.3,18,15,23,142,1
212,-81.9,68.9,116,5,5,2,0
918,-44.1,57.3,105,5,1,1,0
86,-61.5,194.7,4,89,62,28,1
38,-49.7,510.4,0,103,82,41,1
811,-80.0,76.5,40,4,8,1,0
56,-38.0,493.3,0,15,93,148,1
136,-68.6,75.1,55,4,5,2,0
36,-58.5,280.7,11,135,10,113,1
600,-56.0,80.2,151,3,1,0,0
33,-66.2,401.8,4,96,96,234,1
24,-46.1,419.8,0,106,124,99,1
528,-47.4,192.6,49,5,7,2,0
33,-67.4,178.0,18,145,50,113,1
360,-51.9,13.7,18,7,7,0,0
959,-68.6,50.8,157,7,4,1,0
693,-66.2,84.8,50,6,11,2,0
31,-60.5,88.0,18,51,114,101,1
56,-45.0,709.1,0,133,111,131,1
40,-63.8,51.1,200,6,5,1,0
786,-45.3,72.8,125,6,4,0,0
875,-55.4,67.5,112,6,4,3,0
627,-75.8,152.6,23,8,5,1,0
39,-36.4,693.5,7,83,79,231,1
24,-58.8,411.1,21,103,86,176,1
241,-36.9,39.7,132,9,5,0,0
40,-58.1,27.5,32,6,4,1,0
70,-51.0,141.2,203,5,7,0,0
398,-56.0,302.5,142,20,7,22,0
52,-36.4,426.1,8,114,40,91,1
65,-36.8,346.9,19,110,153,209,1
466,-46.8,67.9,187,7,5,1,0
37,-45.5,531.9,18,58,55,48,1
40,-85.9,40.6,183,4,5,1,0
40,-45.4,49.6,45,6,10,1,0
24,-61.2,284.7,5,65,59,150,1
29,-56.6,204.5,0,129,121,74,1
47,-61.7,129.4,6,73,10,136,1
47,-48.3,282.1,3,142,98,103,1
106,-47.7,117.6,5,135,14,6,1
49,-41.4,460.4,10,104,47,195,1
49,-52.1,273.4,10,36,10,171,1
213,-77.4,31.1,169,7,10,2,0
416,-95.0,20.1,141,5,4,1,0
361,-75.9,101.8,0,13,6,2,0
216,-63.8,257.3,67,63,9,16,0
56,-39.4,171.9,19,111,90,159,1
628,-60.7,32.2,83,1,8,0,0
532,-56.4,2.7,171,7,3,1,0
637,-63.6,121.1,107,5,13,0,0
43,-46.7,462.6,15,151,140,9,1
26,-50.7,468.5,4,85,57,108,1
700,-53.8,26.8,171,5,4,3,0
66,-54.0,552.0,18,120,62,8,1
24,-60.0,421.6,12,72,149,142,1
405,-69.7,61.2,211,4,9,0,0
59,-43.4,421.9,16,87,100,119,1
474,-61.8,209.1,0,8,8,1,0
710,-77.9,72.8,41,7,3,1,0
851,-53.4,39.0,2,5,5,1,0
172,-36.0,94.5,24,1,6,1,0
1045,-59.5,123.2,0,10,9,12,0
935,-48.1,83.5,150,6,11,3,0
951,-69.5,16.4,78,9,7,2,0
59,-37.2,322.9,0,37,76,177,1
259,-83.9,206.4,98,23,9,25,0
400,-53.6,87.9,144,5,4,3,0
43,-42.6,376.8,27,158,101,8,1
459,-71.0,62.7,0,7,6,0,0
24,-45.2,366.8,15,95,53,41,1
40,-52.4,30.9,0,2,6,2,0
65,-45.8,348.3,24,111,10,50,1
527,-59.4,107.0,0,5,5,0,0
27,-51.3,321.7,7,79,10,137,1
33,-26.5,511.3,12,121,39,14,1
1027,-68.4,166.2,74,10,5,2,0
575,-60.0,94.1,91,1,12,1,0
380,-79.5,115.9,133,4,5,1,0
33,-35.7,60.0,4,131,103,113,1
970,-77.2,90.3,188,5,9,1,0
463,-39.0,17.9,61,6,8,1,0
56,-49.0,258.1,15,118,102,105,1
924,-42.8,148.8,165,4,4,0,0
414,-69.3,131.7,122,4,2,1,0
32,-66.1,60.0,7,53,60,110,1
1086,-66.7,62.7,123,2,8,1,0
403,-61.6,39.4,131,1,9,2,0
36,-58.2,773.5,4,15,37,128,1
222,-83.0,154.8,173,52,5,25,1
284,-93.8,218.6,72,5,10,2,0
114,-69.3,17.2,0,3,4,4,0
46,-38.7,197.2,0,130,91,236,1
941,-61.7,60.5,141,5,11,1,0
340,-47.4,27.9,41,7,8,0,1
520,-78.6,24.0,128,4,7,1,0
769,-51.6,27.8,174,3,5,1,0
736,-82.7,30.8,91,7,6,2,0
185,-49.0,37.9,55,5,1,2,0
148,-34.6,77.5,0,138,77,28,1
72,-45.4,179.5,13,62,77,7,1
117,-51.1,91.8,18,28,119,8,0
746,-72.0,30.8,149,3,1,2,0
674,-62.6,49.6,126,6,4,1,0
627,-65.2,111.2,96,8,5,1,0
939,-79.2,269.1,90,90,4,20,0
953,-53.7,15.7,190,9,11,1,0
693,-65.4,96.1,171,8,6,2,0
165,-60.0,50.0,140,6,6,2,0
110,-46.7,146.3,0,136,47,21,1
848,-80.3,50.5,36,7,6,2,0
571,-63.2,172.6,220,60,4,15,0
88,-39.4,162.3,199,82,4,10,0
901,-69.4,42.4,256,9,3,3,0
829,-74.7,92.3,177,5,3,1,0
40,-56.8,141.7,87,74,8,6,0
31,-56.7,416.1,9,128,10,8,1
84,-39.3,170.1,0,31,83,20,1
832,-67.3,157.5,118,6,5,2,1
42,-32.9,543.9,13,15,34,178,1
927,-68.0,102.6,120,10,6,2,0
40,-67.9,59.3,145,10,7,0,0
37,-45.7,560.3,17,125,94,142,1
101,-42.4,102.7,5,112,63,29,1
274,-53.1,33.5,117,8,6,1,0
47,-39.4,165.0,9,40,78,215,1
40,-37.7,303.4,0,121,76,165,1
744,-75.3,132.3,239,2,3,0,0
745,-58.7,55.4,17,9,9,4,0
1322,-41.8,50.3,94,4,5,2,0
240,-57.9,56.0,100,5,8,2,0
44,-28.0,255.2,5,102,92,130,1
168,-70.7,75.2,111,5,5,1,0
118,-68.4,152.5,10,166,110,29,1
138,-62.0,27.8,113,6,5,0,0
460,-82.8,92.0,51,6,1,0,0
40,-57.3,147.3,15,106,42,108,1
791,-79.9,257.7,29,6,5,1,0
651,-66.2,100.4,181,7,8,0,0
742,-58.8,109.1,177,2,6,0,0
38,-43.2,209.7,0,45,127,146,1
576,-79.1,234.9,0,35,4,25,0
407,-62.7,130.9,35,3,6,1,0
33,-33.7,630.2,0,124,78,138,1
466,-70.3,84.5,0,8,3,1,0
229,-47.3,57.0,0,5,8,1,0
85,-50.6,79.2,74,5,8,3,0
488,-48.5,58.1,169,9,8,0,0
305,-42.3,219.7,133,4,8,0,0
288,-37.9,260.5,105,22,8,8,0
707,-58.4,98.0,192,8,6,0,0
849,-50.2,44.9,21,8,8,1,0
30,-49.2,453.7,2,64,113,113,1
126,-47.8,115.5,9,106,98,30,1
554,-62.7,123.8,164,6,5,0,0
44,-53.9,425.0,12,145,109,150,1
129,-83.5,36.1,116,5,7,0,0
747,-55.8,146.2,126,9,4,1,0
37,-66.2,391.4,7,118,42,133,1
24,-44.2,341.9,0,75,36,110,1
35,-47.3,379.4,21,89,39,186,1
142,-60.0,210.3,5,84,104,15,1
40,-64.3,112.1,1,57,112,22,1
504,-77.6,187.1,88,42,10,21,0
24,-47.7,359.7,7,165,16,129,1
889,-48.5,52.7,10,6,3,1,0
443,-68.3,35.8,114,5,7,3,0
391,-62.5,180.5,88,5,7,2,0
1017,-57.5,68.9,101,6,8,0,0
29,-48.9,336.2,7,96,99,148,1
40,-95.0,44.6,99,10,5,1,0
34,-39.5,422.5,5,15,80,65,1
685,-55.9,20.3,191,12,9,2,0
38,-44.2,320.3,19,71,76,255,1
40,-68.6,28.5,119,8,8,0,0
592,-69.8,75.2,19,11,9,2,0
649,-76.5,72.5,58,2,3,0,0
579,-58.8,19.0,23,6,5,0,0
41,-39.8,170.8,13,163,111,199,1
798,-60.7,97.7,190,7,3,3,0
26,-37.4,495.8,0,50,84,133,1
195,-62.2,112.6,57,7,8,1,1
148,-62.3,21.2,203,6,4,2,0
397,-57.3,43.3,128,4,5,0,0
383,-69.0,199.7,2,72,5,39,0
31,-29.2,501.9,16,45,66,147,1
158,-45.3,145.3,11,132,82,27,1
542,-56.0,112.5,119,11,5,0,0
55,-50.6,307.5,16,95,71,127,1
478,-59.2,154.2,158,6,4,3,0
675,-77.0,68.6,126,5,2,1,0
300,-75.1,122.7,67,3,6,0,0
28,-55.6,405.7,4,112,77,134,1
703,-70.2,350.6,52,84,5,32,0
1181,-64.1,154.0,97,6,5,1,0
518,-52.7,23.3,69,4,10,2,0
1013,-53.3,70.2,239,7,7,2,0
92,-64.2,73.2,243,5,3,1,0
37,-30.2,381.6,5,106,127,134,1
355,-61.9,100.7,89,3,10,0,0
47,-48.4,133.7,0,147,65,16,1
46,-49.5,478.3,15,92,37,8,1
29,-33.1,506.9,20,87,69,169,1
190,-69.6,19.5,143,10,3,1,0
162,-48.1,304.0,10,105,144,6,1
208,-45.5,24.8,78,9,10,1,0
352,-55.3,120.7,57,3,8,0,0
31,-51.7,429.0,5,26,97,107,1
33,-50.5,89.9,2,60,76,67,1
233,-55.1,69.4,169,10,4,2,0
672,-65.1,58.8,136,1,7,2,0
584,-68.0,38.5,115,7,11,1,0
492,-43.8,5.9,92,3,3,2,0
144,-54.0,131.8,11,129,10,23,1
488,-61.5,72.7,43,7,8,0,0
244,-62.2,45.7,54,5,9,1,0
43,-46.6,320.6,0,96,60,141,1
47,-52.8,234.9,22,93,100,85,1
1023,-47.3,26.1,165,4,9,0,0
57,-36.1,100.5,7,138,19,25,1
577,-54.5,50.7,109,5,4,0,0
897,-53.5,117.4,177,7,6,0,0
835,-67.4,405.3,82,63,5,4,0
620,-70.0,74.5,105,1,2,0,0
602,-34.6,90.5,39,6,10,1,0
40,-70.2,71.5,192,4,5,1,0
987,-63.9,43.0,63,5,4,0,0
335,-56.8,51.5,22,2,8,0,0
413,-56.4,71.9,87,9,5,2,0
930,-54.8,149.1,77,36,3,22,0
510,-75.1,102.6,35,6,10,0,0
530,-52.1,213.8,91,4,7,2,0
35,-52.6,381.2,13,104,76,123,1
27,-61.4,77.8,1,15,99,143,1
522,-48.4,183.9,125,7,7,1,0
24,-41.2,360.8,0,84,92,65,1
839,-59.7,244.7,139,63,7,20,0
33,-65.5,668.6,2,108,10,160,1
44,-54.4,405.6,10,52,68,40,1
438,-58.0,134.2,49,5,5,2,0
44,-32.5,667.0,14,31,89,122,1
28,-26.4,428.7,17,111,93,97,1
28,-45.7,304.1,6,81,10,123,1
161,-60.0,117.5,178,3,10,1,0
786,-72.3,28.2,155,4,4,3,0
299,-49.2,104.1,132,7,7,0,0
935,-57.6,133.1,169,6,9,2,0
603,-51.7,92.3,95,7,5,0,0
24,-43.9,249.2,7,75,47,136,1
727,-69.3,56.8,151,5,4,0,0
915,-78.3,95.0,52,5,9,0,0
286,-73.5,101.8,68,2,10,1,0
24,-34.0,364.6,19,157,90,131,1
32,-50.3,112.0,0,162,41,176,1
24,-42.6,264.4,1,115,81,108,1
230,-79.2,173.0,66,70,5,24,0
1377,-69.6,21.7,186,5,7,2,0
309,-50.0,82.6,132,5,2,1,0
40,-61.4,24.0,42,6,6,0,0
932,-52.9,272.6,251,54,5,7,0
116,-55.6,381.7,88,56,8,22,0
75,-70.7,113.9,101,5,5,1,0
51,-44.4,133.4,16,59,117,14,1
631,-64.1,94.8,0,7,7,2,0
858,-49.3,104.7,95,5,10,2,0
918,-77.9,64.9,49,3,3,0,0
60,-57.6,113.0,14,189,114,91,1
716,-68.5,408.0,239,68,6,31,0
322,-60.0,35.9,144,7,7,2,0
42,-48.3,280.9,8,34,65,29,1
24,-36.9,220.8,28,139,71,169,1
40,-70.2,28.5,124,1,4,1,0
291,-36.0,82.0,112,6,3,1,0
77,-43.5,147.7,8,158,10,21,1
764,-60.4,166.0,177,7,4,2,0
1331,-48.4,98.8,31,6,3,1,0
543,-64.1,69.7,168,7,8,1,0
494,-63.7,56.8,177,7,5,1,0
42,-38.4,350.8,16,34,110,207,1
373,-75.4,37.4,271,6,3,1,0
517,-63.7,52.9,175,1,7,2,0
747,-76.9,115.3,46,5,6,2,0
208,-47.3,80.6,30,3,8,1,0
918,-47.0,24.4,17,2,3,0,0
582,-59.3,111.9,96,8,10,0,0
1511,-43.2,30.4,110,9,6,1,0
501,-66.6,110.4,0,6,7,2,0
534,-61.6,45.6,32,3,8,0,0
450,-40.7,165.1,210,5,3,0,0
524,-82.0,128.1,141,6,2,1,0
318,-60.1,40.3,63,6,5,1,0
93,-82.1,71.7,157,5,10,1,0
815,-72.3,46.1,14,7,5,0,1
25,-59.7,68.8,6,74,22,33,1
911,-46.1,9.7,82,4,9,1,0
896,-45.7,100.9,112,3,6,1,0
39,-64.4,308.9,1,114,61,163,1
44,-55.2,122.5,12,90,33,6,1
40,-48.6,133.3,95,7,5,1,0
45,-62.6,386.8,15,15,10,248,1
40,-74.5,19.2,66,7,7,1,0
41,-43.8,207.9,5,54,142,78,1
24,-25.8,239.8,0,120,20,96,1
488,-60.0,38.1,101,5,2,2,0
501,-48.6,256.4,175,13,10,26,0
24,-45.2,253.8,7,60,106,35,1
33,-46.6,293.5,10,128,81,93,1
114,-64.0,185.1,8,53,106,31,1
40,-59.3,126.3,89,47,3,8,0
24,-44.1,251.2,5,141,29,124,1
639,-57.9,51.3,97,4,5,1,0
758,-60.9,34.5,95,3,5,0,0
36,-72.5,251.4,7,156,24,242,1
653,-37.6,156.3,151,6,3,1,0
627,-68.8,82.4,95,9,3,3,0
822,-70.9,42.3,96,5,7,3,0
932,-48.1,23.7,143,6,6,2,0
30,-67.0,386.6,11,64,71,157,1
52,-50.5,340.6,0,112,51,33,1
144,-69.5,111.9,47,8,4,1,0
800,-55.9,131.0,55,3,5,0,0
40,-56.5,40.8,49,1,2,4,0
1088,-82.4,53.5,96,12,6,0,0
1233,-75.3,24.3,235,7,10,2,0
938,-77.3,160.0,185,52,8,17,0
40,-59.6,16.7,6,4,9,1,0
27,-39.8,466.4,4,130,85,103,1
1130,-65.6,27.2,184,4,9,1,0
785,-35.5,210.1,0,6,8,2,0
145,-74.2,163.6,76,11,4,1,0
510,-62.9,279.6,248,33,2,33,0
512,-58.6,126.4,9,8,6,0,0
44,-53.9,293.1,11,162,46,185,1
106,-47.7,148.4,0,76,75,22,1
1064,-57.5,41.0,0,11,11,3,0
40,-56.9,256.2,150,96,2,14,0
221,-75.8,122.3,112,3,7,2,0
40,-54.9,102.0,40,10,4,1,1
266,-72.1,23.3,164,6,8,2,0
876,-69.5,39.2,124,6,8,2,0
41,-51.5,238.5,4,150,10,71,1
570,-80.3,66.2,137,4,6,2,0
294,-79.5,341.5,147,12,2,4,0
24,-36.6,312.3,7,71,101,155,1
589,-74.2,52.6,107,10,4,0,0
847,-54.1,22.0,158,4,4,2,0
54,-53.6,418.9,15,63,126,142,1
33,-40.2,235.3,2,128,137,109,1
715,-88.9,31.9,124,5,8,1,0
24,-37.6,216.8,2,132,84,72,1
50,-27.0,155.3,3,131,105,146,1
67,-73.8,81.7,117,6,3,3,0
289,-55.6,55.3,127,4,6,3,0
26,-52.0,407.9,8,129,66,210,1
24,-59.4,358.9,10,102,129,112,1
86,-39.8,90.6,165,8,1,2,0
476,-68.8,199.6,268,5,6,2,0
942,-57.1,38.0,185,5,2,4,0
100,-37.9,132.2,3,15,111,25,1
688,-42.3,72.7,230,8,5,1,0
204,-78.9,15.9,177,5,6,2,0
929,-67.4,29.8,184,4,4,1,1
25,-65.6,510.0,0,51,10,175,1
813,-45.9,85.3,99,5,7,1,0
41,-51.7,458.1,14,92,23,134,1
24,-55.7,146.6,15,56,34,148,1
698,-68.6,57.5,35,6,4,1,0
39,-42.9,241.1,21,83,134,134,1
50,-38.1,437.9,10,170,147,130,1
798,-54.5,54.6,135,6,4,1,0
35,-57.0,439.5,17,102,12,36,1
38,-48.6,444.0,15,51,72,115,1
463,-69.1,102.3,118,3,10,0,0
146,-50.3,23.0,183,3,7,0,0
330,-70.4,309.7,208,35,7,29,1
837,-53.3,81.1,153,4,5,1,0
721,-63.5,47.8,123,5,5,0,0
29,-42.7,409.2,2,107,49,8,1
748,-82.9,122.9,87,6,8,1,0
38,-52.3,339.5,7,96,19,124,1
925,-76.3,105.3,226,4,8,2,0
1010,-83.9,36.6,250,9,7,2,0
36,-76.3,243.0,0,155,126,51,1
27,-40.3,179.7,7,135,59,95,1
24,-35.2,410.6,7,45,51,48,1
40,-53.6,63.5,126,6,9,1,0
226,-57.8,60.3,66,10,6,0,0
147,-64.4,93.5,120,6,8,0,0
657,-85.3,121.4,6,7,4,0,0
33,-47.9,344.1,11,165,54,250,1
297,-88.4,93.0,75,5,5,3,0
186,-56.1,44.3,187,4,6,0,0
45,-44.7,476.2,12,74,40,115,1
1056,-54.6,47.4,71,5,7,0,0
46,-61.2,165.8,0,29,25,28,1
223,-50.3,162.1,155,6,6,0,0
40,-77.3,176.1,58,8,7,3,0
39,-33.6,531.5,0,19,47,55,1
809,-49.8,22.4,27,3,8,2,0
164,-46.0,108.4,77,2,4,2,0
96,-48.9,172.1,0,172,139,26,1
373,-66.0,204.6,72,29,4,27,0
464,-81.5,74.2,39,10,13,0,0
27,-41.7,259.4,17,79,98,219,1
117,-47.1,80.0,70,60,4,16,0
838,-88.6,102.0,24,9,7,1,0
44,-60.3,409.5,6,68,77,150,1
190,-48.2,53.8,93,12,4,1,0
39,-60.7,421.4,5,129,105,109,1
144,-67.2,67.0,53,4,3,4,0
31,-48.0,603.4,0,133,69,56,1
935,-60.0,226.7,99,49,8,18,0
242,-44.1,116.6,57,8,8,1,1
39,-54.2,530.7,5,54,86,175,1
35,-71.2,293.0,17,95,54,175,1
24,-26.4,429.0,0,133,38,118,1
24,-50.1,174.4,0,103,100,8,1
1109,-80.8,61.7,125,4,9,0,0
24,-34.0,291.7,0,177,145,106,1
31,-58.0,409.1,0,137,26,34,1
42,-67.4,284.1,0,127,53,222,1
995,-84.2,58.2,149,8,6,2,0
220,-61.3,58.4,24,3,5,2,0
416,-81.5,32.5,73,7,11,3,1
40,-56.0,138.5,155,63,4,4,0
1046,-55.6,197.3,66,12,10,0,0
503,-83.2,57.0,118,5,11,0,0
84,-63.3,217.0,7,103,130,24,1
958,-29.4,34.2,110,8,4,1,0
33,-50.6,483.5,0,150,73,79,1
775,-90.5,26.6,26,3,6,2,0
362,-41.6,200.7,149,4,7,2,0
162,-34.7,19.8,186,4,8,0,0
745,-54.3,38.3,170,2,8,1,0
37,-53.1,651.1,8,136,95,95,1
246,-63.2,13.6,10,9,8,0,0
899,-71.7,49.6,75,3,7,0,0
715,-56.1,102.1,84,6,8,3,0
845,-88.3,165.6,157,9,6,0,0
40,-70.7,98.3,180,6,5,0,0
24,-42.9,78.6,7,32,92,104,1
244,-63.5,19.4,115,4,8,0,0
196,-36.2,144.3,41,20,9,20,0
487,-56.9,211.1,156,6,7,1,0
259,-62.9,90.4,124,8,2,0,0
28,-52.0,352.2,12,79,51,76,1
24,-58.5,236.9,0,73,83,25,1
128,-43.2,161.6,0,39,55,18,1
94,-77.2,49.9,49,3,3,1,0
517,-46.9,242.4,237,5,7,0,0
1231,-67.6,73.0,151,2,5,2,0
40,-57.0,37.1,74,5,6,3,0
1428,-60.6,29.0,30,7,8,2,0
38,-50.7,562.7,2,109,89,111,1
462,-70.6,189.3,35,4,8,0,0
43,-66.7,257.0,0,165,118,146,1
39,-53.2,514.8,8,73,117,99,1
36,-58.4,451.1,3,15,70,106,1
34,-44.2,528.2,0,59,35,62,1
39,-46.9,201.2,4,147,29,106,1
460,-67.8,57.2,0,4,12,3,0
34,-39.1,720.4,0,32,89,250,1
231,-68.4,27.0,174,1,5,2,0
781,-38.8,19.9,83,7,7,0,0
184,-69.4,119.0,234,4,4,0,0
64,-42.4,152.8,6,63,102,20,1
24,-48.2,183.0,12,32,15,64,1
37,-69.9,532.3,2,88,76,35,1
925,-49.3,218.5,19,4,8,1,0
42,-53.8,250.7,131,33,3,15,0
1138,-64.9,295.2,179,89,12,32,0
485,-73.2,87.0,94,6,6,2,0
35,-56.9,403.5,10,113,97,46,1
229,-67.6,76.9,141,5,5,0,0
24,-58.7,330.3,14,122,80,33,1
110,-54.7,124.6,4,75,133,15,1
24,-38.9,149.1,11,101,10,26,1
1210,-67.9,101.6,189,2,9,2,0
24,-26.6,48.1,17,53,95,25,1
119,-41.8,141.0,0,71,10,8,1
38,-38.4,313.9,6,104,42,88,1
24,-32.5,279.3,8,17,50,149,1
91,-46.9,243.9,27,30,81,29,1
275,-57.1,88.1,145,6,6,1,0
68,-51.4,154.5,11,115,128,12,1
485,-48.3,159.4,85,5,4,2,0
85,-32.0,154.2,17,135,134,18,1
24,-38.7,249.6,10,112,76,119,1
502,-79.3,338.7,36,7,6,1,0
32,-52.7,193.1,12,46,74,92,1
58,-38.7,247.6,5,66,138,216,1
822,-40.7,82.8,114,5,8,1,0
1280,-60.1,55.3,158,9,4,1,0
1022,-63.4,123.6,154,4,6,0,0
621,-71.9,124.2,60,6,5,2,1
728,-45.7,113.0,126,4,6,0,0
33,-34.1,199.0,6,120,96,133,1
117,-38.0,127.8,9,122,71,16,1
104,-39.6,219.1,12,76,65,11,1
390,-76.3,341.0,294,46,8,16,0
541,-63.8,80.2,148,4,9,3,0
46,-54.6,144.9,6,92,127,17,1
108,-26.5,161.8,18,129,82,26,1
677,-69.2,31.8,121,7,1,1,0
40,-55.5,73.6,76,10,8,1,0
260,-70.1,101.3,148,6,6,0,0
182,-58.4,44.5,130,7,6,2,0
41,-34.7,424.9,8,115,120,159,1
24,-45.6,581.4,9,113,64,80,1
338,-48.1,64.3,76,4,7,1,0
529,-95.0,153.3,114,6,3,2,0
860,-50.8,49.6,0,6,8,1,0
40,-39.7,632.0,0,115,73,115,1
34,-46.2,480.3,14,139,104,69,1
648,-49.5,32.3,72,4,5,2,0
66,-54.9,181.6,13,50,117,20,1
776,-76.2,18.8,52,6,3,0,0
32,-75.6,223.7,13,15,40,80,1
24,-50.8,410.6,0,100,84,56,1
180,-40.6,221.9,15,107,57,25,1
24,-49.0,642.0,13,53,10,95,1
37,-50.9,338.1,16,68,82,129,1
853,-46.9,62.5,61,7,6,0,0
751,-62.1,176.6,20,3,5,1,0
40,-82.3,152.9,161,7,5,1,0
30,-50.6,277.4,12,176,67,155,1
25,-57.9,382.3,11,101,74,131,1
27,-52.7,640.3,16,52,73,79,1
301,-41.5,44.0,86,12,9,1,0
408,-59.0,12.0,150,5,8,1,0
1006,-69.0,91.4,132,3,4,2,0
24,-46.0,375.2,0,15,102,161,1
24,-60.0,203.6,15,43,90,30,1
809,-72.3,79.1,105,13,3,1,0
596,-63.7,90.4,0,5,9,1,0
113,-39.2,324.1,12,141,81,21,1
825,-61.1,46.1,134,4,5,0,0
199,-41.4,52.8,113,8,11,3,0
428,-94.9,204.1,223,5,8,1,0
758,-63.8,54.8,97,6,8,3,0
149,-27.3,86.0,0,83,72,6,1
844,-78.0,75.2,158,10,4,1,0
38,-32.1,324.2,17,145,43,50,1
547,-61.4,94.8,30,8,7,0,0
43,-54.0,430.6,0,102,131,160,1
24,-48.6,260.0,13,121,57,140,1
770,-62.2,45.2,99,8,2,1,0
284,-58.4,253.7,2,5,6,1,0
263,-60.3,46.8,106,4,3,1,0
37,-41.1,445.4,8,89,130,217,1
24,-49.0,148.0,10,125,10,37,1
33,-42.4,60.0,6,68,67,176,1
64,-36.4,83.4,0,15,101,23,1
166,-68.9,173.0,140,51,9,4,0
383,-68.6,53.4,120,7,4,1,0
24,-25.0,527.2,14,128,32,84,1
104,-63.4,128.6,13,104,37,28,1
408,-63.5,218.5,53,4,11,2,0
43,-63.5,377.6,8,131,10,86,1
957,-61.6,58.5,134,5,8,0,0
99,-40.7,172.5,3,187,108,22,1
735,-59.2,81.7,145,7,6,1,0
684,-70.9,64.2,284,5,1,1,0
41,-46.7,518.3,4,188,63,70,1
84,-44.4,111.9,4,55,36,13,1
906,-53.7,91.1,99,6,4,2,0
24,-56.5,397.9,12,169,97,203,1
501,-40.1,53.3,275,5,7,0,0
784,-86.8,102.1,153,11,6,2,0
28,-39.8,506.7,6,205,107,28,1
856,-64.7,120.5,254,3,6,2,0
40,-67.0,36.6,142,7,5,0,0
554,-72.3,63.4,71,4,7,0,0
40,-83.3,196.6,128,54,6,17,0
50,-50.1,264.4,0,35,46,95,1
83,-36.9,67.5,3,96,118,14,1
526,-70.3,183.6,26,47,8,12,0
65,-62.9,113.3,12,77,89,17,1
685,-80.8,209.8,0,76,3,24,0
24,-46.1,642.2,16,63,166,110,1
788,-74.7,111.4,186,67,6,4,0
143,-75.1,93.9,65,4,5,1,0
500,-34.0,66.7,66,4,12,3,0
487,-76.3,102.4,65,11,8,1,0
1012,-80.8,83.1,134,1,9,2,0
299,-51.1,344.7,74,62,6,14,0
719,-52.8,24.9,53,11,1,1,0
24,-52.1,576.2,9,47,24,75,1
499,-81.6,286.3,82,32,6,12,0
32,-49.6,347.7,3,112,51,83,1
430,-58.0,160.0,136,7,1,0,0
149,-53.6,149.2,15,68,39,15,1
42,-58.1,124.1,7,37,23,75,1
775,-73.3,208.1,165,40,9,16,0
686,-79.8,61.1,203,10,5,1,0
503,-47.8,14.1,130,4,5,1,0
850,-51.4,60.3,226,5,4,2,0
699,-84.1,109.6,201,4,10,0,0
146,-49.6,250.8,91,31,5,13,0
55,-42.6,167.1,5,124,104,21,1
308,-33.3,21.3,0,7,7,0,0
586,-95.0,193.7,233,10,6,3,0
808,-85.0,125.8,162,8,4,1,0
682,-72.0,26.9,175,4,11,1,0
41,-29.7,446.4,0,161,17,65,1
752,-66.2,81.2,154,6,4,1,0
24,-60.6,322.5,7,72,68,164,1
24,-48.9,419.5,0,124,10,75,1
759,-50.8,86.1,63,3,5,1,0
1074,-59.2,12.7,124,7,6,1,0
333,-76.9,19.4,138,7,9,6,0
96,-49.5,236.8,2,53,216,16,1
108,-45.5,25.7,130,8,6,2,0
1244,-41.8,55.2,112,5,9,2,0
700,-53.1,156.6,233,7,3,0,0
322,-54.4,34.3,152,8,6,1,0
39,-45.3,473.4,27,95,130,119,1
648,-35.8,32.4,27,10,4,1,0
46,-50.6,160.4,13,158,60,18,1
34,-50.0,353.8,11,140,10,143,1
24,-44.1,307.6,14,85,78,77,1
33,-49.8,400.6,20,18,10,65,1
47,-56.3,187.3,16,37,105,129,1
665,-52.5,13.6,94,3,3,3,0
294,-45.9,86.0,86,3,8,2,0
618,-59.9,39.8,92,6,6,0,0
504,-47.9,199.9,253,3,1,2,0
53,-38.9,693.4,13,48,105,52,1
572,-77.7,216.7,74,7,3,1,0
600,-51.5,222.5,109,5,4,1,0
31,-38.6,423.2,9,169,121,163,1
224,-73.2,16.4,190,8,5,0,0
34,-44.9,327.0,0,63,90,78,1
61,-65.8,290.1,16,122,153,24,1
32,-51.8,421.5,0,62,10,92,1
528,-69.7,35.9,111,10,6,1,0
868,-62.1,125.4,79,4,7,0,0
53,-49.9,132.0,12,50,32,31,1
49,-53.8,348.8,15,64,122,101,1
120,-53.3,155.1,9,99,27,19,1
462,-61.9,158.3,123,6,9,0,0
210,-43.0,74.7,78,4,5,2,0
727,-60.7,79.0,130,4,3,1,0
40,-58.1,75.6,108,5,3,1,0
427,-87.5,69.3,88,12,11,1,0
448,-60.8,78.3,62,6,6,4,0
154,-36.3,293.8,150,22,5,14,0
24,-56.2,523.1,15,119,86,28,1
685,-63.7,316.2,179,48,2,10,0
423,-76.2,68.2,201,5,6,1,0
722,-75.8,16.1,119,6,7,0,0
25,-48.8,329.7,0,148,50,119,1
905,-59.5,39.2,93,6,3,2,0
911,-85.9,6.5,96,5,5,0,0
79,-57.6,164.6,8,118,97,9,1
68,-68.6,164.6,10,123,20,20,1
41,-54.0,515.9,14,97,38,115,1
34,-29.2,473.9,10,81,68,143,1
47,-45.3,370.0,6,63,61,80,1
24,-39.2,169.4,11,81,98,23,1
37,-63.7,203.8,1,40,58,115,1
40,-76.7,117.3,79,2,2,2,0
708,-61.5,147.3,69,4,5,2,0
650,-60.1,133.7,55,3,7,2,0
282,-79.9,93.9,0,4,8,1,0
29,-57.9,401.6,9,15,63,86,1
882,-95.0,81.0,269,7,4,1,0
33,-59.6,294.7,18,27,110,66,1
657,-83.4,131.0,128,5,2,2,0
47,-43.5,515.4,0,15,52,128,1
37,-44.2,480.8,15,97,91,158,1
87,-41.9,203.7,15,78,87,13,1
362,-69.9,8.9,156,6,4,0,0
40,-69.6,68.7,106,5,7,0,0
24,-57.8,338.2,12,188,61,136,1
728,-41.7,36.2,222,5,5,1,0
914,-59.2,15.6,110,6,5,1,0
62,-28.8,20.9,152,7,4,2,0
26,-33.6,494.8,8,17,97,48,1
567,-65.1,81.8,175,7,6,0,0
937,-55.5,20.3,95,9,3,1,0
33,-55.8,203.5,0,49,39,68,1
56,-44.8,417.7,2,203,145,8,1
461,-60.5,484.2,195,10,5,19,0
1174,-88.9,212.8,162,41,5,18,0
861,-65.8,55.0,174,8,8,3,0
24,-53.6,115.1,12,102,69,140,1
45,-47.6,94.5,7,18,111,124,1
889,-48.9,212.8,19,40,6,27,0
24,-42.3,471.5,0,160,85,178,1
965,-60.3,33.9,150,6,6,2,0
874,-70.1,46.0,133,7,6,2,0
519,-69.3,85.4,203,9,5,0,0
997,-74.6,61.4,158,9,8,1,0
29,-59.4,139.3,0,113,133,75,1
32,-54.8,493.9,13,179,111,47,1
309,-59.5,52.3,178,9,10,0,0
400,-55.5,72.8,97,5,6,2,0
307,-40.9,144.3,72,2,2,1,0
338,-63.1,51.1,81,1,2,2,0
888,-63.0,55.7,64,11,5,1,0
66,-49.3,97.2,53,7,7,1,1
41,-47.4,451.7,25,106,99,144,1
322,-60.3,64.6,3,8,10,0,0
34,-61.3,241.3,17,26,77,101,1
33,-35.3,532.4,10,49,38,171,1
171,-59.0,37.1,200,8,4,2,0
278,-68.9,16.8,27,4,5,1,0
1007,-75.0,225.1,213,73,6,20,0
671,-82.6,57.2,129,6,2,1,0
321,-60.2,90.7,149,4,4,0,0
140,-56.9,65.3,105,3,6,1,0
27,-62.5,407.9,22,15,99,109,1
51,-46.7,449.9,4,72,83,99,1
24,-41.9,339.6,5,118,20,79,1
44,-48.7,387.4,0,81,10,58,1
791,-67.3,265.9,83,61,8,24,0
637,-80.9,268.5,121,53,4,23,0
27,-25.0,332.3,13,94,22,56,1
51,-52.1,282.9,9,82,74,71,1
723,-54.6,19.9,140,6,7,2,0
847,-64.3,60.8,0,4,5,3,0
24,-61.1,168.1,12,137,24,165,1
72,-48.1,156.5,5,110,61,19,1
27,-25.0,215.3,2,127,89,139,1
24,-40.0,335.3,29,28,66,12,1
864,-62.8,207.4,0,27,5,22,0
144,-67.9,86.3,0,3,8,0,0
329,-68.8,54.9,47,1,7,2,0
578,-75.6,24.2,0,8,5,1,0
129,-59.6,172.4,2,114,146,19,1
863,-59.9,88.6,249,6,10,0,0
293,-79.2,302.5,212,68,4,31,0
57,-50.1,454.2,11,39,123,66,1
40,-53.3,160.7,88,4,7,3,0
91,-47.2,40.0,0,33,126,10,1
277,-62.5,19.4,0,6,9,1,0
41,-47.5,337.7,13,137,11,8,1
669,-61.0,44.0,94,4,6,1,0
286,-58.4,23.1,11,5,8,1,0
31,-47.3,336.4,20,68,10,122,1
675,-56.0,107.3,143,5,8,2,0
596,-77.2,17.9,155,8,6,1,0
779,-60.5,19.0,46,5,8,0,0
172,-62.6,84.3,144,5,7,1,0
79,-63.2,150.4,19,156,102,15,1
34,-27.7,635.6,0,142,39,104,1
24,-61.3,466.2,5,87,25,78,1
55,-63.6,144.9,33,3,6,2,0
186,-66.6,132.8,105,8,4,1,0
588,-60.4,395.0,169,64,1,13,0
192,-69.0,10.3,74,6,9,3,0
51,-47.3,152.3,28,136,48,40,1
346,-43.3,24.4,69,6,4,1,0
70,-35.0,74.5,11,58,67,21,1
39,-56.5,308.0,18,117,10,137,1
30,-52.2,303.0,0,103,53,98,1
306,-56.5,116.3,171,8,6,2,0
37,-32.0,334.4,14,108,73,179,0
565,-38.3,84.9,123,6,6,0,0
1327,-46.7,27.5,199,4,6,2,0
253,-48.8,74.5,167,11,8,1,0
549,-73.7,72.0,151,6,4,1,0
669,-77.1,50.0,219,3,4,2,0
53,-33.3,475.4,16,83,93,104,1
498,-50.0,111.4,227,4,7,1,0
662,-87.7,88.6,268,3,8,0,0
44,-54.8,262.4,0,97,52,86,1
122,-41.7,187.1,16,88,50,30,1
24,-58.9,315.4,0,143,37,80,1
40,-33.8,337.6,0,97,41,183,1
24,-42.2,456.3,0,121,93,254,1
655,-35.7,206.3,34,24,4,20,0
34,-46.1,238.5,0,120,59,20,1
499,-72.6,12.5,119,5,3,1,0
24,-64.5,341.7,4,77,103,57,1
746,-54.6,41.8,130,7,7,2,0
40,-63.3,318.7,82,18,8,19,0
1161,-66.1,44.7,67,4,4,0,0
45,-57.8,514.6,3,56,18,117,1
410,-41.9,62.4,118,10,10,1,0
40,-75.1,56.4,168,8,11,1,0
248,-55.1,11.5,146,6,5,0,0
31,-35.5,429.0,0,104,30,128,1
39,-37.2,366.7,23,132,126,205,1
24,-40.0,195.5,13,130,40,183,1
268,-66.1,55.5,128,5,4,1,0
39,-58.6,108.2,0,156,58,110,1
282,-58.2,70.8,187,8,12,3,0
197,-62.0,40.0,12,80,103,22,1
49,-49.2,520.5,0,164,114,62,1
804,-36.1,21.7,161,7,5,2,0
26,-61.1,261.4,11,76,55,128,1
47,-54.0,432.7,2,75,29,92,1
490,-65.3,185.0,121,6,5,2,0
363,-95.0,173.3,81,64,2,22,0
24,-26.9,522.9,12,84,86,61,1
38,-52.0,254.6,0,146,141,147,1
24,-38.7,520.4,7,87,156,183,1
368,-65.4,5.2,233,2,6,2,0
30,-39.2,60.0,13,51,56,211,1
607,-45.8,173.3,71,7,8,1,0
24,-50.4,300.6,0,15,130,8,1
673,-69.9,35.3,185,5,4,3,0
40,-64.1,30.3,115,6,2,3,0
475,-57.3,34.4,175,7,11,0,0
28,-30.3,468.2,9,128,87,156,1
707,-52.2,46.3,183,3,5,2,0
49,-54.8,427.2,0,68,56,229,1
785,-68.7,33.6,102,3,7,1,0
44,-51.9,437.9,0,116,31,161,1
599,-64.5,33.2,101,4,6,0,0
154,-65.6,295.0,11,21,12,30,0
274,-64.0,92.3,156,9,9,0,0
147,-57.1,145.0,17,88,16,22,1
24,-44.9,360.5,17,108,69,141,1
1005,-67.3,32.4,199,8,5,2,0
814,-63.2,51.9,148,6,9,5,0
261,-60.7,125.1,103,7,12,1,0
111,-58.6,20.5,66,8,3,1,0
26,-25.0,233.7,23,82,111,137,1
310,-59.6,53.6,200,4,4,2,0
32,-54.6,111.3,12,93,94,34,1
54,-44.1,406.7,11,212,29,221,1
80,-65.1,64.1,231,4,6,0,0
102,-69.4,256.9,48,45,5,8,0
1005,-72.6,241.0,0,6,5,2,1
513,-67.3,145.6,213,7,3,3,0
754,-63.8,59.5,164,6,1,2,0
510,-54.4,106.9,118,5,3,1,0
902,-86.2,42.2,199,4,2,0,0
29,-45.6,465.9,0,129,84,97,1
161,-61.0,27.6,105,7,2,1,0
34,-48.2,309.7,19,126,76,92,1
772,-52.7,119.6,59,1,8,1,0
179,-76.5,42.3,187,7,11,1,0
456,-66.4,13.8,124,7,4,1,0
40,-54.0,47.0,128,5,9,1,0
725,-71.5,286.9,84,32,10,23,0
778,-46.8,46.0,115,4,6,1,0
324,-79.7,153.2,51,10,4,18,0
109,-42.7,133.1,1,101,45,30,1
24,-36.1,172.8,15,15,38,142,1
466,-57.3,155.2,41,9,6,0,0
902,-65.7,88.4,74,1,6,3,0
35,-42.3,395.7,0,55,131,132,1
106,-45.9,96.0,2,46,10,32,1
815,-53.5,51.1,171,1,2,1,0
39,-50.4,235.6,3,116,71,86,1
34,-43.7,308.1,0,105,151,100,1
33,-64.2,369.0,15,214,107,166,1
40,-81.5,19.3,94,4,6,1,0
34,-42.7,231.1,3,99,26,133,1
619,-79.5,17.1,129,6,9,0,0
530,-38.5,43.4,113,7,5,2,0
729,-52.0,84.5,44,4,1,0,0
999,-71.3,199.2,170,34,6,5,0
35,-52.7,435.9,14,147,112,182,1
585,-63.2,39.5,34,2,4,2,0
24,-35.4,474.3,6,62,44,218,1
243,-73.0,48.7,130,6,11,2,0
563,-49.7,79.5,141,7,3,2,0
24,-49.2,380.3,7,63,77,146,1
719,-48.3,6.2,28,3,2,1,0
516,-72.7,97.2,127,6,7,1,0
24,-50.5,246.7,14,69,97,110,1
589,-53.0,136.4,226,6,7,1,0
886,-65.9,170.0,161,22,5,19,0
462,-70.8,30.5,126,3,2,2,0
440,-69.1,137.9,128,7,5,4,0
40,-53.7,60.3,112,8,3,1,0
1104,-63.3,77.5,163,5,4,1,0
41,-46.8,389.9,15,155,76,121,1
1019,-49.2,112.4,197,6,10,0,0
56,-31.6,184.4,15,85,85,8,1
835,-66.2,248.7,112,55,4,16,0
272,-64.0,61.0,0,3,3,3,0
38,-45.5,458.4,10,171,23,231,1
40,-54.5,27.8,127,3,6,0,0
280,-32.8,207.0,103,7,5,1,0
41,-29.0,260.1,1,100,98,77,1
418,-70.2,66.7,48,10,12,0,0
412,-62.1,104.8,9,2,5,1,0
27,-57.2,574.2,0,97,25,43,1
629,-69.1,135.1,107,5,6,0,0
375,-50.9,67.9,184,3,2,2,0
224,-67.4,101.2,165,13,6,1,0
95,-62.3,164.1,29,49,31,35,1
638,-52.8,116.8,111,5,8,1,0
32,-38.5,493.0,11,53,79,8,1
424,-85.8,32.2,134,4,4,2,0
24,-60.5,274.4,3,67,44,149,1
1008,-60.9,52.3,110,9,2,0,1
30,-38.6,306.0,14,161,10,128,1
146,-50.2,14.8,255,8,2,2,0
59,-56.6,59.6,241,7,11,0,0
1204,-53.4,75.2,156,1,5,3,0
613,-60.3,27.1,168,6,5,0,0
403,-56.1,40.9,86,7,2,1,0
545,-75.9,72.8,161,9,7,2,0
902,-68.3,76.3,126,6,6,0,0
34,-56.7,424.1,0,51,47,70,1
48,-55.3,472.3,9,41,108,90,1
24,-45.0,400.7,17,109,27,166,1
332,-76.3,140.8,72,3,5,2,0
24,-57.7,638.4,6,92,82,124,1
29,-59.3,432.5,8,134,100,198,1
102,-29.6,141.2,0,149,83,29,1
37,-58.1,453.5,0,138,88,75,1
40,-62.5,208.3,29,10,8,21,0
614,-76.4,27.1,121,6,7,1,0
34,-30.1,422.9,21,165,44,197,1
31,-59.5,511.9,10,74,71,154,1
603,-62.7,102.5,100,10,7,1,0
24,-55.8,491.0,0,81,90,133,1
144,-35.5,66.8,155,7,3,0,0
124,-52.5,175.2,15,157,126,38,1
455,-62.4,68.7,155,5,4,0,0
43,-54.2,545.7,3,87,70,146,1
309,-66.9,97.1,106,4,2,1,0
847,-57.1,206.1,93,49,5,17,0
118,-34.7,174.8,9,28,167,27,1
503,-54.8,317.4,183,62,7,21,0
188,-70.4,269.5,92,41,6,6,0
29,-50.8,368.7,2,97,68,180,1
40,-63.4,78.4,167,5,6,1,0
1000,-67.7,47.3,46,3,9,2,0
522,-49.6,20.3,28,8,4,2,0
1162,-49.0,249.5,65,31,5,9,0
469,-83.2,76.7,225,6,5,2,0
39,-51.4,246.0,8,83,72,48,1
268,-54.3,101.2,211,6,9,0,0
520,-77.8,83.5,113,3,3,1,0
33,-44.7,243.1,6,88,135,107,1
542,-46.5,102.4,17,5,4,5,0
710,-74.2,186.8,137,6,7,0,0
30,-45.6,510.4,4,88,96,114,1
24,-66.5,255.1,5,37,49,48,1
40,-64.0,78.2,184,7,6,2,0
40,-77.6,161.7,114,51,5,29,0
124,-43.1,229.7,10,57,128,35,1
24,-48.1,561.6,5,113,75,162,1
117,-49.2,56.8,83,4,4,2,0
24,-43.3,196.9,0,96,39,18,1
841,-74.6,4.8,71,5,8,2,0
365,-36.3,158.3,61,5,5,1,0
70,-25.9,52.8,22,162,37,28,1
124,-43.1,281.2,3,36,27,21,1
24,-32.4,359.3,1,183,148,71,1
33,-50.4,492.6,19,110,91,47,1
167,-60.7,121.8,6,16,72,9,1
48,-42.6,392.3,7,128,30,55,1
381,-72.0,160.4,203,5,1,3,0
72,-46.1,40.0,9,106,10,35,1
107,-64.7,97.3,17,20,37,23,1
40,-85.2,69.0,87,4,4,1,0
338,-50.3,65.6,26,8,3,1,0
24,-37.7,398.0,8,88,31,91,1
31,-46.0,402.4,15,35,78,8,1
77,-73.7,105.5,113,5,5,2,0
185,-77.4,121.0,173,51,6,18,0
1032,-62.8,83.9,181,5,3,1,0
33,-60.6,333.9,0,93,100,116,1
39,-51.9,352.8,6,25,129,9,1
1041,-69.3,80.6,71,4,9,0,0
247,-65.1,56.3,171,5,4,1,0
160,-63.6,38.6,135,4,1,2,0
730,-65.8,45.4,122,4,5,2,0
730,-38.1,95.1,257,2,5,2,0
777,-49.6,63.2,157,5,1,3,0
40,-77.9,63.4,100,7,4,3,0
56,-48.2,153.3,4,75,69,158,1
44,-44.2,286.1,16,46,37,131,1
30,-29.5,447.2,7,29,113,136,1
750,-61.5,179.9,0,6,5,3,0
30,-39.6,440.4,30,50,84,18,1
42,-46.9,309.9,9,151,69,167,1
129,-59.1,38.8,177,8,6,2,0
527,-75.0,146.9,158,68,3,14,0
38,-54.6,569.8,7,93,82,109,1
900,-36.0,32.3,143,6,7,2,0
1047,-59.0,8.5,210,6,8,2,0
35,-39.2,417.1,12,166,47,188,1
598,-63.2,70.3,188,3,3,2,0
232,-77.8,286.0,3,52,2,24,0
612,-52.5,284.0,138,3,5,0,0
788,-61.2,100.6,92,5,8,0,0
43,-50.4,570.3,4,31,135,121,1
32,-52.7,429.3,0,40,29,132,1
565,-53.0,41.8,0,7,6,2,0
692,-60.9,62.5,48,8,9,0,0
574,-47.0,95.2,92,3,8,1,0
27,-51.2,420.8,22,69,55,125,1
193,-66.6,17.4,0,6,6,0,0
104,-61.1,39.6,113,9,6,1,0
37,-48.4,453.3,26,48,119,74,1
638,-92.3,127.1,132,8,5,2,0
649,-71.9,37.5,0,6,4,2,0
32,-41.9,198.8,3,109,89,23,1
40,-72.3,43.1,51,10,6,3,0
25,-54.4,284.2,15,110,83,34,1
775,-66.1,363.7,147,55,9,16,0
258,-78.1,90.4,95,4,4,1,0
947,-65.4,107.3,103,4,6,0,0
436,-61.0,67.2,206,1,5,0,0
40,-47.5,84.1,42,7,5,2,0
40,-59.0,36.3,53,2,5,1,0
246,-75.0,129.5,115,7,5,1,0
24,-43.3,358.7,19,116,51,114,1
44,-50.2,173.6,6,250,110,165,1
668,-77.1,53.4,171,11,6,2,0
52,-52.6,452.7,11,66,68,128,1
635,-42.6,69.7,217,7,8,0,0
165,-65.8,199.0,52,47,2,16,0
493,-53.4,45.0,134,5,3,4,0
806,-80.8,12.2,105,5,5,0,0
589,-59.5,69.2,18,7,12,1,0
56,-31.6,292.1,11,47,64,108,1
47,-55.5,487.8,0,80,58,163,1
42,-39.3,243.0,8,50,47,61,1
636,-69.3,107.2,157,7,6,1,0
374,-79.4,92.0,141,5,8,2,0
204,-70.6,63.5,21,5,4,1,0
742,-51.1,93.4,125,6,5,1,0
614,-65.2,98.9,154,12,2,1,0
996,-51.5,75.7,64,11,2,0,0
25,-38.4,384.6,12,53,30,131,1
40,-71.4,79.2,72,3,6,0,0
239,-95.0,268.0,175,50,4,4,0
27,-62.7,349.7,9,85,53,193,1
893,-75.5,129.4,43,6,11,1,0
615,-60.4,44.4,93,5,2,0,0
26,-37.0,489.5,0,29,126,116,1
355,-55.9,97.9,154,6,5,0,0
648,-52.1,8.9,292,6,8,0,0
402,-65.6,85.7,233,51,10,18,0
254,-76.1,410.7,131,25,5,5,0
36,-53.0,246.9,14,123,98,128,1
459,-52.6,71.5,177,8,5,1,0
49,-45.8,290.7,8,144,35,90,1
324,-55.0,271.2,83,50,10,4,0
1273,-58.8,41.4,203,6,6,0,0
261,-52.3,41.9,133,7,5,0,0
44,-58.0,332.3,4,137,54,8,1
54,-46.6,184.2,15,131,129,25,1
578,-74.6,78.1,143,4,6,1,0
40,-50.8,149.0,109,3,3,0,0
974,-68.7,5.4,145,6,13,1,0
40,-62.8,14.4,93,6,4,3,0
496,-55.6,95.6,133,5,3,0,0
769,-67.6,42.6,95,7,5,0,0
43,-48.4,338.4,7,77,70,166,1
851,-68.3,128.2,14,7,5,2,1
25,-48.3,278.3,0,74,48,8,1
533,-69.3,22.5,143,4,6,1,0
1116,-60.3,96.8,0,6,8,2,0
353,-45.4,366.9,203,55,5,18,0
42,-52.1,678.1,0,24,55,127,1
687,-69.3,116.4,136,6,9,1,0
30,-45.4,286.4,0,85,53,122,1
797,-58.4,54.2,147,5,9,2,0
56,-54.4,669.2,0,120,44,191,1
51,-44.7,380.8,6,62,93,37,1
293,-84.7,90.8,0,6,3,1,1
591,-59.6,129.7,179,6,12,1,0
24,-49.4,152.5,0,85,72,129,1
753,-64.8,8.0,230,2,6,2,0
340,-43.1,35.6,160,3,10,2,0
868,-66.7,249.4,163,54,8,15,0
145,-47.4,172.3,0,130,35,11,1
95,-72.7,128.6,25,9,4,1,0
1034,-51.6,48.5,100,7,3,1,0
24,-58.3,475.1,15,138,101,16,1
470,-71.5,56.2,58,2,4,2,0
807,-81.4,75.0,294,7,4,1,0
498,-73.0,131.2,38,5,8,2,0
24,-40.9,89.2,14,98,10,53,1
47,-52.1,142.4,8,58,100,21,1
32,-31.5,364.5,3,95,113,70,1
523,-38.1,33.8,72,4,5,2,0
29,-55.0,60.0,3,64,10,102,1
445,-57.0,56.2,16,7,7,2,0
38,-40.6,334.8,14,44,72,50,1
1163,-28.8,33.2,56,7,3,1,0
839,-63.5,58.5,184,10,7,2,1
433,-28.0,150.7,109,12,8,0,0
36,-47.0,310.9,28,116,95,29,1
45,-41.4,267.1,17,94,79,47,1
543,-58.9,86.3,163,8,4,1,0
264,-54.2,95.6,135,5,10,2,0
45,-64.2,411.0,4,150,61,66,1
32,-55.8,133.5,11,88,23,32,1
160,-83.4,38.9,0,9,6,0,0
550,-57.2,151.5,159,5,8,0,0
618,-63.1,32.1,0,7,4,1,0
122,-42.4,248.6,0,15,88,6,1
41,-43.5,524.5,18,104,89,111,1
792,-56.3,75.5,115,5,6,3,0
213,-61.1,43.1,147,6,6,1,0
970,-65.8,253.8,20,7,12,0,0
44,-42.7,412.3,17,98,73,110,1
1492,-60.5,25.0,158,6,7,0,0
579,-47.6,16.6,139,7,5,2,0
91,-51.8,248.9,6,170,10,16,1
909,-40.9,53.8,72,4,7,0,0
790,-73.1,23.2,114,7,5,1,0
169,-65.1,32.0,130,4,7,3,0
42,-58.7,370.6,19,173,92,223,1
679,-56.7,34.1,55,7,8,2,0
221,-52.1,7.2,62,6,8,0,0
41,-54.1,497.2,9,121,64,141,1
81,-41.0,40.0,12,61,45,10,1
543,-49.4,228.9,187,30,6,35,0
26,-50.4,378.9,21,106,10,212,1
137,-67.0,70.4,120,7,6,1,0
1487,-77.8,140.4,101,10,5,1,0
30,-43.2,276.6,16,128,103,94,1
499,-70.6,52.4,99,7,3,1,0
767,-52.5,226.4,219,7,8,1,0
868,-69.3,85.3,67,12,6,0,0
40,-49.1,52.0,80,8,4,1,0
573,-56.4,78.3,60,7,5,1,0
713,-65.4,268.9,216,81,5,24,0
1104,-79.9,62.6,6,5,3,1,0
709,-46.0,132.6,161,2,7,4,0
26,-52.2,313.1,12,17,48,124,1
745,-95.0,59.9,135,8,1,2,0
270,-72.9,100.9,134,6,4,0,0
668,-95.0,446.7,187,54,5,17,0
37,-45.8,439.0,11,56,57,90,0
177,-66.8,167.3,216,7,8,1,0
225,-67.2,114.2,228,1,4,0,0
29,-25.6,271.0,5,77,60,120,1
939,-85.6,105.8,241,6,8,2,0
29,-57.5,308.5,15,108,51,127,1
564,-61.0,70.1,0,5,6,0,0
30,-69.9,171.9,10,195,75,137,1
688,-77.0,270.0,62,63,4,13,0
46,-58.1,60.0,11,53,72,134,1
905,-64.6,63.4,0,10,6,4,0
714,-61.5,30.2,72,5,11,1,0
769,-64.3,49.0,162,7,5,2,0
24,-37.2,126.0,17,112,20,13,1
45,-57.8,282.9,0,77,125,86,1
55,-43.5,246.5,3,108,44,104,1
77,-70.2,40.0,15,106,77,6,1
24,-36.3,166.5,18,58,123,99,1
683,-66.9,118.7,180,3,7,1,0
479,-39.1,14.9,87,9,10,3,0
464,-66.6,79.6,99,6,7,0,0
600,-59.2,73.3,63,6,4,1,0
45,-40.2,546.4,0,107,52,130,1
776,-63.5,17.6,147,3,4,4,0
44,-56.3,215.1,9,49,128,127,1
1061,-83.9,35.4,130,6,9,0,0
24,-48.9,455.0,19,30,89,45,0
440,-56.4,75.0,122,3,7,0,0
31,-35.1,432.8,13,83,49,154,1
226,-47.1,21.9,63,5,2,1,0
1199,-63.8,76.0,0,5,9,1,0
632,-69.3,278.4,107,82,3,34,0
272,-64.9,106.4,178,6,10,1,0
172,-42.3,79.6,86,12,2,1,0
40,-52.5,77.8,129,9,5,3,0
24,-37.5,57.5,8,107,51,15,1
33,-48.5,347.9,15,151,53,222,1
301,-53.5,135.5,89,6,3,2,0
184,-83.7,46.1,200,2,5,3,0
901,-46.7,62.8,167,8,8,2,0
40,-25.0,339.4,0,131,82,135,1
417,-43.7,77.5,194,7,7,0,0
634,-36.6,62.6,192,7,10,0,0
40,-66.7,16.5,111,2,8,1,0
766,-41.3,47.4,142,5,8,1,0
37,-41.6,330.3,5,96,48,174,1
29,-53.7,449.6,0,85,65,129,1
959,-32.2,200.9,165,44,5,12,0
227,-50.3,71.3,17,8,8,2,0
119,-53.3,172.6,9,110,76,15,0
893,-51.4,101.7,175,7,10,2,0
456,-55.2,23.2,56,6,10,2,0
63,-84.6,135.9,11,3,7,4,0
24,-37.4,435.1,14,110,63,44,1
574,-50.4,89.0,205,3,5,1,0
24,-40.2,246.0,25,103,129,13,1
26,-41.1,327.9,11,114,72,212,1
69,-52.2,164.3,8,90,106,16,0
30,-34.9,361.8,21,119,32,87,1
287,-59.2,79.9,175,6,5,2,0
545,-67.8,149.5,173,6,2,1,0
859,-66.5,53.4,91,6,5,3,0
267,-49.8,16.7,188,9,6,1,0
24,-49.3,351.0,0,134,10,111,1
111,-44.4,106.5,4,41,56,20,1
605,-76.4,10.0,127,6,9,1,0
24,-46.8,357.3,12,83,90,56,1
40,-70.1,95.9,154,3,6,2,0
982,-65.4,131.5,126,36,3,38,0
27,-27.8,223.6,1,75,111,58,0
126,-45.9,173.2,22,106,70,13,1
418,-66.2,82.9,94,11,7,0,0
311,-67.4,134.6,159,5,6,0,0
121,-51.4,89.9,20,15,112,20,1
917,-52.0,62.8,191,4,9,1,0
47,-49.2,458.2,12,152,130,173,1
40,-51.0,79.5,0,6,7,2,0
264,-53.8,4.8,84,4,10,2,0
50,-42.0,441.0,8,137,70,27,1
58,-71.8,296.7,0,98,10,121,1
609,-61.9,9.0,132,6,11,2,0
39,-43.5,601.1,20,93,90,70,1
462,-55.1,80.7,132,9,6,2,0
507,-71.4,45.8,41,3,6,3,0
44,-43.5,217.4,0,105,91,60,1
324,-48.5,295.5,144,50,7,10,0
24,-33.9,123.8,0,53,10,7,1
645,-54.0,42.1,145,5,3,2,0
665,-66.9,94.5,35,3,8,1,0
49,-50.5,197.5,0,139,63,118,1
1006,-41.0,390.2,103,38,5,17,0
643,-45.9,28.8,55,10,9,1,0
542,-75.0,172.9,176,5,7,1,0
41,-61.8,17.6,160,7,8,0,0
551,-69.5,20.5,86,4,3,1,0
58,-51.2,489.8,7,30,95,8,1
697,-85.7,76.6,136,5,11,1,0
52,-50.3,43.4,194,4,8,0,0
32,-30.5,332.3,19,101,154,42,1
135,-47.7,282.8,138,16,5,14,0
676,-72.4,33.6,190,4,4,2,0
103,-39.7,91.1,173,2,7,2,0
40,-55.3,61.8,136,13,11,2,0
546,-59.3,60.2,225,5,5,3,0
524,-45.0,157.3,141,6,4,0,0
106,-53.9,217.6,27,70,123,22,1
87,-50.6,94.3,3,137,60,26,1
443,-67.6,79.3,127,6,7,1,0
61,-65.8,70.1,169,6,8,2,0
24,-53.3,681.4,16,66,12,132,1
24,-48.1,615.8,12,102,75,65,1
704,-61.9,80.0,75,42,11,25,0
1066,-48.7,88.2,64,8,3,1,0
618,-49.3,23.5,178,8,7,1,0
24,-55.1,310.3,24,51,37,199,1
31,-43.7,506.6,26,54,40,98,1
24,-51.9,113.0,4,50,52,117,1
1124,-84.1,217.4,184,7,11,2,0
308,-34.2,33.7,139,1,9,1,0
40,-43.6,60.0,12,69,10,122,1
30,-53.5,333.6,0,110,161,37,1
861,-68.5,30.6,100,4,10,1,0
182,-38.5,19.2,118,9,8,2,0
353,-31.4,14.6,160,8,4,1,0
1029,-61.5,141.4,206,4,7,0,0
34,-50.3,385.2,17,163,52,170,1
43,-43.2,471.0,17,133,42,216,1
24,-59.4,498.0,0,88,58,84,1
563,-75.0,55.7,0,4,3,0,0
489,-56.0,138.0,166,3,7,4,0
34,-59.2,443.9,0,78,125,97,1
40,-69.4,217.6,77,5,7,2,0
439,-59.9,51.9,0,9,5,2,0
40,-59.4,29.5,224,4,5,0,0
55,-53.2,539.8,10,59,126,96,1
259,-62.3,132.9,10,5,2,1,0
889,-62.6,101.6,147,5,7,1,0
40,-51.0,261.7,94,47,5,4,0
744,-60.3,153.9,109,9,3,2,0
41,-39.8,235.2,7,58,98,30,1
42,-57.9,281.9,13,99,95,168,1
404,-40.8,221.7,4,76,7,22,0
341,-75.3,20.5,117,6,9,0,1
502,-63.7,178.0,85,6,4,3,0
44,-57.9,593.8,12,79,40,101,1
40,-43.2,96.7,79,6,3,5,0
46,-56.8,70.6,86,5,9,1,0
455,-46.1,42.6,142,4,3,5,0
44,-52.7,259.3,17,99,73,155,1
705,-53.9,27.7,140,6,12,0,0
699,-72.2,133.3,102,3,4,2,0
38,-55.3,160.8,9,164,90,192,1
24,-54.8,446.1,5,141,101,137,1
441,-58.6,71.5,0,4,6,2,0
251,-81.1,64.9,102,4,2,1,0
586,-65.2,89.9,97,3,11,1,0
33,-54.6,444.7,0,138,53,37,1
41,-46.7,531.2,0,114,52,159,1
437,-88.3,30.1,236,6,8,0,0
459,-53.7,180.3,74,89,2,26,0
24,-43.1,358.6,17,119,85,15,1
31,-62.4,594.0,23,194,33,156,1
216,-61.8,17.5,154,4,7,0,1
688,-67.9,52.7,77,5,4,2,0
44,-42.4,406.8,8,115,38,155,1
431,-43.9,61.0,171,9,5,1,0
35,-55.9,485.7,15,85,16,180,1
32,-58.8,262.4,17,58,18,175,1
198,-53.3,35.3,125,7,6,0,0
28,-51.6,584.5,7,125,64,8,1
1003,-60.6,135.2,191,1,7,1,0
252,-47.6,24.8,171,9,8,1,0
529,-40.3,30.9,106,7,4,1,0
220,-56.8,170.7,26,6,8,2,0
37,-47.9,443.7,0,101,53,78,0
463,-59.8,81.5,219,3,6,2,0
896,-66.9,183.7,114,4,7,1,0
88,-38.7,163.4,16,108,113,26,1
24,-58.7,443.8,0,55,90,60,1
117,-68.5,26.2,272,7,8,0,0
53,-64.6,308.8,7,132,109,155,1
606,-67.5,175.7,0,2,9,0,0
41,-33.0,423.7,4,114,10,119,1
28,-52.4,278.8,2,61,77,98,1
481,-66.2,29.8,143,7,9,1,0
24,-59.3,380.6,11,87,11,73,1
669,-42.7,79.6,113,4,8,2,0
24,-59.6,238.2,1,15,64,202,1
648,-64.5,47.1,30,7,5,1,0
1211,-60.7,214.5,177,3,8,0,0
37,-41.2,213.0,2,56,55,8,1
472,-71.6,67.3,48,10,4,3,0
24,-39.0,417.4,8,197,28,122,1
24,-52.1,410.7,19,110,92,34,1
47,-39.2,408.2,0,78,64,153,1
577,-62.9,12.6,52,2,8,0,0
57,-50.6,83.7,68,4,9,0,0
26,-48.5,340.8,15,149,62,11,1
520,-51.7,109.6,255,6,11,1,0
154,-31.7,39.7,78,9,5,2,0
910,-74.3,157.5,51,4,8,4,0
623,-35.5,10.5,73,9,6,1,0
449,-64.2,36.2,98,6,9,2,0
819,-64.5,30.7,48,2,5,6,0
40,-35.9,94.0,254,4,5,1,0
999,-72.8,103.3,71,4,2,1,0
35,-39.7,516.3,19,139,38,148,1
49,-51.4,384.7,0,71,10,120,1
531,-45.1,77.6,111,12,6,0,0
440,-34.6,77.9,105,6,7,1,0
412,-42.9,55.2,0,10,8,1,0
55,-37.4,524.0,5,62,100,67,1
804,-61.9,13.4,94,9,5,0,0
507,-73.5,88.9,5,5,8,3,0
737,-59.9,245.1,21,33,6,20,0
58,-45.4,357.8,8,114,17,88,1
101,-56.4,191.4,9,109,39,18,1
39,-50.1,509.7,0,64,19,171,1
30,-40.1,336.4,10,36,71,137,1
40,-57.0,232.5,108,3,5,1,0
901,-63.2,79.6,173,4,8,1,0
65,-38.1,375.9,10,102,89,87,1
35,-37.8,97.0,0,121,50,85,1
37,-50.2,314.8,0,106,131,198,1
40,-79.0,352.1,23,49,4,24,0
30,-61.2,246.2,0,113,17,60,1
356,-77.8,147.6,86,7,4,1,0
45,-53.5,401.6,8,64,95,203,1
50,-55.6,280.9,14,65,89,64,1
34,-50.5,426.7,6,159,28,114,1
36,-47.6,127.5,20,94,15,84,1
193,-59.3,39.2,74,8,8,1,0
42,-44.4,318.3,6,15,10,23,1
30,-34.7,271.7,11,105,10,8,1
37,-61.9,411.6,16,57,54,87,1
213,-74.2,115.3,215,9,4,1,0
44,-33.0,448.9,0,98,10,107,1
159,-61.8,92.3,188,4,4,1,0
103,-77.6,194.2,127,23,5,19,0
902,-70.3,9.0,287,7,4,2,0
1084,-53.2,18.2,83,5,4,0,0
414,-86.4,31.8,208,9,4,1,0
77,-51.7,86.8,31,137,61,20,1
27,-44.1,409.6,15,70,36,49,1
44,-62.0,470.3,14,142,135,72,1
40,-65.4,125.4,50,4,4,1,0
38,-61.8,346.5,0,32,85,205,1
740,-72.4,34.3,65,12,9,0,0
36,-51.9,328.8,8,165,44,62,1
32,-51.2,340.8,11,143,72,137,1
40,-41.5,353.4,12,15,72,104,1
24,-36.1,285.3,8,91,57,49,1
24,-37.2,122.3,9,166,87,152,1
24,-67.5,378.1,17,66,72,135,1
148,-63.0,60.4,248,7,5,0,0
878,-53.5,42.3,51,2,7,2,0
819,-48.2,174.6,145,6,4,2,0
491,-48.4,248.7,135,38,6,5,0
24,-61.8,384.1,0,69,10,73,1
707,-48.2,268.9,169,6,7,0,0
937,-46.4,101.4,192,7,3,1,1
25,-55.3,602.9,3,68,10,23,1
634,-55.7,115.9,140,8,5,2,0
392,-60.1,4.2,110,8,8,1,0
283,-58.5,37.8,70,10,5,1,0
26,-46.1,549.1,14,118,119,141,1
65,-60.9,475.7,9,148,117,101,1
451,-44.5,128.0,102,5,3,0,0
32,-46.1,441.3,4,121,56,105,1
331,-65.0,156.3,221,5,7,1,0
1069,-55.8,25.0,23,6,3,2,0
380,-87.2,101.4,37,6,5,1,0
489,-69.4,24.4,153,4,2,1,0
25,-46.4,343.6,0,190,47,112,1
613,-74.7,116.6,32,4,3,0,0
64,-54.3,252.5,4,133,67,8,1
25,-53.7,217.5,20,133,68,119,1
641,-39.3,58.1,63,5,5,2,0
300,-48.0,55.6,247,4,11,1,0
52,-61.2,544.2,6,74,86,109,0
506,-54.7,17.3,151,4,9,1,0
35,-46.4,239.3,16,56,100,269,1
1139,-46.4,85.8,171,6,6,1,0
526,-57.2,91.2,92,5,6,2,0
28,-44.4,363.5,9,94,35,112,1
95,-48.6,190.5,14,15,98,23,1
31,-37.2,239.4,16,49,44,131,1
374,-72.7,4.0,116,6,8,1,0
52,-46.2,391.6,10,72,39,115,1
45,-31.3,288.3,0,125,66,24,1
74,-39.5,188.2,21,59,62,78,1
27,-56.9,413.2,4,122,97,98,1
614,-62.0,63.1,81,10,11,1,0
34,-44.5,278.5,12,74,22,131,1
199,-92.2,48.9,96,3,5,2,0
40,-78.3,37.2,109,5,6,3,0
277,-67.4,70.5,71,8,5,0,0
36,-67.5,769.6,4,25,106,118,1
849,-44.0,223.3,61,49,3,17,0
24,-50.4,306.0,0,133,72,124,1
24,-38.8,94.4,9,147,82,73,1
639,-67.0,19.7,3,7,3,0,0
34,-47.4,390.0,8,165,41,148,1
329,-53.4,184.9,68,7,4,1,0
40,-63.3,59.8,195,10,8,0,0
24,-50.2,323.6,8,98,33,134,1
39,-41.8,256.0,13,126,66,92,1
481,-57.6,82.5,198,7,3,1,0
784,-83.9,50.2,177,6,6,3,0
25,-60.1,387.8,0,75,111,33,1
31,-32.0,187.6,23,186,128,71,1
607,-79.7,97.4,241,11,8,0,0
432,-52.0,123.4,90,7,8,1,0
40,-56.1,43.3,117,6,7,1,0
488,-54.6,3.1,120,8,4,2,0
209,-73.6,278.4,255,45,6,21,0
429,-58.8,37.2,145,4,10,3,0
36,-57.8,310.4,7,110,75,142,1
328,-84.6,60.8,86,9,9,1,0
359,-50.2,233.9,300,50,6,10,0
139,-84.5,163.9,84,4,5,2,0
397,-63.2,183.9,158,5,6,1,0
42,-50.9,327.4,0,140,90,141,1
117,-49.9,217.6,0,55,35,33,1
509,-69.0,311.6,212,7,4,0,0
766,-85.2,286.7,73,51,4,38,0
354,-28.0,298.3,0,53,6,15,0
253,-58.7,29.7,87,11,8,0,0
415,-61.1,22.4,44,9,7,1,0
1026,-74.8,148.5,76,5,3,1,0
43,-25.0,324.7,0,88,45,90,1
748,-50.2,37.1,95,2,5,0,0
799,-43.3,24.9,164,5,5,1,0
218,-55.7,21.4,35,5,8,2,0
52,-54.2,24.7,127,7,6,0,0
142,-72.3,68.8,110,9,8,0,0
1017,-64.9,98.4,157,5,4,0,0
285,-65.9,69.9,194,6,7,1,0
42,-81.8,135.2,92,6,6,0,0
434,-82.8,235.6,148,73,4,36,0
24,-41.9,477.6,7,88,37,80,1
41,-47.9,69.4,137,2,7,0,0
982,-35.1,14.2,64,4,8,1,0
26,-48.2,457.3,9,20,79,32,1
126,-67.0,293.9,75,69,7,14,0
387,-92.9,62.2,188,4,6,2,0
531,-54.5,74.2,0,7,6,2,0
24,-40.4,510.8,18,58,117,159,1
654,-65.6,70.0,38,12,6,0,0
40,-38.4,34.2,14,4,8,0,0
772,-47.8,32.6,149,6,4,1,0
50,-67.0,324.1,0,127,73,114,1
36,-40.5,266.9,6,103,115,151,1
25,-61.4,309.3,7,114,38,90,1
44,-36.4,153.6,11,142,114,150,1
58,-61.1,635.9,10,141,22,196,1
41,-32.3,264.2,0,143,41,162,1
555,-77.7,68.5,126,4,4,2,0
431,-59.4,148.4,178,4,8,0,0
1127,-40.4,63.7,121,13,5,0,0
40,-79.2,93.7,21,10,5,1,0
40,-32.9,355.8,25,148,85,116,1
43,-47.4,223.7,2,151,65,87,1
32,-46.5,142.0,4,149,35,108,1
521,-45.9,77.4,148,9,5,0,0
30,-25.0,352.5,8,119,141,11,1
491,-37.0,83.7,137,6,6,0,0
1036,-45.8,81.5,68,2,7,0,0
544,-53.9,222.6,129,61,4,19,0
987,-65.2,87.3,93,3,6,1,0
950,-67.0,72.8,139,5,6,1,0
394,-29.8,47.0,118,8,5,0,0
781,-64.8,42.5,5,4,8,2,0
40,-55.2,44.8,60,8,4,1,0
896,-54.7,37.4,34,7,5,2,0
37,-39.2,531.6,9,136,33,18,1
502,-44.0,81.0,157,3,5,2,0
56,-28.5,478.5,3,93,88,8,1
672,-53.8,123.6,166,44,1,26,0
42,-53.3,485.4,3,75,85,135,1
39,-44.5,293.3,8,103,100,102,1
559,-54.6,74.6,204,8,6,1,0
192,-61.1,82.5,112,8,7,2,0
24,-38.7,310.0,10,120,119,87,1
831,-55.1,64.4,142,8,4,1,0
40,-36.4,163.3,166,23,5,16,0
645,-59.1,119.0,35,10,8,4,0
308,-78.4,202.7,85,56,4,19,0
45,-37.9,382.0,8,218,109,59,1
364,-61.2,160.0,2,7,7,0,0
58,-37.3,85.1,3,15,61,10,1
745,-82.9,24.8,2,8,3,1,0
645,-56.1,87.5,196,9,8,0,0
51,-33.2,508.4,8,57,79,169,1
105,-50.5,152.4,14,103,73,35,1
32,-47.8,404.9,6,94,42,64,1
381,-63.1,92.8,0,4,6,1,0
1164,-41.8,121.4,102,5,8,1,0
24,-41.8,219.3,0,169,117,105,1
546,-66.7,121.7,167,6,10,2,0
868,-33.9,64.1,173,8,9,1,0
630,-60.2,128.6,145,2,6,1,0
235,-84.0,63.5,59,5,11,1,0
363,-37.1,215.2,132,8,5,2,0
24,-53.8,423.6,30,62,36,102,1
35,-45.0,502.7,0,36,57,18,1
24,-48.0,215.1,13,101,108,16,1
363,-52.6,44.0,182,7,8,1,0
30,-48.3,681.7,5,38,69,134,1
773,-34.3,177.8,112,5,4,0,0
365,-53.3,200.5,175,7,10,2,0
789,-63.3,52.6,226,4,7,0,0
24,-70.1,643.6,10,63,46,158,1
24,-51.2,283.9,14,23,97,40,1
40,-63.6,27.2,170,10,5,2,0
297,-59.2,143.5,105,5,6,1,0
898,-69.5,32.3,203,8,6,2,0
52,-49.8,702.4,9,132,49,51,1
54,-51.3,243.6,1,149,37,17,1
853,-69.3,77.6,31,9,3,1,0
46,-42.2,166.3,0,52,112,52,1
388,-68.8,60.7,165,8,3,2,0
36,-49.1,359.1,16,98,49,94,1
50,-40.8,169.3,11,92,52,70,1
594,-66.2,169.3,37,43,2,4,0
39,-41.7,155.6,0,29,48,30,1
581,-66.2,30.2,111,7,4,0,0
877,-70.4,35.7,236,5,1,0,0
52,-45.2,669.7,4,122,42,34,1
50,-45.9,573.5,7,116,53,164,1
335,-50.2,34.1,59,12,6,0,0
41,-43.2,536.2,6,42,73,186,1
32,-55.3,367.4,5,78,26,131,1
47,-43.2,75.4,15,138,71,8,1
41,-56.0,379.9,7,116,99,92,1
630,-76.6,58.8,60,10,4,2,0
786,-51.4,31.1,58,6,6,1,0
601,-63.2,63.1,124,2,6,1,0
33,-61.3,532.4,3,103,89,138,1
352,-54.5,211.1,145,96,5,8,0
552,-78.3,55.5,201,8,5,0,0
533,-95.0,225.7,198,5,6,1,0
40,-32.8,65.4,190,3,5,0,0
618,-59.1,41.3,0,2,6,2,0
82,-41.3,173.9,0,93,77,29,1
33,-54.8,346.9,11,64,103,104,1
48,-55.1,164.0,5,84,107,70,1
30,-64.0,467.2,0,15,84,202,1
370,-84.8,254.4,179,47,8,18,0
490,-53.9,53.2,67,5,6,2,0
24,-44.7,339.1,0,63,51,49,1
26,-39.9,421.9,5,126,107,129,1
41,-57.2,538.9,13,108,63,89,1
41,-41.5,485.3,19,121,112,78,1
849,-40.1,218.5,140,10,6,12,0
34,-33.1,321.3,8,87,98,63,1
40,-59.3,125.2,102,4,4,4,0
683,-54.7,70.5,47,9,7,0,0
730,-71.7,207.4,117,27,5,4,0
376,-68.8,70.6,56,6,4,1,0
25,-42.8,127.7,0,82,81,109,1
299,-58.6,208.9,122,5,8,3,0
24,-47.6,484.0,14,101,36,206,1
603,-71.5,11.0,213,9,9,3,0
966,-61.3,49.5,136,7,5,1,0
638,-80.0,45.7,70,5,1,2,0
49,-46.9,286.5,8,89,35,222,1
406,-63.3,13.2,144,9,6,2,0
398,-58.1,101.2,5,4,8,2,0
102,-55.9,104.2,2,103,47,17,1
184,-57.4,82.7,127,4,3,2,0
618,-55.0,101.7,57,9,7,0,0
24,-72.4,551.6,7,103,81,88,1
34,-45.2,272.6,10,89,59,205,1
580,-86.3,80.5,162,4,6,0,0
57,-45.5,256.6,96,41,2,16,0
24,-51.2,101.6,4,67,125,148,1
24,-38.8,572.9,23,66,117,69,1
24,-60.5,465.8,14,110,110,138,1
482,-64.4,96.3,12,8,6,1,0
486,-59.0,212.9,155,54,7,28,0
490,-28.0,136.3,55,41,4,14,0
604,-71.6,52.2,71,6,5,0,0
74,-64.1,62.5,7,42,95,36,1
40,-54.2,160.1,131,5,4,1,0
543,-64.6,28.5,207,4,7,1,0
115,-69.0,81.6,10,127,55,37,1
500,-57.9,10.2,149,7,4,0,0
511,-50.3,48.6,194,4,4,2,0
37,-47.1,300.6,8,86,12,105,1
81,-51.1,149.4,15,63,56,15,1
650,-44.0,243.6,116,28,7,17,0
503,-68.9,214.5,143,7,2,1,0
679,-39.9,27.7,121,8,5,1,0
24,-40.3,412.2,0,113,78,108,1
283,-77.5,186.9,49,38,6,18,0
114,-60.7,184.7,4,35,118,7,1
195,-30.5,26.8,54,2,5,0,0
40,-74.8,41.0,159,4,6,2,0
24,-38.3,136.4,2,170,54,13,1
632,-59.8,209.9,290,15,4,20,0
103,-46.3,123.2,11,93,143,9,1
950,-50.9,239.9,188,41,8,20,0
213,-56.7,29.2,130,6,5,0,0
698,-52.9,263.4,159,57,6,4,0
35,-55.8,414.8,0,128,135,148,1
191,-66.5,77.0,39,5,3,2,0
24,-32.0,286.9,5,106,91,126,1
29,-32.0,399.5,0,105,93,147,1
55,-51.7,99.8,13,80,54,11,1
42,-56.5,530.8,14,132,10,155,1
24,-65.1,526.7,1,17,72,130,1
605,-59.3,64.3,76,8,1,1,0
423,-53.2,31.0,149,6,11,1,0
453,-59.1,85.7,169,6,7,1,0
1121,-34.8,72.2,80,5,6,0,0
835,-73.4,54.1,153,5,6,0,0
99,-47.5,88.6,1,88,112,16,1
358,-64.0,30.3,69,5,6,0,0
426,-62.5,26.4,35,7,8,0,0
29,-31.1,171.1,17,173,123,70,1
124,-25.0,77.3,15,112,79,19,1
1079,-94.8,85.7,258,10,5,0,1
40,-80.2,78.4,85,5,8,1,0
766,-67.9,163.7,49,7,8,0,0
522,-80.2,68.5,42,7,8,2,0
705,-86.4,33.7,60,5,8,1,1
46,-47.7,319.5,0,102,121,192,1
57,-45.8,209.3,6,44,100,23,1
40,-32.6,527.9,15,108,109,77,1
52,-44.6,562.2,20,67,39,237,1
877,-73.1,95.4,130,10,8,0,0
61,-64.1,94.8,120,40,4,19,0
40,-64.8,365.4,127,47,5,18,0
85,-48.1,227.9,0,109,21,17,1
42,-48.3,528.0,0,77,114,130,1
24,-28.8,238.3,18,62,103,108,1
29,-42.7,382.5,19,45,46,228,1
40,-63.6,93.0,181,5,5,1,0
38,-38.5,362.3,5,97,92,8,1
990,-75.1,62.9,74,4,6,2,0
37,-57.3,488.5,12,121,107,97,1
563,-77.0,93.6,86,5,2,0,0
40,-68.4,18.2,94,3,7,0,0
142,-25.9,149.9,9,121,55,26,1
33,-60.6,264.9,9,152,92,125,1
51,-57.7,58.6,7,148,114,24,1
38,-30.5,311.0,8,110,40,94,1
1249,-51.0,134.8,65,7,7,4,0
39,-56.7,633.4,12,70,42,116,1
703,-65.6,276.8,154,12,14,22,0
34,-27.3,93.0,8,70,54,228,1
735,-56.8,263.4,0,48,4,17,0
782,-49.1,54.4,159,4,4,0,0
1078,-71.4,128.3,210,11,10,3,0
235,-58.3,126.5,200,2,6,0,0
51,-73.4,89.2,1,118,85,100,1
544,-59.6,109.5,30,6,6,3,0
24,-32.9,452.9,0,47,47,234,1
78,-51.7,72.0,26,115,63,16,1
39,-54.1,325.6,29,167,10,60,1
36,-49.9,561.7,6,102,34,36,1
1002,-72.3,262.5,145,72,5,14,0
28,-51.6,478.4,0,111,126,43,1
29,-44.7,368.9,2,15,63,40,1
382,-63.3,50.6,129,5,8,5,0
42,-41.0,346.9,11,79,58,119,1
75,-39.1,180.1,5,15,26,11,1
305,-55.8,80.9,171,3,6,6,0
659,-63.8,349.0,141,48,7,17,0
1153,-61.8,62.6,127,8,3,1,0
680,-61.3,200.0,55,52,9,28,0
877,-83.4,24.5,105,4,6,0,0
25,-52.8,227.1,12,125,62,37,1
43,-46.2,429.1,6,80,114,137,1
24,-45.9,60.0,1,55,50,86,1
233,-73.8,110.3,76,7,4,1,0
40,-67.9,85.3,0,4,4,3,0
142,-33.2,215.6,21,56,92,20,1
40,-53.7,155.7,36,10,11,2,0
24,-49.2,670.0,8,59,114,91,1
368,-68.2,53.3,43,9,6,0,0
32,-44.0,592.1,9,61,10,130,1
24,-40.6,253.7,12,134,134,107,1
747,-51.1,85.0,97,5,4,2,0
147,-73.1,62.1,192,5,10,2,0
649,-62.6,76.8,150,5,5,1,0
38,-58.5,431.4,12,76,37,203,1
730,-39.7,70.1,121,9,4,0,0
24,-43.7,200.6,19,136,90,23,1
326,-48.4,24.8,96,8,4,0,0
42,-46.5,541.6,2,86,10,100,1
40,-77.9,129.7,108,4,5,2,0
40,-73.8,187.7,146,8,9,0,0
544,-49.6,24.4,158,9,4,0,0
432,-51.8,327.9,148,62,7,21,0
255,-54.3,43.2,0,5,6,2,0
69,-46.6,144.6,5,72,98,32,1
630,-61.2,17.1,203,7,7,2,0
47,-47.6,409.8,0,76,70,171,1
306,-72.2,65.6,105,5,4,0,0
32,-72.1,275.7,14,49,10,217,1
29,-33.3,389.8,17,125,13,105,1
1115,-95.0,9.1,188,8,4,1,0
688,-46.8,132.9,238,7,5,1,0
1254,-72.7,47.7,53,5,4,3,0
538,-66.4,95.0,0,4,6,2,0
552,-64.5,25.1,132,5,6,0,0
37,-43.1,142.4,0,69,69,90,1
560,-53.5,342.9,146,68,4,14,0
32,-51.8,132.5,16,35,46,104,1
525,-53.8,63.3,106,8,7,1,0
24,-34.5,312.1,0,133,83,161,1
764,-54.5,18.8,163,6,2,0,0
1029,-76.1,32.8,45,6,2,1,0
24,-36.5,190.6,11,77,41,170,1
30,-57.4,405.1,11,84,78,224,1
40,-62.8,107.9,106,3,7,3,0
26,-48.9,442.7,7,119,88,157,1
28,-64.3,280.3,2,15,58,124,1
325,-58.7,90.0,120,9,6,0,0
447,-77.3,84.4,106,7,3,0,0
24,-59.5,467.2,10,111,41,101,1
46,-27.8,463.1,4,145,39,159,1
313,-56.3,37.5,71,7,9,0,0
367,-64.8,80.3,98,4,8,3,0
24,-32.1,537.4,10,191,80,183,1
24,-59.9,432.2,5,101,137,74,1
475,-76.5,316.2,123,49,7,19,0
290,-77.2,201.7,111,21,5,21,0
129,-54.3,116.8,1,60,33,14,1
263,-57.5,77.1,41,8,8,1,0
750,-65.6,79.6,35,9,7,1,0
24,-55.4,405.7,0,43,82,51,1
40,-58.0,124.1,163,6,2,2,0
1053,-49.7,116.8,119,9,6,0,0
443,-51.4,128.2,128,38,5,27,0
90,-55.1,118.9,9,44,78,42,1
96,-43.0,161.4,0,71,10,13,1
710,-70.6,219.3,72,40,6,22,0
653,-87.6,76.0,52,5,6,0,0
643,-51.1,29.3,188,6,7,1,0
45,-27.3,270.4,11,162,88,157,1
569,-51.2,91.5,89,8,6,3,0
432,-60.9,78.3,54,3,8,0,0
28,-50.5,552.2,4,69,90,95,1
24,-35.5,106.2,7,106,63,139,1
501,-53.4,115.4,0,4,6,1,0
853,-64.0,136.6,201,6,2,1,0
728,-87.6,7.9,38,4,9,2,0
37,-43.6,353.6,22,124,108,121,1
391,-75.5,62.4,183,3,3,2,0
412,-80.5,84.2,17,6,5,0,0
1171,-51.0,55.0,109,4,6,0,0
27,-39.5,292.1,0,97,116,174,1
51,-42.0,253.5,7,31,109,195,1
166,-86.1,100.7,0,9,3,2,0
287,-65.5,111.9,199,4,5,2,0
39,-37.2,320.6,11,94,88,212,1
1103,-55.0,134.9,256,6,8,0,0
506,-72.3,139.9,185,4,9,2,0
1236,-61.4,26.0,64,6,6,4,0
24,-59.0,736.4,9,98,23,178,0
578,-70.2,203.0,157,7,4,1,0
31,-49.4,468.7,5,15,137,106,1
47,-63.3,291.3,20,49,73,66,1
563,-47.3,79.2,54,5,8,1,0
1010,-69.9,38.1,113,15,7,4,0
870,-62.3,77.2,110,10,7,0,0
31,-41.9,359.9,6,178,86,66,1
675,-90.1,66.0,209,5,6,0,0
705,-70.4,6.5,32,4,4,2,0
40,-45.6,82.9,145,3,5,4,0
33,-60.2,321.8,10,35,58,8,1
914,-61.5,324.7,185,61,5,17,0
107,-27.4,40.0,4,91,94,34,1
40,-63.4,77.8,149,10,7,2,0
25,-58.8,481.6,11,70,33,79,1
28,-44.9,515.1,17,69,73,137,1
1086,-45.4,39.7,182,6,5,0,0
58,-56.7,271.3,1,84,85,183,1
24,-43.0,260.2,7,104,83,135,1
822,-56.5,180.3,252,7,5,2,0
493,-62.4,59.6,0,6,6,3,0
53,-59.3,200.8,8,120,69,150,1
644,-64.6,8.2,92,5,3,1,0
824,-77.2,295.1,119,7,8,2,0
50,-56.0,147.7,14,85,35,148,1
24,-43.0,408.3,4,101,47,177,1
483,-42.2,230.2,157,73,4,18,0
31,-61.9,449.2,12,130,53,172,1
1383,-73.0,8.2,56,9,5,2,0
54,-41.5,503.5,8,71,117,126,1
278,-61.6,320.7,11,55,4,27,0
24,-41.7,173.9,0,41,32,110,1
523,-83.9,174.8,188,6,4,1,0
31,-34.6,419.1,14,122,143,87,1
35,-33.1,280.4,11,83,10,81,1
788,-64.0,25.8,64,7,4,1,0
40,-69.3,30.0,67,3,7,1,0
44,-59.3,277.9,13,95,69,122,1
39,-59.4,287.2,14,88,42,41,1
514,-38.9,24.8,246,4,6,2,0
801,-66.5,33.6,129,5,6,2,0
55,-55.3,475.1,6,28,43,9,1
672,-64.5,297.1,181,34,5,15,0
340,-42.6,160.5,61,6,6,0,0
168,-94.5,130.3,48,6,9,1,0
963,-72.3,51.3,34,12,5,2,0
32,-55.8,60.0,10,124,171,110,1
835,-73.4,91.1,197,3,5,0,0
661,-72.5,153.6,68,9,4,2,0
309,-52.6,39.8,56,5,11,1,0
56,-58.7,340.6,0,155,53,80,1
424,-65.4,90.0,57,7,12,1,0
24,-33.7,60.0,2,171,34,8,0
43,-43.7,523.3,19,103,10,56,1
50,-80.2,313.1,149,7,9,0,0
679,-34.8,152.5,93,7,4,1,0
181,-73.0,111.9,16,5,8,1,0
53,-30.5,217.0,21,78,35,57,1
45,-49.4,112.2,7,84,74,17,1
1239,-61.3,78.9,155,4,5,3,0
34,-51.1,414.9,24,45,78,199,1
57,-58.4,170.2,20,15,105,102,1
40,-57.8,30.8,147,12,3,1,0
248,-61.3,24.0,210,3,8,1,0
45,-41.5,329.5,8,177,136,110,1
34,-29.3,502.9,9,77,32,63,1
985,-79.9,126.3,154,6,8,1,0
197,-82.3,393.1,103,66,7,7,0
50,-61.2,201.5,10,145,39,30,1
966,-64.2,318.2,42,6,10,3,0
793,-62.8,111.7,112,3,3,2,0
37,-35.6,655.0,13,101,11,67,1
1145,-81.1,34.9,59,10,4,1,0
654,-68.9,144.3,128,1,9,2,0
567,-47.7,69.4,114,7,4,1,0
33,-73.2,389.6,4,119,103,114,1
360,-62.3,39.7,57,10,13,3,0
586,-46.2,241.2,179,53,6,24,0
144,-50.4,156.3,6,120,10,28,0
77,-25.0,220.1,11,115,88,10,1
609,-42.7,105.5,150,7,11,0,0
40,-37.4,342.6,11,128,92,151,1
454,-77.7,81.2,113,7,9,2,1
24,-52.9,557.0,0,112,58,103,1
1360,-56.4,303.5,108,25,2,21,0
48,-59.1,273.4,23,96,93,48,1
47,-45.5,506.4,6,87,48,223,1
40,-62.3,483.9,0,107,16,56,1
41,-36.7,189.0,16,17,127,45,1
28,-56.1,480.3,4,141,145,128,1
24,-39.9,183.0,14,57,104,15,1
41,-48.7,195.0,7,20,78,81,1
36,-41.2,452.8,0,183,88,162,1
24,-36.5,525.6,0,149,64,153,1
36,-60.5,224.6,1,76,146,145,1
24,-46.1,183.1,7,83,35,122,1
652,-49.4,63.9,73,13,6,1,0
511,-87.2,89.0,122,7,5,1,0
386,-63.9,83.8,251,8,7,0,0
524,-53.9,210.0,168,7,4,0,0
290,-54.3,65.2,149,10,13,2,0
507,-51.1,106.6,0,4,9,1,0
25,-51.1,118.8,0,89,52,136,1
328,-62.2,140.5,117,7,9,1,0
686,-76.7,116.7,158,44,4,13,0
46,-39.2,525.0,1,90,84,189,1
810,-52.4,155.9,115,8,4,0,0
357,-67.6,68.9,42,3,2,0,0
51,-41.3,593.2,6,170,160,64,1
181,-65.9,303.0,103,31,8,20,0
619,-80.2,247.5,126,36,8,8,0
151,-67.4,124.4,127,7,1,0,0
46,-63.1,312.4,13,101,103,166,1
498,-39.1,184.3,119,51,8,9,0
69,-47.9,206.6,4,150,67,17,1
26,-52.3,342.9,11,45,89,158,1
1045,-68.4,38.8,134,11,2,0,0
44,-47.3,628.9,16,100,92,116,1
36,-39.4,418.2,18,108,88,8,1
47,-37.3,361.8,0,110,10,160,1
25,-53.7,388.5,12,95,30,103,1
578,-48.5,50.2,108,12,6,0,0
40,-63.1,51.5,120,7,3,1,0
53,-32.5,289.0,2,83,108,141,1
40,-51.9,376.7,6,53,60,145,1
24,-51.8,459.1,15,38,102,134,1
653,-54.9,53.4,109,7,6,0,0
35,-60.9,445.0,8,104,91,130,1
41,-61.5,222.0,14,76,113,19,1
37,-47.5,70.3,10,90,93,226,1
35,-56.3,448.4,0,92,69,135,1
34,-55.8,541.2,1,43,136,159,1
48,-32.6,203.1,17,96,116,182,1
51,-50.9,113.7,8,67,28,17,1
40,-77.8,156.0,88,7,3,1,0
265,-65.5,82.8,6,10,4,1,0
195,-85.9,56.3,83,4,6,2,0
24,-55.6,603.0,0,159,99,208,0
65,-80.1,37.5,23,4,6,2,0
1008,-66.4,175.7,112,35,4,17,0
437,-69.4,28.6,112,6,7,1,0
1168,-38.9,57.1,131,4,4,1,0
24,-25.0,512.6,6,15,111,119,1
127,-67.8,69.5,222,6,4,3,0
40,-62.8,75.6,107,6,13,1,0
691,-50.8,325.4,82,10,6,28,0
1061,-73.0,127.5,158,7,14,0,0
848,-53.2,150.9,159,23,2,22,0
96,-74.9,274.0,12,110,35,16,1
1221,-52.1,134.6,148,7,5,1,0
1387,-66.7,24.8,132,3,8,0,0
55,-51.5,596.8,11,45,92,78,1
29,-54.7,414.4,18,140,56,123,1
64,-41.5,99.1,77,5,7,2,0
1244,-61.1,101.5,99,5,3,0,0
537,-65.0,69.8,167,6,4,0,0
339,-92.4,29.2,153,7,9,0,0
27,-62.1,286.7,10,112,75,144,1
36,-71.9,515.1,10,87,24,78,1
220,-57.5,19.0,120,2,8,2,0
40,-52.1,141.3,49,14,9,3,0
204,-44.4,42.1,175,9,4,1,0
32,-63.8,277.0,0,73,29,56,1
47,-47.5,331.3,4,123,104,70,1
514,-59.9,83.0,95,7,6,0,0
185,-55.9,58.7,85,1,5,1,0
344,-59.1,54.4,41,4,5,2,0
38,-52.4,371.6,6,117,121,61,1
50,-36.4,256.2,16,102,63,200,1
28,-51.2,486.4,0,95,97,101,1
28,-37.6,137.2,0,151,50,92,1
108,-49.0,213.9,9,91,27,25,1
499,-76.9,129.4,143,27,8,17,0
151,-75.5,53.5,163,3,8,1,0
673,-53.1,113.2,158,4,4,0,0
495,-50.3,9.8,172,1,4,3,0
44,-41.4,398.3,15,58,72,122,1
28,-51.9,170.1,17,64,57,123,1
24,-55.7,187.2,7,88,73,183,1
28,-45.3,578.7,9,125,48,138,1
126,-36.9,111.5,14,132,150,29,1
135,-52.7,71.6,18,59,142,32,1
40,-31.8,48.3,59,9,10,3,0
508,-72.6,87.6,108,7,9,3,0
31,-51.1,525.1,22,166,29,94,1
34,-48.9,337.2,8,218,88,95,1
25,-57.6,338.6,16,114,143,143,1
39,-45.5,60.0,3,162,85,181,1
155,-49.9,77.9,25,194,77,6,1
137,-57.0,206.5,3,118,120,33,1
816,-64.8,65.5,43,7,8,2,0
606,-67.9,291.3,216,41,7,26,0
29,-32.4,697.8,16,15,99,19,1
68,-50.1,174.3,0,166,71,30,1
650,-60.7,56.1,138,11,8,2,0
346,-64.3,55.6,95,3,5,1,0
31,-47.0,274.0,9,55,41,18,1
589,-62.4,34.2,71,3,1,0,0
318,-61.9,120.8,131,7,7,2,0
138,-51.7,13.8,139,6,6,2,0
24,-31.5,424.1,13,61,66,120,1
40,-33.6,131.4,298,5,9,2,0
331,-68.8,62.5,31,4,8,2,0
630,-37.5,45.7,84,7,5,1,0
633,-46.2,64.4,173,10,9,0,0
30,-33.0,123.8,10,105,87,30,1
28,-45.0,558.8,13,118,76,203,1
611,-81.2,32.5,84,10,7,1,0
79,-46.6,198.1,2,136,29,112,1
40,-39.7,26.0,109,8,6,1,0
124,-61.7,166.1,6,103,12,12,1
802,-66.6,52.0,122,7,8,2,0
246,-68.9,114.9,276,4,2,1,0
115,-56.0,146.3,2,92,52,25,1
429,-47.4,33.4,51,2,8,2,0
40,-33.0,56.1,138,6,6,1,0
355,-48.1,93.1,150,8,7,2,0
409,-57.5,43.8,0,7,6,2,0
417,-75.5,99.0,101,8,4,0,0
488,-60.5,35.6,106,9,2,1,0
38,-46.5,646.6,10,115,61,84,1
128,-49.5,129.7,19,111,95,22,1
154,-71.4,67.5,124,5,1,2,0
31,-39.9,340.8,19,44,57,166,1
599,-73.0,49.5,81,7,4,2,0
33,-56.7,415.9,12,138,99,101,1
700,-75.4,88.4,246,4,12,0,0
90,-56.7,66.6,68,2,3,1,0
40,-79.5,57.5,123,7,6,1,0
1352,-66.9,141.2,166,4,9,2,0
61,-51.8,562.3,9,68,40,139,1
791,-61.4,82.0,126,7,4,1,0
32,-35.7,225.8,8,155,10,112,1
781,-79.3,16.1,79,9,3,2,0
40,-64.1,215.7,165,6,5,2,0
595,-79.1,151.8,73,44,7,17,0
54,-59.7,611.0,16,99,101,60,1
731,-60.8,17.2,135,5,9,2,0
40,-68.7,223.2,139,3,9,1,0
620,-53.3,157.3,72,7,4,2,0
31,-32.9,440.1,1,142,14,175,1
405,-73.3,455.5,214,38,9,26,0
304,-68.8,95.9,54,9,6,0,0
43,-50.5,390.3,14,143,31,97,1
953,-81.9,60.6,93,10,3,3,0
25,-44.4,233.5,14,47,32,36,1
396,-38.7,169.3,0,6,12,3,0
888,-64.5,134.3,131,7,7,1,0
278,-45.2,63.3,72,9,4,1,0
51,-35.9,199.2,4,81,116,26,1
35,-39.7,537.1,9,95,18,91,1
834,-73.9,72.2,92,8,9,2,0
32,-51.9,371.9,0,94,83,118,1
681,-59.4,35.3,147,2,6,2,0
45,-30.5,497.0,4,25,94,76,1
382,-60.1,39.9,0,6,5,1,0
561,-76.5,65.3,0,7,7,1,0
220,-69.2,64.4,76,2,5,2,0
520,-82.5,109.3,172,10,6,1,0
866,-47.1,17.7,179,4,10,1,0
239,-53.6,245.3,43,5,3,0,0
839,-69.3,449.2,138,32,5,26,0
287,-64.5,53.1,127,4,5,1,0
37,-59.7,490.0,20,30,98,108,1
889,-65.3,63.5,61,6,3,0,0
89,-33.4,248.4,20,105,68,15,1
32,-46.6,341.7,0,95,10,117,1
155,-66.0,58.5,80,7,5,0,0
431,-75.6,97.6,127,2,5,1,0
624,-63.1,31.6,62,7,4,1,0
330,-48.6,93.5,217,14,7,1,0
405,-71.4,90.5,113,7,5,1,1
38,-70.4,196.5,14,166,83,14,1
24,-47.9,535.5,4,174,79,73,1
35,-39.5,262.4,0,74,154,68,1
41,-48.9,263.0,0,93,10,85,1
636,-77.5,104.9,99,2,7,1,0
339,-55.1,79.7,69,5,5,1,0
238,-84.9,71.2,213,6,7,0,0
664,-66.8,11.8,26,6,7,1,0
24,-32.6,348.3,9,142,87,176,1
1220,-81.3,89.6,97,4,8,0,0
30,-40.5,307.4,3,106,37,151,1
54,-36.7,150.2,20,97,109,131,1
172,-48.1,37.3,109,7,3,3,0
24,-54.8,60.0,13,157,80,8,1
30,-37.8,415.9,2,99,71,92,1
1092,-59.2,210.0,4,49,6,30,0
551,-59.6,57.7,76,4,6,1,0
40,-69.1,187.8,99,3,7,2,0
28,-46.2,400.3,0,113,49,139,1
50,-47.3,139.4,0,53,102,24,1
762,-61.8,4.0,192,4,9,0,0
603,-46.0,80.1,99,7,5,2,0
362,-67.4,30.7,73,8,4,1,0
38,-38.0,306.3,0,31,36,125,1
40,-38.8,359.5,8,39,63,164,1
784,-62.9,53.1,134,8,9,1,0
126,-40.4,66.7,13,129,101,27,1
704,-75.4,65.4,165,5,7,2,0
381,-65.1,9.2,70,7,6,0,0
496,-68.4,23.1,131,9,5,0,0
31,-60.0,631.6,5,24,95,67,1
39,-56.0,60.0,12,52,93,51,1
45,-44.6,532.5,7,169,116,95,1
24,-66.6,398.6,0,137,116,173,1
1376,-62.4,21.4,204,5,3,2,0
40,-67.1,74.6,230,4,7,1,1
42,-27.7,450.4,0,114,70,80,1
769,-39.4,79.7,226,6,6,1,0
555,-35.8,47.4,73,4,2,1,0
1005,-47.0,60.1,101,6,4,0,0
323,-28.0,39.2,72,9,3,3,0
393,-38.1,110.4,33,8,4,1,0
192,-68.1,58.3,85,8,8,1,0
457,-62.7,18.1,37,2,6,2,0
48,-42.5,416.1,18,97,120,81,1
40,-36.5,223.9,185,32,4,20,0
31,-48.8,329.3,11,103,112,70,1
456,-50.6,17.7,131,5,6,0,0
139,-62.8,77.1,180,6,11,2,0
35,-62.2,503.5,0,57,131,93,0
908,-70.5,57.0,55,10,5,1,0
30,-48.9,539.0,15,90,69,117,1
34,-25.0,80.9,11,66,94,94,1
30,-55.6,262.3,7,97,55,116,1
439,-77.2,15.6,6,3,7,3,0
36,-56.3,430.2,4,59,10,77,1
330,-72.7,18.4,136,5,10,1,0
44,-55.4,512.5,11,54,10,8,1
633,-54.5,150.9,0,5,7,0,0
34,-47.0,473.0,6,163,142,180,1
387,-66.8,26.9,135,4,5,1,0
669,-54.8,13.3,0,9,4,1,0
1334,-65.5,14.9,185,4,5,1,0
525,-64.8,27.5,217,7,5,1,0
48,-37.1,307.8,2,110,92,126,1
1302,-69.8,134.1,107,9,9,0,0
1207,-33.6,51.2,117,5,8,1,0
40,-68.8,333.4,45,54,5,22,0
524,-67.4,103.6,131,4,5,0,0
267,-64.6,84.0,83,5,7,2,0
38,-35.6,252.5,0,134,73,217,1
882,-63.3,34.2,116,5,8,2,0
36,-35.7,153.1,15,96,27,19,1
863,-46.4,264.6,0,3,9,1,0
44,-43.0,239.9,0,120,54,140,1
37,-44.5,233.3,9,100,14,59,1
165,-65.3,79.4,68,3,12,0,0
743,-64.2,67.9,31,7,8,2,0
40,-45.3,428.8,4,78,22,145,1
447,-69.0,258.1,153,12,4,1,0
24,-47.7,557.8,7,177,14,229,1
635,-36.7,91.4,81,1,5,0,0
285,-71.6,112.7,141,7,7,1,0
36,-52.6,404.4,21,67,104,119,1
735,-76.6,287.9,187,29,10,22,0
106,-56.1,93.3,13,113,81,20,1
55,-56.9,396.8,5,92,15,56,1
899,-67.9,42.4,148,3,10,0,0
24,-49.2,291.6,0,133,10,49,1
541,-82.3,57.9,88,4,6,2,0
40,-58.3,96.6,189,5,8,1,0
24,-42.6,312.6,3,109,18,76,1
735,-46.0,17.6,68,8,6,3,0
24,-49.6,200.5,9,125,50,114,1
650,-38.0,31.1,115,5,9,2,0
41,-66.9,242.7,0,132,13,168,1
815,-72.9,29.6,218,4,3,2,0
24,-55.4,448.8,4,65,134,144,1
40,-25.0,452.8,0,22,86,123,1
24,-58.3,329.1,15,119,119,142,1
50,-50.3,223.0,15,70,27,44,0
24,-36.0,210.6,15,60,95,78,1
485,-63.8,15.5,2,9,6,1,0
77,-68.0,26.7,18,2,7,1,0
92,-68.9,87.7,44,7,5,2,0
936,-63.9,84.4,58,5,3,2,0
848,-56.5,22.2,137,5,1,0,0
389,-62.9,36.7,201,8,2,2,0
170,-79.2,12.0,147,2,7,3,0
132,-37.5,125.0,13,21,75,15,0
40,-78.9,179.3,189,5,5,1,0
709,-75.8,71.0,140,3,4,2,0
903,-66.2,117.0,199,6,7,2,0
745,-61.8,133.0,49,7,4,0,0
443,-78.0,15.5,289,6,7,1,0
696,-54.9,179.9,37,3,4,0,0
627,-45.2,57.5,109,9,4,0,0
580,-46.9,90.6,62,5,2,2,1
1321,-57.7,501.6,105,69,9,12,0
675,-45.7,121.5,133,3,7,0,0
546,-38.7,19.8,199,6,7,2,0
819,-56.0,352.4,242,27,15,22,0
286,-79.8,59.0,30,1,7,1,0
835,-53.9,115.3,14,4,2,1,0
24,-57.4,227.8,11,55,67,125,1
789,-59.6,113.0,68,4,3,2,0
634,-80.4,178.5,131,4,7,2,0
43,-37.4,115.6,15,99,69,14,1
549,-76.4,40.4,41,7,11,2,0
406,-53.6,35.0,262,3,3,2,0
627,-56.7,62.3,67,3,1,0,0
39,-36.9,397.7,9,49,94,139,1
849,-58.1,330.3,177,20,8,4,0
944,-44.5,26.0,84,5,7,0,0
24,-64.3,105.9,0,180,77,41,1
24,-39.0,193.8,10,122,62,15,1
796,-63.9,21.5,149,5,5,4,0
130,-85.8,79.9,39,6,4,0,0
173,-61.4,189.3,6,128,96,7,1
76,-51.1,175.4,21,75,48,21,1
24,-48.0,382.5,8,101,10,214,1
184,-74.4,23.1,90,1,5,0,0
729,-72.2,84.6,153,7,7,0,0
24,-30.7,279.7,18,179,87,81,1
110,-42.1,238.6,17,110,42,26,1
47,-31.6,158.1,0,59,88,140,1
29,-38.7,406.6,24,70,69,113,1
42,-52.6,271.4,6,155,151,82,1
33,-62.0,201.7,1,123,52,120,1
1003,-71.8,15.5,32,5,10,0,0
43,-37.5,86.2,2,143,64,111,1
48,-33.8,292.9,1,18,65,202,1
738,-52.4,108.4,36,7,6,1,0
24,-52.2,264.6,2,110,57,129,1
369,-66.7,47.2,43,2,6,0,0
505,-42.7,30.3,167,6,6,0,0
36,-47.7,712.7,0,115,123,29,1
588,-62.4,127.5,134,4,9,2,0
575,-58.5,35.6,58,9,4,2,0
24,-54.0,368.4,11,129,29,39,1
240,-71.8,50.5,261,6,2,2,0
927,-52.6,54.1,161,8,9,0,0
46,-54.4,286.5,13,81,87,158,1
343,-69.5,75.7,143,8,2,1,0
357,-84.4,109.5,19,8,6,0,0
59,-38.8,128.4,2,133,67,186,1
26,-44.3,556.1,0,127,70,101,1
608,-51.9,111.6,71,3,7,2,0
1009,-49.7,31.9,179,4,7,1,0
54,-54.7,350.4,24,120,119,109,1
74,-60.1,159.2,108,39,2,23,0
394,-60.3,101.4,8,8,5,0,0
598,-67.4,82.7,187,9,2,3,0
464,-49.6,39.8,143,5,4,3,0
40,-31.7,501.4,16,122,74,91,1
54,-53.9,170.2,0,122,15,14,1
343,-32.4,65.0,202,7,7,3,0
807,-41.9,67.2,129,5,10,4,0
958,-42.0,91.5,197,3,5,1,0
501,-68.0,46.4,233,4,4,1,0
551,-45.7,64.9,131,4,3,0,0
685,-56.1,90.3,135,4,5,1,0
35,-50.9,405.1,21,179,46,8,1
720,-67.7,68.1,132,8,5,0,0
663,-52.9,78.1,85,6,9,1,0
698,-56.4,36.5,124,4,4,1,0
218,-52.2,194.5,139,9,7,0,0
974,-48.1,34.2,57,4,8,2,0
293,-57.8,55.9,155,4,6,4,0
46,-44.2,544.9,8,151,131,88,1
576,-68.6,131.4,116,5,2,2,0
794,-40.8,90.7,259,6,6,1,0
55,-62.0,29.2,99,6,10,0,0
32,-48.2,525.3,24,164,57,121,1
126,-52.6,94.8,16,188,88,19,1
322,-45.0,115.8,188,6,4,3,0
503,-47.0,229.9,40,66,6,25,0
33,-52.5,220.1,5,66,23,182,1
26,-57.6,294.3,16,125,71,37,1
554,-76.1,93.3,99,10,5,1,0
332,-85.2,46.3,90,6,6,0,0
461,-68.2,352.4,128,31,4,19,0
826,-72.4,20.4,83,5,6,1,0
459,-59.9,183.0,249,4,12,2,0
36,-40.0,152.5,19,148,83,51,1
807,-41.1,132.1,109,5,5,1,1
47,-43.4,239.3,9,148,82,57,1
99,-48.9,191.5,0,27,66,16,1
479,-58.0,50.5,149,6,9,1,0
40,-53.1,41.3,62,10,4,1,0
39,-46.6,303.9,0,127,115,118,1
524,-76.3,45.7,164,11,5,1,0
55,-47.7,523.9,10,123,101,45,1
547,-68.8,52.6,114,4,4,2,0
44,-64.6,560.9,4,58,76,214,1
32,-58.5,426.4,0,66,77,127,1
1050,-64.5,118.7,148,4,4,1,0
298,-59.8,3.1,46,8,4,1,0
179,-64.9,58.7,98,6,1,1,0
1333,-43.5,291.2,132,57,3,21,0
44,-56.1,307.6,0,89,10,137,1
40,-42.3,299.6,6,100,45,134,1
692,-85.3,100.5,152,7,4,1,0
24,-54.6,362.2,16,154,10,36,1
470,-72.9,55.4,246,3,5,0,0
462,-54.7,102.3,137,4,8,1,0
66,-53.7,98.9,5,62,71,29,1
380,-79.1,14.1,231,6,3,0,0
26,-54.1,319.0,16,55,78,54,1
36,-43.8,615.1,17,79,32,58,1
24,-57.1,417.0,2,131,54,88,1
270,-71.5,40.2,122,4,6,0,0
956,-69.6,82.8,203,4,9,3,0
516,-56.1,72.4,86,4,8,1,0
24,-39.7,274.5,5,74,53,125,1
684,-51.7,155.2,294,3,5,0,0
669,-61.6,86.6,105,3,3,3,0
187,-52.3,170.2,7,10,7,24,0
859,-80.0,112.0,152,5,5,0,0
24,-61.2,419.9,16,143,10,124,1
607,-61.6,80.1,153,6,7,1,0
937,-73.1,326.1,31,53,5,10,0
24,-51.2,207.7,14,89,81,92,1
93,-45.5,92.7,81,13,7,1,0
537,-56.0,93.7,29,6,7,0,0
67,-46.1,79.1,3,116,86,6,1
414,-68.3,171.0,42,4,7,1,0
657,-58.0,63.3,49,8,5,3,0
652,-52.6,268.6,209,35,7,21,0
91,-44.2,98.2,6,95,35,26,1
619,-67.3,111.3,117,7,6,0,0
443,-61.7,148.5,119,43,5,5,0
30,-25.0,222.0,6,116,157,31,1
1024,-66.5,68.5,117,11,10,1,0
136,-43.5,71.2,11,164,32,34,1
43,-46.8,700.1,0,99,40,55,1
680,-66.7,63.8,63,7,8,0,0
37,-42.6,277.3,14,88,159,150,1
472,-70.8,64.7,190,3,4,1,0
616,-50.0,226.7,119,71,9,16,0
572,-84.2,78.3,119,6,6,0,0
24,-59.5,334.9,1,30,49,69,1
29,-55.8,500.5,8,111,29,97,1
802,-65.2,41.7,305,7,5,1,0
40,-39.9,237.3,16,197,18,158,1
36,-55.8,561.7,26,163,122,149,1
600,-67.5,79.7,94,7,7,0,0
24,-45.0,413.2,15,30,80,112,0
40,-48.1,81.7,83,3,3,0,0
635,-53.7,62.0,103,4,5,1,0
409,-64.5,17.2,0,5,7,1,0
646,-87.3,153.2,118,5,5,1,0
589,-40.2,140.3,134,4,6,1,0
33,-47.8,224.7,12,162,98,132,1
24,-50.2,544.5,0,142,113,172,1
32,-54.2,431.5,6,81,82,79,1
45,-46.5,329.8,17,93,42,218,1
24,-47.7,213.0,17,83,50,174,1
38,-50.9,600.3,22,136,144,33,1
27,-37.4,436.0,4,164,37,93,1
24,-58.0,105.8,6,96,63,25,1
525,-61.9,35.3,0,7,5,1,0
789,-66.6,152.3,101,5,9,2,0
44,-51.0,518.5,4,43,47,102,1
733,-35.3,147.0,100,7,4,3,0
33,-36.4,459.7,8,80,28,203,1
267,-76.8,201.1,117,10,4,2,0
24,-27.8,267.2,12,29,114,50,1
301,-65.8,343.0,101,28,9,12,0
24,-40.0,333.6,14,145,86,167,1
42,-68.7,422.7,4,130,38,185,1
24,-25.0,323.0,0,53,10,34,1
448,-74.9,324.1,154,92,7,21,0
29,-54.4,193.5,0,50,40,137,0
152,-80.9,41.7,157,11,3,0,0
40,-56.7,38.3,168,5,7,3,0
40,-61.0,269.9,142,62,5,7,0
1129,-62.5,246.3,113,29,6,11,0
39,-44.8,202.5,7,92,83,83,1
59,-32.8,212.9,6,53,40,39,1
41,-45.0,182.6,7,129,20,86,1
31,-50.1,189.4,14,56,22,135,1
925,-40.1,37.9,149,3,6,3,0
44,-54.0,654.8,9,76,40,8,1
109,-49.2,153.8,11,46,28,26,1
161,-36.6,124.8,15,114,28,14,1
218,-62.6,73.4,0,6,4,2,0
360,-57.0,270.6,152,9,4,0,0
241,-87.6,165.3,60,8,2,0,0
645,-48.7,108.3,88,5,4,1,0
24,-37.1,253.6,8,22,49,87,1
245,-76.9,144.4,7,5,6,2,0
362,-42.4,20.3,162,14,4,2,0
799,-52.8,54.9,58,11,7,0,0
40,-54.4,554.6,0,101,51,166,1
44,-32.1,147.0,12,42,127,49,1
1000,-51.3,145.3,26,8,8,1,0
602,-60.6,57.2,48,4,3,0,0
45,-44.0,328.3,0,121,58,52,1
641,-62.7,83.9,45,9,4,0,0
854,-57.5,22.3,76,5,5,2,0
24,-56.9,388.5,7,79,10,61,1
45,-48.0,198.1,17,78,75,107,1
657,-71.2,195.7,75,4,6,1,0
47,-45.2,590.1,3,58,62,93,1
616,-80.2,88.1,28,4,15,0,0
29,-48.0,446.9,3,124,10,184,1
222,-61.2,18.6,227,6,7,2,0
24,-47.7,471.7,13,60,54,135,0
1380,-68.6,50.0,92,6,5,5,0
34,-46.3,405.8,4,63,64,108,1
604,-72.5,116.8,79,7,10,0,0
24,-42.7,513.0,3,104,41,147,1
1191,-73.0,25.8,170,7,3,0,0
40,-93.0,165.4,136,6,5,3,0
38,-66.6,486.5,10,96,106,80,1
368,-75.4,16.1,159,8,4,0,0
190,-43.0,223.0,68,4,3,2,0
78,-56.0,40.0,0,54,143,23,1
602,-45.3,45.0,169,7,7,2,0
26,-48.3,705.9,4,35,100,87,1
140,-61.0,5.2,107,4,2,4,0
241,-68.2,33.3,153,6,6,0,0
36,-34.0,334.5,0,69,88,162,1
29,-29.2,451.6,3,85,59,150,1
45,-59.2,434.4,8,92,49,140,1
110,-53.6,105.8,10,160,55,24,1
32,-45.4,498.6,15,77,29,103,1
51,-51.2,404.9,0,90,129,98,1
95,-49.5,201.9,11,79,17,35,1
488,-62.4,295.5,191,55,12,18,0
733,-83.9,42.8,131,3,6,1,0
55,-57.0,331.2,1,111,44,8,1
360,-67.1,192.2,180,47,3,21,0
95,-44.2,114.3,0,15,82,23,1
652,-75.9,105.1,73,7,8,1,0
725,-44.8,174.1,205,30,4,27,0
36,-59.7,502.1,3,107,44,110,1
32,-62.4,394.2,4,15,80,26,1
41,-43.3,302.5,4,78,29,84,1
34,-55.9,60.0,19,96,70,78,1
24,-27.7,271.2,11,136,21,155,1
174,-51.7,73.0,198,4,9,0,0
375,-59.7,202.9,145,54,7,10,0
53,-69.3,249.3,18,114,29,143,1
102,-56.3,155.8,14,42,49,19,1
24,-53.1,416.3,8,15,32,100,1
506,-58.1,56.4,185,7,5,0,0
856,-56.8,144.5,235,3,2,1,0
584,-50.8,85.7,95,5,7,1,0
782,-85.1,62.1,46,6,5,1,0
65,-65.2,163.9,4,93,120,23,1
25,-36.5,682.6,16,81,61,65,1
162,-43.6,82.9,131,4,6,2,1
37,-64.3,437.2,8,176,26,76,1
654,-55.9,95.6,192,5,4,0,0
613,-53.0,111.2,16,3,9,1,0
109,-47.6,123.1,13,112,10,11,1
38,-43.4,284.4,13,21,56,44,1
90,-25.0,57.3,2,50,88,14,1
92,-38.1,175.4,16,193,37,23,1
51,-68.8,30.1,187,5,4,2,0
331,-62.6,109.0,0,3,10,2,1
1009,-37.9,16.6,36,4,6,1,0
45,-43.6,297.9,2,108,75,77,1
56,-52.3,442.8,0,82,21,31,1
1199,-71.7,75.9,114,9,2,2,0
32,-39.8,221.0,9,153,79,33,1
34,-34.5,217.4,4,122,111,118,1
839,-57.0,146.1,147,9,9,1,0
466,-58.1,81.1,179,4,9,2,0
389,-59.9,85.2,108,6,5,2,0
39,-53.3,265.7,11,78,71,140,1
39,-44.5,456.5,11,104,76,86,1
352,-83.9,149.8,168,9,6,2,0
133,-70.0,37.9,39,7,6,1,0
353,-73.8,78.7,134,6,5,0,0
412,-61.0,91.5,204,3,10,2,0
396,-56.2,46.9,65,6,8,1,0
170,-34.2,180.4,0,30,31,23,1
651,-51.4,74.3,102,8,5,1,0
523,-67.3,50.8,168,6,4,3,0
1100,-67.9,178.8,161,5,6,1,0
24,-55.5,295.0,2,139,132,148,1
40,-53.9,115.7,234,7,8,1,0
43,-57.6,60.0,0,92,63,128,1
280,-52.6,47.0,41,4,5,1,0
31,-41.7,133.4,11,169,77,101,1
24,-49.4,402.5,19,159,120,103,1
142,-51.7,298.6,208,52,7,13,0
1090,-65.4,63.1,1,7,5,0,0
1095,-59.9,100.3,122,4,13,0,0
662,-61.0,18.4,127,8,8,0,0
961,-87.9,21.3,166,4,7,0,0
596,-46.8,35.7,182,7,2,0,0
821,-74.0,86.0,42,4,4,3,0
626,-63.7,101.8,108,5,13,2,0
553,-72.6,74.1,149,7,6,2,0
808,-57.5,164.9,56,6,5,0,0
886,-60.3,27.4,0,4,7,1,0
1031,-83.4,50.7,24,3,4,1,0
456,-71.7,268.1,234,17,4,29,0
539,-80.6,59.7,120,7,2,1,0
498,-79.1,392.2,107,34,6,20,0
376,-38.3,143.8,196,5,2,0,0
52,-34.6,175.0,13,50,67,6,1
44,-49.7,338.8,17,68,25,131,1
31,-58.3,466.7,14,96,58,137,1
31,-25.0,492.9,15,120,79,86,1
24,-47.1,416.3,3,52,10,51,1
298,-57.9,62.3,93,7,7,0,0
34,-62.6,449.0,8,163,31,43,1
672,-63.6,124.9,88,2,2,0,0
28,-50.8,392.4,11,115,52,175,1
32,-62.4,587.1,8,112,147,76,1
31,-53.2,123.3,10,108,37,42,0
503,-79.5,35.8,63,8,3,2,0
79,-40.4,107.8,0,99,47,36,1
916,-74.5,62.9,181,6,6,2,0
696,-60.1,59.5,288,12,6,2,0
177,-60.4,42.4,89,6,6,1,0
40,-77.0,143.4,142,46,3,15,0
53,-50.3,261.1,8,112,87,28,1
302,-39.5,165.0,40,5,4,1,0
891,-67.4,84.9,120,6,5,1,0
218,-62.0,53.3,127,7,9,0,0
567,-80.7,316.5,142,43,7,17,0
578,-63.8,83.6,0,9,9,2,0
1016,-60.6,130.4,6,6,8,3,0
644,-53.8,199.2,170,3,7,3,0
604,-53.2,83.4,133,7,9,0,0
486,-69.0,41.3,25,4,9,0,0
395,-77.6,36.8,43,8,13,1,0
547,-44.2,58.7,93,4,9,1,0
47,-39.1,249.6,27,189,46,86,1
47,-51.3,335.6,6,59,70,109,1
43,-39.1,350.9,22,131,49,95,1
58,-55.2,241.3,5,140,55,37,1
53,-43.6,233.0,13,125,102,84,1
44,-38.6,115.9,2,104,57,25,1
24,-47.7,187.9,6,101,59,27,1
24,-61.9,470.4,12,65,82,107,1
102,-42.8,127.3,8,105,82,6,1
34,-44.7,155.6,2,134,62,66,1
530,-37.5,80.1,151,10,7,0,0
37,-44.6,578.3,5,15,58,132,1
336,-54.8,34.5,87,7,9,3,0
87,-47.2,242.2,8,109,80,13,1
502,-70.0,8.7,217,5,3,0,0
195,-58.4,149.9,44,8,2,0,0
32,-25.6,779.0,0,66,84,42,1
576,-90.5,278.2,139,4,5,1,0
910,-53.6,353.6,129,65,14,8,0
41,-36.4,520.2,10,46,99,181,1
26,-65.4,252.0,23,123,59,148,1
34,-52.6,381.8,27,15,133,124,1
465,-79.1,142.2,95,2,3,3,0
503,-46.1,12.2,47,6,5,0,0
27,-29.8,259.5,23,57,75,162,1
990,-67.5,93.9,70,4,9,4,0
34,-50.7,298.7,13,140,33,47,1
409,-60.7,48.5,0,4,6,0,0
50,-44.5,199.3,10,42,10,23,1
394,-71.7,161.0,92,8,7,0,0
32,-55.8,229.5,0,97,75,227,1
24,-49.7,308.8,6,15,77,139,1
30,-71.7,394.2,17,135,72,88,1
694,-57.4,41.0,27,8,1,2,0
421,-60.1,84.2,0,6,2,1,0
40,-61.4,79.9,141,7,2,0,0
24,-61.6,197.0,25,77,65,113,1
35,-37.9,246.4,0,142,26,64,1
31,-50.4,315.7,15,66,205,103,1
226,-85.3,155.3,45,8,7,0,0
36,-59.6,353.8,8,69,95,85,1
36,-35.5,115.0,10,56,69,225,1
313,-88.1,209.4,0,30,7,14,0
82,-47.4,225.7,14,135,37,8,1
47,-42.2,321.1,9,125,33,8,1
26,-39.5,124.2,12,161,84,88,1
41,-25.0,349.6,3,99,105,96,0
465,-47.9,171.8,145,8,3,0,0
41,-43.4,450.9,24,132,124,126,1
86,-47.7,125.4,0,111,46,11,1
44,-38.3,635.5,0,96,102,117,1
24,-39.2,473.1,14,121,100,96,1
25,-49.0,373.0,1,82,47,65,1
654,-38.1,33.3,280,4,10,0,0
703,-75.1,39.2,116,7,8,0,0
29,-48.3,633.5,11,133,112,129,1
48,-37.9,212.8,12,43,27,171,1
987,-73.2,18.4,102,8,7,0,0
1001,-84.8,148.1,32,10,6,31,0
885,-75.5,94.5,104,5,9,1,0
40,-67.5,135.7,145,4,7,4,0
813,-53.2,216.4,57,69,5,12,0
635,-71.6,39.8,21,7,4,2,0
40,-46.2,36.9,79,5,5,3,0
394,-52.9,77.7,271,7,3,3,0
589,-62.8,107.4,148,2,8,1,0
496,-62.1,127.2,154,3,5,4,0
24,-51.7,481.5,6,59,77,74,1
24,-48.8,332.3,31,76,55,85,1
28,-50.1,291.9,16,21,93,155,1
40,-46.1,81.5,141,4,3,1,0
31,-43.6,357.0,16,85,114,93,1
291,-45.8,176.9,89,5,5,1,0
798,-70.2,80.3,230,2,11,1,0
113,-68.0,130.9,4,102,99,26,1
51,-54.8,130.3,12,125,25,123,1
430,-51.1,114.3,162,9,9,0,0
47,-55.2,40.3,76,4,3,0,0
429,-55.8,57.0,141,6,2,1,0
339,-45.0,102.0,156,6,13,1,0
43,-30.8,601.8,13,81,72,87,1
53,-62.5,326.2,1,99,87,84,1
817,-72.2,146.0,73,13,7,0,0
29,-29.0,341.2,6,101,66,148,1
553,-41.0,41.3,194,7,3,1,0
132,-34.9,74.6,2,15,91,34,1
752,-56.8,89.8,168,8,8,0,0
1062,-45.0,173.5,77,49,2,17,0
478,-49.2,84.6,188,5,7,3,0
27,-61.0,359.4,19,70,64,40,1
64,-26.4,365.0,13,109,91,82,1
24,-49.9,294.8,3,22,103,66,1
30,-39.6,559.4,0,89,48,200,0
40,-65.2,56.3,141,6,9,1,0
40,-48.9,120.6,102,5,6,1,0
905,-81.3,20.4,81,2,6,0,0
24,-46.6,420.8,24,55,18,111,1
28,-63.2,372.7,20,101,76,161,1
117,-53.6,87.0,176,6,2,1,0
215,-45.4,1.0,109,7,6,0,0
43,-47.5,226.4,8,113,88,73,1
992,-84.9,33.0,61,14,6,1,0
40,-66.6,66.3,61,4,4,0,0
552,-56.5,96.6,5,8,10,0,0
456,-55.8,59.2,155,4,6,1,0
24,-43.8,302.5,0,21,71,172,1
642,-81.1,58.2,257,9,6,0,0
853,-63.5,244.4,263,9,8,1,0
350,-67.2,109.0,100,6,7,0,0
40,-65.3,58.9,164,9,7,0,0
489,-47.8,33.0,177,6,6,1,0
106,-54.8,112.0,115,5,5,2,0
290,-54.9,87.8,106,5,5,2,0
45,-62.7,388.8,0,104,122,52,1
33,-43.4,496.8,8,42,38,214,1
514,-71.1,34.2,105,5,3,3,0
24,-28.1,374.4,0,15,67,87,1
882,-88.8,12.8,141,1,10,0,0
360,-78.6,69.0,159,11,6,1,0
31,-30.2,505.4,0,106,82,114,1
62,-45.2,58.7,23,138,10,29,1
160,-61.5,10.4,50,5,7,1,0
1137,-63.0,49.4,165,5,6,0,0
24,-43.3,244.9,8,58,39,27,1
24,-53.3,480.0,13,136,100,90,1
29,-67.7,328.5,4,80,10,143,1
904,-67.7,26.1,164,9,5,2,1
41,-41.3,195.9,17,112,63,31,1
90,-44.8,204.3,14,91,133,26,1
173,-78.7,26.0,56,4,5,2,0
59,-56.6,366.6,22,191,21,60,1
40,-64.2,103.5,190,4,15,2,0
64,-27.2,80.5,7,101,10,13,1
28,-37.8,250.5,12,205,98,45,1
972,-67.8,120.5,61,9,6,1,0
44,-60.1,526.8,8,45,25,162,1
30,-42.4,110.9,8,110,26,21,1
160,-49.5,137.1,9,157,10,42,1
184,-45.3,109.6,68,6,5,2,0
126,-55.2,158.8,5,221,79,38,1
342,-37.6,43.1,3,2,8,2,0
1183,-78.7,88.2,149,10,9,0,0
277,-77.7,61.9,150,6,9,0,0
382,-67.9,42.5,127,6,7,1,0
45,-49.3,544.1,21,91,28,74,1
261,-53.1,56.2,214,7,6,3,0
560,-95.0,32.6,58,9,8,4,0
44,-34.8,363.0,6,84,127,127,1
24,-42.0,582.6,1,138,69,61,1
49,-43.9,299.2,9,58,10,144,1
622,-83.3,160.3,141,37,3,28,0
85,-51.3,188.4,161,5,6,1,0
785,-78.3,65.1,99,8,5,0,0
24,-25.0,260.3,1,68,73,214,1
44,-36.6,322.1,4,107,44,32,1
41,-49.3,569.8,17,105,152,88,1
32,-25.0,670.6,0,156,79,34,1
24,-46.7,354.1,7,117,54,106,1
831,-74.7,69.0,108,2,6,0,0
24,-38.7,273.7,2,143,101,17,1
854,-57.0,35.2,74,3,4,0,0
43,-37.4,239.9,4,104,108,117,1
532,-83.2,95.4,48,8,5,1,0
38,-50.1,361.9,17,143,49,171,1
547,-64.8,165.3,212,4,6,2,0
24,-41.4,563.1,5,57,10,122,1
551,-79.7,227.5,96,4,8,2,0
710,-66.5,123.2,140,5,6,1,0
42,-43.3,81.1,0,77,56,10,1
165,-56.4,45.1,161,5,6,1,0
681,-65.5,94.4,230,4,3,2,0
207,-51.7,109.7,122,11,6,2,0
24,-49.4,465.9,10,56,94,91,1
1066,-63.9,8.3,160,3,3,1,0
148,-46.0,135.7,6,175,31,6,1
428,-55.3,45.4,68,11,9,4,1
180,-74.2,7.9,104,5,8,0,0
38,-45.8,416.8,17,108,73,106,1
775,-80.5,85.7,56,6,10,2,0
31,-52.0,486.5,16,18,122,97,1
28,-32.5,428.6,16,145,68,41,1
368,-48.6,202.7,211,10,3,18,0
341,-61.3,203.0,15,7,12,0,0
43,-42.7,253.0,3,15,91,27,1
30,-51.3,297.3,0,133,104,28,1
24,-59.6,408.5,4,74,62,192,1
31,-44.9,311.0,10,98,86,72,1
904,-45.9,37.0,111,6,4,3,1
64,-62.2,129.1,4,15,15,19,1
135,-58.2,62.3,0,34,76,20,1
633,-52.4,147.4,136,4,9,1,0
985,-77.5,70.6,102,4,8,0,0
1068,-57.6,149.6,27,4,5,0,0
40,-68.5,46.4,127,11,6,1,0
649,-48.9,49.6,157,3,6,1,0
551,-66.4,81.1,202,5,7,3,0
948,-54.7,106.2,215,7,4,0,0
786,-56.6,73.6,58,4,11,2,0
28,-54.7,570.4,4,30,57,163,1
39,-65.2,328.3,21,100,88,96,1
392,-56.4,184.3,176,13,7,1,0
29,-40.9,465.0,0,154,56,148,1
368,-47.1,28.6,188,7,6,5,0
123,-45.1,116.0,10,90,65,23,1
27,-42.8,505.3,12,127,10,63,1
24,-38.5,218.6,0,134,26,116,1
451,-77.8,160.2,141,6,7,1,0
319,-72.0,119.0,118,6,7,1,0
442,-66.8,50.4,61,6,9,1,0
40,-75.7,20.0,178,2,9,0,0
24,-54.7,294.5,12,100,20,132,1
900,-59.6,28.4,77,9,5,2,0
53,-60.0,76.6,7,86,46,14,1
40,-78.2,43.5,128,6,4,1,0
297,-48.0,45.0,192,10,8,1,0
44,-60.4,510.4,20,132,73,186,0
538,-59.9,52.9,59,5,6,0,0
24,-42.8,360.7,1,118,38,98,1
36,-25.0,166.3,16,38,184,11,1
640,-48.7,28.9,197,6,4,1,0
215,-82.4,153.4,50,6,2,1,0
328,-43.2,144.0,175,10,2,0,0
116,-77.0,16.2,159,5,3,2,0
47,-49.1,517.2,4,63,88,150,1
163,-59.2,25.5,58,4,5,2,0
35,-65.1,687.6,12,70,152,199,1
49,-49.5,590.5,16,119,88,54,1
1054,-60.8,127.0,59,10,7,1,0
28,-38.1,293.9,17,160,92,133,1
732,-32.7,51.6,56,10,8,2,0
32,-35.2,644.4,20,19,47,99,0
69,-67.2,79.6,92,10,12,1,0
82,-57.1,187.0,4,15,128,27,1
154,-52.0,10.5,96,4,3,2,0
808,-53.2,189.4,141,30,6,13,0
25,-41.9,225.4,10,108,40,146,1
36,-58.4,346.0,8,91,55,223,0
117,-55.2,211.0,20,117,63,25,1
46,-52.7,367.0,21,63,10,94,1
57,-34.0,316.6,3,73,113,133,1
25,-57.1,156.6,3,53,10,86,1
24,-47.2,233.1,0,109,99,180,1
483,-56.1,91.9,113,9,10,1,0
61,-62.7,381.4,14,106,98,145,1
306,-52.7,21.3,116,5,10,3,0
661,-40.2,200.4,162,5,2,1,0
41,-52.6,220.6,0,95,45,73,1
42,-55.4,301.3,5,107,93,111,1
40,-42.5,358.1,4,63,52,130,1
800,-65.8,94.1,171,4,7,2,0
40,-62.0,77.5,115,8,5,2,0
480,-67.7,51.4,70,7,3,3,0
42,-47.6,359.2,5,89,18,166,1
24,-43.0,186.4,10,150,44,165,1
24,-42.5,452.2,0,114,140,128,1
43,-33.7,146.2,5,91,37,29,1
89,-51.7,327.1,216,57,7,27,0
1101,-55.1,46.2,120,5,6,0,0
784,-52.8,64.4,131,11,6,3,0
581,-54.8,29.1,11,7,7,0,0
571,-63.4,36.5,151,8,7,0,0
1560,-76.9,105.4,107,3,7,0,0
104,-50.8,236.2,4,128,61,35,1
24,-58.9,248.6,29,77,114,8,1
990,-76.3,126.7,129,3,7,1,0
49,-50.6,263.5,10,88,77,105,1
47,-44.0,780.0,10,70,64,120,1
26,-63.0,419.7,16,121,72,171,1
294,-73.2,112.9,140,8,12,1,0
24,-52.8,550.7,0,119,75,80,1
40,-75.4,56.6,44,3,4,0,0
31,-44.6,411.7,16,82,68,70,1
27,-74.2,238.9,19,126,139,113,1
38,-64.4,323.3,7,25,10,8,1
598,-64.1,128.8,96,3,5,0,0
437,-64.6,347.5,107,62,10,4,0
544,-62.3,379.4,102,12,4,18,0
25,-59.1,248.3,2,158,105,8,1
972,-56.0,6.9,146,7,10,2,0
470,-78.1,15.9,94,7,9,3,0
29,-63.0,332.9,6,65,111,75,1
634,-80.2,40.2,171,5,9,1,0
500,-81.0,74.3,62,4,10,2,0
88,-51.5,85.0,0,51,145,22,1
40,-68.1,51.7,133,7,7,2,0
245,-73.3,85.9,166,16,5,1,0
521,-71.0,279.9,98,3,3,1,0
533,-68.6,33.7,78,6,8,2,0
41,-47.9,618.5,0,119,125,66,1
230,-72.0,84.6,159,6,5,5,0
367,-56.4,63.2,51,11,7,0,0
600,-80.5,97.0,122,5,3,0,0
54,-51.4,101.8,10,138,94,34,1
386,-52.1,218.8,103,10,7,2,0
49,-63.4,458.2,3,74,107,8,1
182,-55.2,85.7,56,6,1,0,0
39,-63.6,169.7,7,74,100,49,1
24,-46.7,393.5,13,126,61,55,1
501,-41.0,87.9,88,6,9,0,0
242,-51.3,78.7,204,6,5,2,0
24,-34.3,266.8,21,131,49,149,1
614,-59.4,73.1,57,8,4,2,0
32,-56.7,151.7,14,115,81,78,1
50,-53.0,523.7,12,107,163,143,1
37,-43.3,575.6,5,107,133,118,1
488,-88.1,350.3,114,52,7,15,0
633,-53.9,130.3,102,4,4,0,0
43,-76.5,9.4,136,8,9,1,0
32,-43.0,446.1,0,15,25,38,1
48,-49.0,552.4,8,131,42,154,1
97,-51.8,151.2,8,79,83,27,1
32,-64.2,499.9,2,15,33,64,1
64,-38.1,174.7,13,15,158,18,1
270,-85.7,135.7,166,5,8,1,0
1025,-75.2,104.3,23,1,3,2,0
40,-40.7,554.6,4,112,76,50,1
25,-69.9,69.4,0,102,52,26,1
24,-46.6,367.7,6,81,104,157,1
69,-47.9,118.5,5,62,139,95,1
56,-51.0,687.4,5,71,99,105,1
621,-58.2,90.2,184,2,3,3,0
330,-66.9,35.6,215,8,1,0,0
791,-41.3,255.1,163,46,5,21,0
456,-77.6,329.0,147,45,9,5,0
59,-49.6,178.7,3,94,101,29,1
42,-47.5,428.2,2,111,79,44,1
44,-34.0,304.4,10,163,86,118,1
583,-28.0,48.9,80,7,8,0,0
38,-65.4,711.5,15,59,94,93,1
90,-50.8,119.8,9,110,48,10,1
37,-58.3,96.0,9,67,49,116,1
56,-39.2,156.8,1,92,68,32,1
24,-53.8,353.9,0,131,74,80,1
73,-47.5,54.3,19,119,100,22,1
47,-37.6,374.1,17,48,22,101,1
1048,-65.8,172.3,33,8,3,1,0
40,-55.9,101.2,178,13,3,0,0
230,-56.4,57.0,95,12,5,0,0
679,-53.2,56.9,148,5,8,4,0
713,-50.1,209.5,105,8,7,1,0
24,-38.1,246.7,8,58,115,82,1
40,-43.5,46.7,196,7,4,1,0
956,-65.4,6.0,173,8,4,2,0
560,-42.6,60.9,21,8,7,1,0
30,-34.5,459.5,11,31,10,16,1
40,-28.6,175.2,146,52,11,21,0
834,-30.8,83.7,177,12,1,2,0
381,-48.7,60.2,67,8,9,1,0
247,-52.0,26.9,26,3,8,1,0
24,-66.2,481.6,4,102,98,206,1
308,-75.2,51.7,134,7,7,6,0
1013,-69.7,80.4,153,6,5,2,0
36,-49.7,389.9,7,55,89,137,1
692,-88.6,49.8,218,4,10,0,0
292,-78.1,35.7,123,9,7,1,0
726,-72.7,46.2,95,10,6,3,0
687,-53.7,112.3,85,8,4,0,0
24,-57.2,306.2,8,149,65,138,1
74,-49.4,155.7,0,72,38,43,1
29,-53.8,536.5,0,164,58,93,1
733,-66.7,105.8,163,8,3,0,0
549,-78.9,127.2,149,5,6,2,0
24,-57.6,259.8,0,160,44,177,1
49,-33.0,262.5,1,15,53,69,1
40,-63.0,25.5,158,5,4,1,0
37,-54.9,393.9,17,162,63,145,1
105,-39.2,100.8,6,106,106,18,1
42,-46.8,345.8,3,150,89,169,1
47,-50.4,85.2,0,164,80,35,1
130,-40.4,120.4,14,120,134,15,1
1089,-61.1,234.5,20,58,6,10,0
571,-61.5,224.8,98,40,7,20,0
520,-64.6,291.5,82,74,10,25,0
40,-70.5,108.1,120,7,4,2,0
143,-65.5,103.0,354,3,3,0,0
983,-64.4,27.0,120,1,8,1,0
24,-75.8,553.6,17,67,89,129,1
24,-62.2,204.0,8,102,10,128,1
35,-50.6,291.5,4,92,44,8,1
41,-50.2,386.6,11,85,99,98,1
111,-46.2,92.9,47,5,1,2,0
807,-91.5,41.2,124,8,5,0,0
588,-72.8,75.8,162,13,7,0,0
76,-46.7,178.1,4,113,70,26,1
72,-80.5,22.5,94,7,3,1,0
911,-54.7,60.2,160,6,7,1,0
42,-65.2,191.5,0,95,61,8,1
37,-44.8,574.9,1,31,10,136,1
334,-52.7,54.0,175,9,10,1,0
1163,-54.2,92.9,150,7,1,1,0
903,-61.4,115.7,97,4,11,2,0
36,-52.4,357.4,9,182,42,155,1
887,-42.6,75.1,139,12,7,0,0
1023,-62.2,68.4,211,3,5,1,0
578,-61.2,73.6,75,7,5,2,0
708,-70.6,50.7,32,6,4,1,0
42,-46.8,259.1,1,42,21,65,1
25,-52.8,355.5,13,72,67,205,1
370,-47.7,60.1,127,5,9,1,0
35,-45.4,336.0,15,139,20,116,1
978,-71.2,16.4,202,3,7,2,0
34,-27.1,120.6,2,78,43,41,1
583,-64.3,84.5,63,1,9,2,0
1052,-92.5,76.7,127,4,12,0,0
254,-53.6,53.7,226,4,5,0,0
1282,-63.7,54.2,79,11,6,2,0
40,-79.5,90.7,98,3,5,0,0
1037,-66.6,28.4,22,2,4,2,0
76,-43.8,264.1,4,59,22,31,1
611,-49.1,340.8,147,6,5,1,0
738,-42.8,83.3,69,9,5,0,0
105,-50.2,169.7,23,74,91,16,1
986,-62.5,29.9,206,8,2,3,0
42,-49.3,350.3,5,105,81,15,1
765,-45.7,82.9,182,4,8,1,0
42,-52.8,81.3,178,9,3,1,0
37,-30.4,347.6,9,112,72,140,1
350,-75.4,66.1,132,10,10,0,0
40,-56.7,566.1,17,80,64,30,1
326,-35.1,10.3,140,8,5,1,0
53,-53.3,350.9,23,135,81,77,1
24,-48.9,262.2,23,104,10,150,1
275,-54.7,65.7,15,8,2,1,0
506,-58.3,341.2,78,31,8,18,0
514,-30.2,20.9,181,5,5,1,0
25,-66.5,427.1,0,161,59,122,1
40,-58.5,99.0,158,4,3,0,0
24,-41.8,253.3,6,102,84,111,1
406,-84.9,73.9,63,6,3,4,1
40,-52.1,163.0,150,5,10,0,0
571,-90.4,30.6,179,2,5,1,0
174,-72.1,23.4,92,6,4,2,0
37,-54.4,475.8,12,80,74,129,1
699,-62.1,81.3,102,4,7,2,0
601,-76.5,93.2,149,12,6,0,0
236,-69.0,284.1,93,21,4,10,0
387,-56.6,101.5,128,8,3,1,0
24,-50.9,454.0,0,53,91,100,1
530,-54.1,52.9,165,5,4,0,0
44,-65.5,416.1,5,68,26,67,1
1236,-52.8,61.1,156,4,7,4,0
24,-42.6,442.0,18,131,73,80,1
789,-87.1,268.1,107,48,4,16,1
414,-63.2,94.2,181,6,4,1,1
288,-84.2,96.7,168,4,6,2,0
40,-81.0,92.5,87,7,9,1,0
106,-72.1,62.4,73,4,7,3,1
633,-66.9,98.9,0,6,7,0,0
40,-61.0,129.9,148,7,6,3,0
36,-75.9,361.2,13,141,20,88,1
346,-62.9,104.6,63,7,6,0,0
1344,-71.1,13.4,43,4,10,2,0
649,-56.1,100.7,138,11,5,2,0
621,-65.4,41.7,170,3,7,2,0
385,-47.9,78.2,169,4,4,3,0
43,-55.8,378.7,5,21,138,45,1
352,-70.2,144.8,38,7,7,0,0
115,-82.8,102.5,146,9,7,0,0
414,-61.0,18.8,125,5,6,3,0
65,-41.8,143.6,16,61,62,23,1
47,-69.8,338.1,15,41,76,74,1
102,-65.7,147.1,5,109,107,25,1
450,-59.7,30.1,141,6,3,4,0
480,-46.0,118.4,143,10,4,0,0
464,-73.8,35.3,125,3,5,0,0
672,-70.9,22.7,133,6,6,0,0
46,-45.0,175.2,25,69,71,144,0
784,-31.3,35.0,186,6,2,1,0
700,-67.4,52.6,42,8,3,2,0
28,-53.0,373.6,12,66,10,107,1
24,-40.0,386.3,16,52,57,143,1
1200,-45.4,44.4,104,4,4,0,0
95,-56.6,115.1,0,63,86,18,1
166,-62.7,22.1,106,5,2,0,0
40,-58.4,298.4,0,67,68,8,1
30,-44.1,672.8,7,160,107,132,1
580,-81.5,37.2,57,6,6,1,0
26,-50.1,467.2,11,210,177,102,1
468,-95.0,82.1,227,5,2,1,0
52,-46.7,468.1,0,104,108,50,1
623,-64.5,17.2,178,9,4,3,0
355,-59.3,73.8,66,7,5,3,0
541,-78.0,66.8,88,6,6,2,0
861,-65.2,161.3,189,7,8,1,0
36,-39.9,451.0,6,202,100,127,1
260,-88.9,130.5,72,3,4,1,0
841,-54.8,33.3,69,5,4,2,0
46,-49.8,339.7,10,161,88,161,1
42,-48.9,475.0,11,88,64,134,1
129,-45.0,136.3,10,107,109,32,1
33,-43.9,114.8,6,107,56,9,1
172,-64.8,175.2,216,9,2,1,0
1126,-49.0,345.5,207,56,6,9,0
155,-56.6,55.4,120,3,10,0,0
99,-59.6,89.2,1,103,57,28,1
75,-47.3,189.2,0,78,74,29,1
599,-79.1,125.2,32,10,7,0,1
49,-52.7,296.5,1,99,72,99,1
24,-45.5,485.5,0,202,140,139,1
32,-48.2,183.8,16,82,58,138,1
29,-37.3,170.3,7,149,56,15,1
161,-55.8,10.2,117,6,6,1,0
40,-52.7,398.5,93,30,7,19,0
607,-65.0,20.8,118,3,10,0,0
1015,-50.0,13.7,9,2,11,1,0
139,-33.6,94.7,16,129,91,28,1
1064,-91.0,68.5,128,7,6,3,0
822,-58.0,179.3,5,10,7,0,0
461,-58.6,78.4,51,5,11,0,0
113,-48.1,262.6,16,15,91,39,1
659,-64.5,84.2,231,8,7,0,0
37,-42.1,186.4,14,154,95,78,1
477,-62.0,132.8,251,3,3,1,0
98,-55.3,195.3,120,39,2,20,0
597,-50.7,236.9,69,5,7,1,0
164,-56.5,88.7,67,4,6,0,0
560,-55.1,51.0,85,7,5,1,0
96,-38.5,147.8,1,163,84,18,1
62,-55.4,402.7,8,138,87,171,1
294,-64.8,33.1,127,9,13,0,0
586,-77.2,14.1,67,5,6,0,0
739,-79.3,6.9,0,8,7,2,0
66,-48.3,78.0,22,61,93,32,1
79,-63.8,212.1,3,137,91,19,1
68,-54.1,584.6,0,42,33,173,1
95,-66.9,10.0,24,6,10,1,0
370,-36.2,52.4,42,5,6,2,1
578,-75.9,25.8,103,6,5,3,0
40,-68.1,67.9,111,3,3,2,0
1080,-59.5,46.2,153,7,13,1,0
30,-59.7,298.1,33,151,29,168,1
657,-65.9,402.0,144,44,12,32,0
337,-63.6,108.0,175,7,9,0,0
253,-80.9,80.8,108,4,9,0,0
26,-60.4,287.4,5,153,52,133,1
903,-51.3,65.2,170,5,3,0,0
417,-70.6,12.0,62,6,2,0,0
853,-50.4,40.9,68,4,8,0,0
496,-83.3,85.8,58,5,9,0,0
523,-59.7,66.0,171,4,8,0,0
253,-85.2,15.8,141,5,6,3,0
256,-59.4,114.2,112,7,4,0,0
739,-41.4,119.3,93,5,4,2,0
36,-65.2,593.6,20,71,61,21,1
851,-64.2,91.5,90,6,5,1,0
294,-45.2,28.2,145,2,6,0,0
1094,-64.8,48.7,267,6,6,2,0
240,-72.5,89.6,19,10,6,2,0
24,-56.5,472.4,10,131,131,44,1
27,-49.0,313.0,15,67,106,122,1
309,-66.2,99.7,116,5,9,0,0
31,-35.2,349.3,1,107,83,72,1
31,-30.8,569.8,1,134,130,142,1
49,-54.7,508.2,11,103,85,64,1
514,-39.6,248.1,295,45,9,19,0
40,-58.9,26.1,44,7,4,2,0
117,-73.7,93.7,90,7,5,1,0
389,-69.2,354.8,80,28,8,28,0
45,-49.2,417.3,13,196,89,127,1
789,-51.3,156.4,77,2,7,0,0
375,-47.3,91.6,150,5,4,2,0
155,-42.7,226.7,25,50,42,13,1
587,-78.5,88.1,151,6,8,0,0
44,-40.3,386.8,3,99,106,98,1
672,-53.3,106.3,111,2,9,0,0
38,-58.0,253.5,1,64,18,10,1
40,-36.4,44.1,169,3,8,0,0
90,-28.8,130.5,3,38,78,18,1
195,-60.3,28.6,149,5,7,1,0
25,-59.6,227.1,2,53,52,145,1
481,-56.5,95.8,185,9,5,3,0
25,-64.1,468.7,15,152,73,106,1
24,-31.3,131.3,18,91,93,212,1
142,-40.6,37.8,87,6,3,3,0
761,-58.4,141.6,197,8,9,1,0
40,-43.1,184.8,189,4,6,0,0
497,-45.7,21.6,167,8,4,1,0
492,-90.4,17.5,75,3,10,1,0
857,-74.4,157.3,214,8,10,1,0
279,-50.5,10.6,110,4,6,0,0
393,-82.5,60.2,33,5,8,0,0
191,-55.3,79.0,211,5,2,0,0
39,-53.3,184.2,30,65,92,137,1
415,-57.7,46.4,161,6,4,1,0
541,-72.0,102.1,170,6,9,0,0
40,-60.7,37.2,125,8,7,1,0
439,-76.9,228.6,169,5,10,0,0
283,-53.8,132.6,74,5,5,2,0
299,-47.4,287.9,43,36,6,15,0
262,-47.4,34.7,92,5,10,1,0
32,-54.4,265.1,10,111,96,90,1
151,-61.3,30.5,0,6,2,0,0
32,-46.9,347.6,10,72,116,156,1
1073,-73.8,129.1,76,3,2,0,0
615,-57.4,111.8,179,6,3,0,0
264,-53.8,74.6,218,10,7,0,0
24,-45.5,477.3,2,105,107,131,1
221,-78.1,104.1,103,7,9,1,0
525,-54.7,107.7,231,4,3,1,0
291,-68.4,27.0,59,10,4,2,0
277,-45.3,55.8,67,4,7,1,0
921,-46.9,136.3,191,8,8,1,0
860,-65.4,125.6,71,7,9,2,0
48,-55.1,444.3,3,15,40,76,1
601,-60.8,94.7,143,5,10,2,0
948,-42.4,92.6,57,7,4,1,0
128,-59.8,353.5,136,55,6,16,0
344,-72.2,101.5,90,8,4,0,0
54,-35.3,335.1,7,90,116,72,1
533,-70.5,48.0,37,5,7,2,0
290,-61.8,88.2,146,6,4,3,0
161,-82.0,86.7,103,3,3,2,0
30,-59.8,60.0,27,54,75,105,1
41,-47.1,154.6,156,5,5,0,0
43,-51.8,403.8,0,100,78,59,1
962,-77.0,20.9,127,5,3,0,0
370,-70.7,50.3,228,7,8,0,0
283,-68.9,201.5,165,5,6,1,0
1215,-65.9,438.3,171,21,4,27,0
290,-34.7,114.1,139,6,6,3,0
1268,-75.7,91.7,126,3,7,2,0
103,-56.6,157.5,143,7,7,0,0
126,-38.7,252.8,8,107,57,13,1
1017,-59.1,47.4,50,12,7,1,0
600,-64.2,79.8,88,6,5,2,0
775,-70.6,80.7,165,5,3,0,0
496,-76.9,70.6,32,1,4,1,0
180,-43.2,60.9,172,9,8,2,0
24,-31.8,379.2,3,19,57,50,1
278,-64.7,68.0,99,7,5,0,0
24,-34.4,575.3,2,49,102,103,1
202,-61.6,71.7,136,6,7,2,0
41,-54.2,259.5,2,59,60,134,1
130,-27.1,157.3,4,77,29,26,1
40,-66.6,140.4,20,3,8,1,0
578,-38.9,210.5,271,7,6,3,0
937,-62.9,32.2,0,5,3,0,1
960,-71.5,44.4,142,7,10,2,0
969,-87.6,275.2,56,40,4,20,0
381,-80.0,85.9,156,5,8,1,0
52,-35.7,443.6,0,119,51,170,1
839,-68.7,155.7,82,6,5,4,0
24,-49.7,535.1,3,178,98,206,1
24,-25.0,401.1,11,78,67,215,1
24,-27.2,336.5,12,122,136,129,1
370,-72.2,254.6,114,90,9,23,0
24,-50.5,586.2,16,118,115,72,1
40,-84.0,20.4,117,7,6,2,0
199,-51.7,37.9,137,3,4,2,0
616,-47.6,17.0,171,1,7,0,0
36,-52.6,268.2,11,106,52,130,1
38,-44.7,569.5,7,125,107,180,1
409,-69.5,50.6,95,5,6,1,0
40,-52.3,133.6,191,8,9,0,0
24,-46.2,222.0,8,94,68,216,1
129,-71.4,152.5,12,6,8,1,0
788,-58.6,100.6,215,4,4,3,0
40,-58.4,156.0,105,8,7,1,0
24,-34.8,482.0,11,105,10,123,1
209,-63.2,30.3,96,7,8,2,0
990,-78.3,161.5,106,1,5,4,0
1298,-53.0,292.7,200,10,6,25,0
27,-51.4,404.0,15,128,64,82,1
1136,-43.2,43.0,161,9,7,0,0
39,-40.8,284.1,28,130,44,99,1
394,-50.6,224.0,85,40,11,27,0
26,-67.3,389.4,8,134,37,76,1
92,-36.0,126.3,11,67,83,16,1
475,-47.8,25.6,169,5,7,1,0
68,-78.4,23.9,106,3,8,2,0
29,-41.6,414.7,6,101,65,218,1
54,-54.5,324.0,15,49,91,38,1
52,-64.0,445.1,5,175,10,94,1
630,-54.4,77.4,198,6,6,2,0
501,-71.7,29.8,117,3,6,2,0
25,-31.5,99.1,9,95,92,8,1
48,-56.4,267.0,3,65,47,150,1
43,-38.0,327.7,6,153,14,40,1
40,-59.9,38.5,141,5,4,1,0
379,-67.9,199.5,108,5,10,3,0
48,-46.6,434.8,0,151,34,96,1
385,-59.3,57.6,163,5,12,2,0
43,-51.2,102.1,12,100,92,14,1
227,-51.9,134.5,84,2,6,0,0
781,-57.1,86.1,181,7,4,2,0
369,-48.6,126.2,55,3,8,1,0
808,-70.7,112.5,105,8,6,3,0
40,-73.4,47.1,80,8,10,2,0
46,-60.3,286.9,6,26,25,140,1
32,-55.0,474.9,5,113,68,49,1
24,-43.0,555.0,0,38,49,116,1
635,-72.4,35.0,76,9,2,2,0
544,-69.0,15.5,0,4,4,1,0
46,-75.7,34.5,76,3,5,0,0
628,-88.4,224.6,218,62,4,19,0
38,-53.9,285.7,2,93,71,138,1
744,-55.0,66.9,130,10,3,2,0
45,-48.6,431.2,0,165,24,140,1
611,-70.7,181.5,173,4,5,0,0
216,-74.7,98.7,154,3,2,2,0
466,-62.5,155.3,226,2,5,0,0
230,-54.0,39.9,105,5,5,2,0
57,-47.6,192.7,7,108,56,64,1
58,-70.1,199.9,2,69,70,12,1
47,-50.8,222.8,0,138,69,35,1
412,-43.7,27.9,179,9,10,0,0
24,-50.2,314.1,16,124,86,145,1
24,-65.0,433.3,16,117,74,121,1
45,-52.1,204.8,7,151,102,90,1
37,-52.5,357.1,0,73,57,126,1
37,-61.8,282.1,1,29,27,270,1
391,-95.0,246.9,123,52,1,13,0
608,-59.3,114.9,171,3,6,1,0
387,-63.8,49.2,89,6,11,3,0
30,-38.1,406.8,8,88,21,202,1
428,-55.3,46.9,0,3,6,0,0
30,-42.3,461.4,17,94,110,230,1
40,-74.0,85.8,56,4,5,3,0
37,-39.9,226.7,9,123,62,147,1
40,-69.9,49.4,184,6,6,0,0
246,-40.1,11.0,22,6,6,1,0
35,-41.4,365.3,19,22,61,28,1
83,-67.2,31.4,205,9,11,1,0
40,-64.3,301.6,89,65,16,6,0
217,-77.0,27.6,17,10,8,0,0
40,-56.5,56.1,95,4,11,0,0
964,-43.4,214.1,42,47,3,22,0
322,-76.6,108.9,42,8,6,0,0
130,-65.4,140.1,0,61,86,33,1
327,-49.8,200.0,61,4,7,1,0
40,-57.1,132.9,155,6,8,2,1
28,-50.5,439.0,3,118,91,93,1
193,-51.4,124.2,114,5,7,0,0
28,-48.6,370.1,6,53,125,107,1
502,-48.4,30.9,0,6,5,1,0
40,-62.9,103.3,106,3,7,0,0
64,-32.4,97.6,9,107,125,30,1
24,-62.8,225.7,0,58,45,180,1
468,-66.5,167.7,46,5,5,1,0
50,-58.0,97.0,0,25,87,36,1
1192,-65.4,44.5,90,6,5,0,0
33,-49.0,391.7,4,71,77,188,1
48,-54.4,550.4,0,119,46,167,1
44,-51.0,220.4,10,95,59,8,1
24,-56.7,274.5,0,65,56,200,0
285,-52.9,89.9,84,13,4,0,0
24,-31.0,193.0,3,54,10,67,1
31,-58.3,198.7,6,75,68,132,1
606,-31.1,125.2,179,8,5,1,0
52,-35.4,341.9,4,127,151,190,1
425,-66.9,40.6,171,8,5,1,0
490,-70.1,80.6,131,3,5,3,0
257,-71.0,61.2,168,8,8,5,0
33,-60.4,159.9,0,87,35,15,1
28,-63.0,483.9,15,75,98,101,1
913,-45.7,81.8,47,2,6,0,0
27,-54.6,327.0,7,192,115,134,1
665,-53.3,159.0,92,5,3,0,0
24,-46.5,445.6,13,59,79,194,1
25,-48.3,136.4,4,51,118,168,1
40,-61.9,53.8,101,6,5,0,0
344,-58.9,352.6,50,60,8,20,1
38,-60.2,538.4,6,138,83,208,1
430,-46.6,151.7,64,4,1,2,0
55,-60.2,595.4,10,117,42,109,1
1294,-78.6,82.3,88,5,3,1,0
908,-86.1,50.6,159,6,5,1,0
24,-38.1,267.2,7,74,140,133,1
33,-63.0,313.4,11,153,139,156,1
40,-69.6,156.8,75,43,6,9,0
713,-68.0,49.6,116,10,4,2,0
40,-43.0,227.1,11,140,60,55,1
1241,-93.4,60.7,93,4,4,1,0
40,-36.4,378.5,0,96,43,100,1
24,-52.6,178.9,0,15,10,86,1
24,-49.8,328.3,17,88,31,184,1
451,-58.9,44.6,100,6,6,1,0
40,-68.8,80.1,87,2,10,2,0
954,-47.7,181.2,194,6,9,2,0
1340,-49.4,208.2,104,6,4,1,0
661,-79.9,18.8,96,9,6,2,0
456,-69.6,136.2,186,4,5,0,0
709,-58.7,168.4,137,4,6,0,0
376,-68.8,32.4,89,2,11,3,0
106,-49.6,66.6,3,135,80,14,1
355,-64.7,184.4,36,3,8,1,0
1007,-70.6,38.3,122,5,7,2,0
104,-44.8,193.1,13,95,46,26,1
38,-36.9,393.2,17,156,10,148,1
78,-54.6,146.0,11,35,91,38,1
306,-69.5,85.8,101,6,2,1,0
24,-44.0,420.7,8,57,58,113,1
65,-65.0,87.3,0,59,90,31,1
46,-42.1,436.4,19,86,73,98,1
107,-43.8,202.3,2,69,10,39,1
40,-65.4,159.5,175,3,7,1,0
760,-69.4,55.0,0,1,8,0,0
30,-37.3,764.8,10,98,68,33,1
385,-71.2,70.1,64,9,8,0,0
612,-36.4,168.5,25,6,10,3,0
31,-43.0,508.4,2,73,14,151,1
44,-50.1,463.0,0,167,46,106,1
119,-55.7,128.4,0,96,10,30,1
41,-40.6,318.1,16,92,17,72,1
721,-57.5,22.4,0,6,11,1,0
47,-40.0,453.4,16,89,10,179,1
774,-83.3,30.8,38,5,5,0,0
24,-61.2,608.2,14,127,92,134,1
1194,-66.3,67.2,0,5,6,0,0
693,-43.8,70.9,69,8,1,2,0
945,-52.9,133.3,217,3,8,1,0
40,-55.2,305.6,201,57,6,14,0
668,-42.3,61.1,162,7,6,0,0
46,-40.5,325.2,20,90,30,116,1
734,-37.7,92.3,62,2,7,0,0
63,-46.2,328.6,10,82,39,80,1
47,-37.1,495.1,29,178,20,151,1
234,-56.9,56.2,83,7,10,2,0
509,-76.7,294.5,255,10,9,8,0
38,-51.6,401.8,8,126,113,152,1
75,-53.8,134.5,4,66,53,12,1
79,-56.6,181.5,7,53,99,13,1
815,-80.6,63.1,33,8,9,0,0
472,-61.7,69.6,0,5,6,1,0
46,-60.2,226.9,4,130,36,164,1
539,-34.2,69.2,60,8,6,3,0
623,-73.0,127.7,32,4,10,2,0
34,-67.5,494.3,9,180,69,151,1
779,-64.2,42.4,62,6,7,1,0
24,-62.9,390.3,0,79,29,149,1
1293,-45.4,116.0,162,6,5,3,0
43,-39.2,386.2,9,70,17,36,1
28,-31.0,300.4,13,138,10,113,0
159,-65.1,99.8,135,5,6,1,0
29,-46.1,512.5,11,100,97,144,1
568,-61.0,5.8,0,9,8,0,0
111,-42.2,88.6,2,70,109,6,1
24,-54.6,118.5,4,138,44,95,1
104,-50.5,44.2,117,8,6,0,0
659,-73.3,45.9,117,6,5,0,0
40,-69.8,159.5,79,10,9,13,0
300,-80.5,271.8,64,10,10,15,0
45,-50.1,470.6,12,134,32,151,1
435,-62.6,364.3,128,67,5,18,0
29,-37.3,278.1,6,63,108,112,1
25,-55.1,474.9,15,132,78,14,0
873,-65.7,295.7,211,24,4,6,0
582,-75.2,50.2,88,7,8,4,0
186,-54.6,96.8,0,8,5,2,0
801,-68.6,343.0,95,73,7,10,0
40,-76.2,395.7,169,36,9,10,0
115,-62.7,151.1,137,5,6,1,0
28,-43.2,497.5,0,132,64,98,1
996,-52.7,68.6,75,7,5,2,0
674,-59.1,109.8,79,9,5,0,0
151,-59.4,267.9,75,46,4,31,0
44,-56.7,256.5,4,96,113,57,1
30,-56.8,395.6,1,105,38,130,1
40,-57.3,416.0,6,123,63,77,1
446,-47.0,31.3,137,9,8,0,0
958,-53.3,60.4,226,3,6,0,0
306,-59.9,82.7,106,8,6,0,0
31,-45.6,272.3,13,108,62,181,1
40,-64.2,93.9,83,7,3,0,0
43,-46.7,495.5,0,115,26,122,1
179,-65.1,69.5,34,6,4,2,0
392,-67.3,98.2,182,10,4,0,0
24,-65.1,389.4,24,138,82,90,1
29,-39.2,467.7,0,136,93,177,1
119,-40.1,40.0,2,66,38,20,1
634,-68.1,163.4,189,7,4,2,0
40,-71.5,124.6,117,3,1,0,0
1180,-34.9,100.6,333,6,5,0,0
251,-56.8,121.9,107,6,5,0,0
163,-63.5,80.9,167,6,7,2,0
447,-75.4,84.4,126,50,6,34,0
767,-75.2,12.0,247,4,5,3,0
120,-62.8,292.3,6,110,104,12,1
928,-57.3,52.0,120,3,5,0,0
125,-31.5,57.1,112,4,7,4,0
40,-73.5,34.4,226,8,5,3,0
34,-63.5,649.8,22,45,39,141,1
109,-52.1,130.4,10,75,126,31,1
681,-61.1,74.8,87,10,3,1,0
943,-52.5,29.7,130,4,11,2,0
729,-46.3,86.6,47,12,9,3,0
180,-52.1,360.0,49,49,4,28,0
25,-37.2,295.1,15,75,97,184,1
48,-35.9,60.0,29,100,83,97,1
367,-56.1,190.1,110,3,5,1,0
1191,-69.2,21.5,175,11,1,3,0
36,-59.4,604.5,19,105,93,111,1
30,-44.1,401.6,0,81,49,25,1
80,-38.8,176.6,14,39,75,28,1
707,-63.5,14.8,230,7,7,3,0
348,-61.0,27.4,108,7,3,3,0
32,-31.0,396.4,24,68,51,165,1
48,-47.3,691.5,9,89,36,57,1
450,-54.6,29.1,69,11,6,4,0
137,-50.0,178.1,159,4,5,1,0
73,-60.3,66.2,229,5,4,1,0
36,-28.5,236.5,19,70,10,119,1
360,-63.3,65.8,204,6,9,1,0
759,-65.7,55.4,151,10,3,0,0
51,-40.5,495.9,14,120,59,134,1
712,-63.6,34.5,5,8,4,1,0
112,-51.1,288.2,50,26,2,13,0
87,-49.5,155.6,11,117,12,21,1
424,-87.2,41.0,126,2,5,1,0
24,-48.3,576.5,2,110,45,159,1
927,-57.6,235.2,50,49,4,17,0
590,-62.4,77.5,115,4,9,1,0
41,-39.9,90.8,0,128,122,143,1
445,-78.0,80.9,97,8,6,0,0
24,-62.5,389.2,6,118,87,87,1
433,-50.9,21.5,40,6,6,2,0
85,-39.0,47.1,64,6,6,2,0
461,-70.2,5.2,220,6,7,1,0
24,-30.8,247.1,4,96,121,59,1
102,-39.5,246.5,13,132,88,24,1
57,-42.9,488.0,0,121,78,93,1
873,-56.0,10.5,187,5,6,2,0
575,-43.5,66.5,203,4,7,2,0
209,-29.8,59.5,138,5,4,0,0
42,-44.0,437.3,3,81,19,205,1
674,-37.9,63.7,120,7,5,0,0
25,-53.5,504.8,12,83,100,98,1
594,-59.5,56.1,188,4,6,1,0
544,-87.2,255.6,0,62,6,10,0
40,-76.4,93.4,295,1,2,2,0
68,-57.1,40.0,33,145,60,16,1
499,-57.7,98.1,105,8,5,0,0
138,-62.5,113.4,29,73,10,27,1
217,-43.7,147.8,289,38,5,17,0
264,-62.7,28.6,250,5,6,4,0
364,-42.6,119.4,101,4,7,2,0
404,-67.4,105.5,102,9,6,0,0
465,-80.4,268.4,198,4,7,0,0
433,-43.2,118.0,93,4,3,1,0
32,-44.7,549.6,2,82,45,42,1
132,-60.8,51.8,172,14,5,1,0
810,-47.8,133.3,196,3,5,1,0
36,-66.5,408.6,9,86,26,149,1
28,-38.6,574.5,9,66,104,112,1
521,-72.6,123.5,94,8,8,0,0
644,-65.2,109.2,111,9,6,0,0
655,-47.3,66.3,197,4,4,1,0
653,-60.2,33.4,155,8,3,2,0
291,-72.6,103.7,127,10,4,1,0
40,-92.6,62.2,124,12,4,1,0
24,-54.6,144.6,3,107,142,40,1
849,-62.6,158.2,104,10,5,2,0
126,-40.9,120.3,21,126,10,17,1
116,-48.4,60.8,8,64,109,28,1
28,-41.2,357.0,0,70,10,129,1
63,-53.2,337.4,7,43,66,158,1
28,-46.6,303.9,3,40,90,129,1
34,-50.3,451.5,8,194,43,8,1
905,-61.9,67.1,125,5,5,2,0
337,-77.2,45.3,90,4,7,3,0
35,-30.3,201.6,11,125,74,131,1
39,-37.7,248.6,0,50,43,8,1
708,-64.2,136.4,175,7,4,0,0
126,-51.8,94.8,15,144,112,24,1
672,-64.3,115.2,131,2,4,2,0
39,-55.2,206.6,18,65,97,110,1
24,-53.3,471.4,22,104,93,110,1
623,-68.2,52.1,173,7,11,1,0
799,-54.4,69.4,137,10,4,1,0
24,-65.2,100.3,8,42,92,45,1
713,-49.6,14.1,103,9,13,0,0
643,-56.6,28.0,114,4,3,1,0
682,-67.1,67.8,59,6,8,0,0
24,-64.7,592.9,0,76,122,115,1
155,-86.4,25.6,225,4,10,1,0
486,-61.4,166.4,123,51,6,24,0
538,-46.1,29.3,204,7,4,2,0
841,-64.7,96.8,89,10,6,1,0
40,-78.9,50.7,97,8,7,2,0
74,-54.0,122.5,8,84,101,30,1
613,-64.1,66.8,160,11,6,0,0
161,-61.7,225.1,57,45,6,5,0
623,-70.9,79.2,172,6,6,1,0
35,-61.0,470.6,5,43,35,90,1
38,-54.4,234.1,4,82,73,175,0
727,-45.6,123.4,210,5,5,2,0
33,-72.7,511.2,0,101,24,147,1
44,-35.4,278.4,7,140,25,211,1
44,-69.8,208.1,5,85,10,69,1
1018,-51.8,31.8,65,5,4,0,0
942,-60.0,123.1,0,6,9,0,0
138,-75.6,204.3,56,44,5,26,0
436,-72.6,99.1,185,5,5,0,0
53,-51.2,515.7,3,138,69,240,1
457,-82.0,28.0,93,4,4,1,0
480,-95.0,58.3,182,4,5,0,0
53,-45.3,118.8,18,72,10,27,1
647,-76.1,175.8,191,3,10,0,0
63,-53.2,331.9,2,68,57,8,1
771,-58.6,13.3,29,4,6,1,0
24,-48.6,403.0,9,15,70,87,1
40,-46.6,149.0,162,4,5,0,0
306,-58.8,36.0,142,5,9,0,0
31,-49.8,431.4,0,87,109,79,1
316,-45.4,87.1,170,6,2,0,0
541,-55.0,49.9,161,6,9,2,0
653,-71.4,34.7,107,8,6,3,0
88,-29.3,251.7,11,127,10,37,1
439,-63.5,80.1,94,4,9,1,0
40,-56.0,431.9,75,81,4,16,0
662,-56.3,61.6,0,6,4,1,0
452,-72.4,59.8,32,9,4,1,1
663,-52.6,58.2,58,3,7,2,0
439,-68.1,45.7,6,7,11,3,0
24,-53.0,320.1,17,29,90,69,1
729,-76.9,29.4,251,10,8,2,0
28,-43.6,475.2,12,54,32,207,1
24,-50.3,266.1,0,75,110,125,1
48,-52.3,434.8,0,103,20,114,1
32,-45.0,443.1,3,51,106,132,1
48,-68.1,218.7,14,206,51,137,1
573,-62.6,46.7,127,10,7,1,0
376,-44.6,340.8,125,37,7,4,0
467,-66.3,200.5,119,67,5,5,0
840,-42.9,17.8,99,7,1,1,0
308,-47.9,140.0,119,9,2,0,0
1461,-46.8,224.8,108,7,8,1,0
40,-39.8,20.0,181,5,10,2,0
673,-54.1,88.0,148,7,7,0,0
887,-45.4,33.4,139,3,6,2,0
980,-63.2,42.9,167,7,4,0,0
561,-64.6,42.5,84,8,10,1,0
75,-39.8,177.1,20,98,93,35,1
151,-48.2,152.3,18,6,6,1,0
272,-55.3,82.5,73,8,8,0,0
718,-60.1,178.9,0,6,8,2,0
110,-46.5,200.8,19,65,87,30,1
108,-60.6,42.2,0,10,4,4,0
46,-39.8,304.7,5,15,58,107,1
663,-55.0,135.4,120,5,6,1,1
565,-80.2,116.1,0,56,4,4,0
35,-39.2,466.7,7,93,64,125,1
440,-61.0,61.3,18,6,5,3,0
411,-77.2,88.1,37,2,2,0,0
665,-88.6,49.8,114,3,3,0,0
489,-79.2,20.7,35,7,4,2,0
722,-34.9,106.8,121,5,8,3,0
462,-50.2,415.8,99,80,7,37,0
180,-54.7,105.0,141,9,6,0,0
495,-46.7,234.0,195,4,4,2,0
767,-54.2,50.9,84,5,6,0,0
40,-70.9,178.5,0,8,4,1,0
355,-56.4,35.9,132,10,7,2,0
40,-67.2,67.8,242,8,7,2,0
45,-49.3,60.0,0,133,64,170,1
32,-48.7,180.2,13,61,95,8,1
33,-53.3,252.7,21,15,134,152,1
605,-75.6,115.6,169,5,5,0,0
500,-56.3,57.0,32,6,3,0,0
695,-50.5,13.6,236,3,3,1,0
1183,-78.4,79.7,234,4,7,0,0
38,-47.3,331.4,16,65,69,50,1
574,-73.6,44.8,128,8,8,1,0
24,-56.1,489.5,12,158,134,167,1
227,-63.4,111.6,150,8,6,1,0
360,-58.9,69.8,129,4,7,1,0
24,-35.4,231.3,9,158,79,134,1
37,-52.7,364.5,22,125,89,146,1
27,-53.7,369.8,6,18,72,149,0
136,-41.3,106.1,22,54,10,25,1
646,-76.3,61.1,191,10,4,2,0
756,-55.1,105.3,49,5,6,0,0
40,-28.0,82.7,175,7,7,3,0
40,-49.0,93.6,162,7,6,1,0
642,-48.9,73.8,188,6,7,3,0
26,-50.9,589.9,15,131,54,150,1
931,-59.1,86.8,161,9,8,1,0
686,-85.2,45.2,119,4,4,0,0
1051,-59.0,89.9,182,8,4,4,0
63,-55.6,165.4,4,123,52,28,1
360,-76.7,65.9,186,8,6,0,0
298,-65.1,19.8,82,8,8,0,0
414,-69.0,41.3,77,11,8,2,0
102,-63.9,120.2,0,85,10,22,1
108,-52.5,172.8,91,7,5,3,0
550,-69.6,20.3,204,11,5,1,0
523,-52.1,155.1,69,8,6,1,0
49,-51.2,480.8,0,79,61,83,1
669,-64.6,55.9,38,5,1,2,0
24,-41.3,214.6,0,81,98,56,1
262,-44.1,55.8,79,12,7,1,0
260,-54.9,289.4,44,79,7,26,0
40,-67.3,39.2,27,10,5,0,0
36,-50.3,160.8,17,61,152,113,1
40,-55.2,57.6,159,3,7,3,0
32,-28.1,327.5,13,93,14,128,1
439,-69.3,55.3,0,7,6,0,0
45,-47.8,596.8,1,112,111,28,1
55,-43.3,132.8,1,116,121,32,1
1472,-86.5,26.1,38,2,6,2,0
712,-49.7,72.3,47,8,10,2,0
31,-36.5,264.5,16,103,86,142,1
938,-58.5,61.5,83,9,6,2,0
869,-60.5,22.6,80,6,5,2,0
222,-47.0,99.4,277,9,9,2,0
137,-52.3,40.0,15,111,14,19,1
29,-37.2,382.1,0,38,50,129,1
40,-44.2,356.5,7,115,95,194,1
902,-63.8,135.2,125,6,6,0,0
551,-61.7,21.2,100,3,6,1,0
24,-39.1,368.0,20,66,121,107,1
36,-41.2,306.1,12,68,89,124,1
49,-28.1,302.6,20,21,109,18,1
1601,-65.9,64.2,92,8,8,0,0
661,-67.1,150.9,119,4,10,0,0
1072,-45.4,89.7,88,6,5,1,0
483,-58.8,32.9,137,3,6,2,0
527,-76.7,30.2,59,7,7,4,0
112,-53.8,137.6,13,92,60,21,1
249,-53.6,56.3,111,13,9,1,0
29,-34.5,474.0,21,104,10,208,1
44,-55.4,266.0,0,43,22,104,1
40,-56.8,64.0,14,40,35,101,1
77,-54.9,66.7,145,5,5,2,0
561,-79.8,80.0,79,64,6,16,1
51,-33.8,170.6,7,100,87,84,1
203,-47.9,150.1,0,4,9,1,0
905,-65.3,94.9,170,6,7,1,0
237,-71.8,29.4,141,4,4,1,0
44,-50.5,451.7,12,134,92,115,1
368,-81.4,35.0,142,4,4,2,1
500,-60.7,46.5,61,11,4,1,0
28,-43.1,454.3,8,132,47,227,1
123,-39.6,202.7,5,128,76,23,1
745,-79.1,124.2,0,12,5,0,0
982,-52.3,54.5,42,3,2,2,0
40,-74.6,27.8,0,6,4,1,0
107,-50.2,183.3,0,211,10,21,1
341,-84.0,374.5,146,10,4,21,0
112,-47.2,118.1,1,38,50,20,1
256,-74.4,57.0,122,8,7,1,0
769,-48.0,44.4,113,7,6,2,0
993,-54.8,50.1,67,5,8,0,0
631,-58.1,146.0,204,3,7,2,0
28,-60.3,179.7,13,97,160,104,1
44,-33.5,186.5,0,92,105,74,1
54,-49.7,500.9,17,215,64,124,1
523,-65.2,27.4,233,10,5,0,0
33,-52.7,398.0,10,97,143,121,1
627,-63.3,34.3,62,6,8,0,0
56,-39.8,200.3,19,87,78,8,1
93,-36.4,262.1,7,119,62,34,1
55,-45.6,178.7,0,100,80,41,1
375,-41.3,40.4,142,5,6,0,0
36,-61.7,575.2,14,138,132,167,1
215,-65.0,3.9,66,1,5,2,0
641,-80.9,35.1,145,4,5,2,0
37,-42.2,332.3,8,65,57,126,1
24,-31.7,263.4,0,123,103,172,1
40,-64.9,127.4,168,5,5,0,0
40,-39.5,329.6,124,35,3,22,0
54,-41.9,61.0,8,92,82,49,1
51,-60.7,437.5,13,129,94,114,1
652,-62.1,41.8,124,7,4,2,0
34,-66.6,249.2,17,47,57,65,1
125,-69.5,44.0,167,4,7,1,0
34,-52.8,389.7,1,70,45,129,0
44,-42.4,460.7,7,15,33,104,1
31,-58.5,386.6,12,79,150,25,1
52,-46.5,230.6,19,46,152,174,1
441,-64.0,136.9,83,2,4,0,0
42,-30.0,216.2,0,104,142,87,1
43,-59.8,352.7,11,123,43,110,1
580,-56.0,220.7,92,5,5,2,0
37,-64.0,608.2,4,100,95,100,1
432,-46.9,258.8,89,55,4,7,0
984,-66.3,169.9,151,4,11,0,0
479,-90.6,6.3,31,6,7,0,0
408,-66.0,130.0,192,6,10,2,0
683,-73.0,69.6,71,6,9,2,0
506,-63.6,180.6,149,31,8,25,0
24,-66.0,337.0,0,58,63,69,1
477,-68.8,187.0,107,3,3,0,0
586,-81.8,78.6,160,4,4,1,0
31,-36.9,274.9,11,67,122,51,1
24,-44.1,549.4,13,15,49,78,1
303,-53.6,223.5,30,4,9,0,0
717,-52.3,53.6,45,7,8,3,0
814,-65.1,17.8,173,3,6,1,0
679,-67.0,105.3,46,7,6,1,0
316,-33.9,11.5,212,2,5,2,0
700,-48.7,67.1,130,5,4,0,0
427,-51.9,117.5,126,8,5,2,0
391,-67.7,121.9,177,5,5,0,0
237,-68.1,191.7,169,4,11,0,0
58,-40.7,209.5,0,175,59,29,1
809,-65.9,19.8,122,6,7,4,0
31,-35.6,348.4,1,53,10,75,1
29,-60.0,575.7,5,131,34,98,1
41,-73.2,307.5,12,60,110,159,1
762,-64.6,184.7,143,8,4,0,0
625,-77.1,68.4,61,5,3,5,0
455,-54.1,33.2,104,2,8,4,0
42,-41.3,406.8,22,60,40,144,1
99,-53.0,178.4,0,168,67,18,1
71,-27.4,169.6,0,169,74,39,1
738,-79.2,7.1,178,5,10,1,0
47,-52.6,506.5,7,92,91,157,1
574,-53.7,130.6,0,11,8,1,0
57,-46.6,625.2,6,54,10,159,1
43,-44.2,645.3,5,15,66,70,1
43,-45.7,430.2,0,64,41,34,1
56,-46.5,495.0,19,37,19,13,1
613,-55.3,100.5,124,5,7,0,0
273,-63.0,54.6,159,3,4,1,0
40,-67.4,50.6,93,4,6,1,0
40,-88.4,51.6,170,8,3,1,0
588,-80.0,157.1,127,6,6,2,0
24,-50.4,458.5,1,187,76,112,1
127,-37.9,111.0,2,131,35,21,1
133,-42.3,98.6,9,88,103,32,1
24,-50.8,157.9,2,93,81,106,1
55,-53.7,278.3,18,179,79,146,1
121,-50.5,51.5,8,20,102,25,1
39,-54.1,183.0,17,70,136,24,1
37,-41.7,361.3,10,73,112,173,1
945,-50.5,64.2,221,7,6,0,0
110,-40.0,193.8,5,95,106,36,1
531,-54.5,65.4,118,5,3,1,0
1051,-65.6,345.4,101,69,6,17,0
72,-43.4,178.6,9,141,86,37,1
369,-53.4,228.8,134,27,12,26,1
587,-52.1,9.6,152,7,5,1,0
32,-57.6,423.1,0,76,131,38,1
443,-51.2,57.0,143,7,9,0,0
580,-57.6,32.4,170,4,6,0,0
65,-44.6,83.2,214,7,6,0,0
850,-77.1,70.3,104,8,2,2,0
575,-69.4,80.0,121,4,7,1,0
892,-59.8,61.3,163,4,6,0,0
37,-44.4,353.0,12,100,59,46,1
805,-89.1,147.1,166,4,8,2,0
86,-36.5,104.6,6,121,72,29,1
145,-60.2,167.2,34,7,6,2,0
1241,-59.0,124.5,140,10,3,1,0
48,-45.3,107.6,0,59,10,28,0
580,-46.5,91.3,75,4,7,0,0
440,-78.9,129.0,144,4,7,1,0
165,-39.0,107.4,160,6,7,0,0
719,-58.7,71.9,0,6,7,1,0
126,-57.4,159.6,9,132,10,24,0
900,-54.6,60.3,0,6,7,0,0
155,-29.6,73.1,105,4,4,2,0
124,-51.2,246.1,0,147,81,17,1
24,-63.7,365.9,0,127,93,84,1
80,-64.4,79.7,3,90,92,6,1
24,-39.0,287.2,12,133,87,148,1
31,-42.9,422.6,15,213,108,73,1
42,-37.4,471.2,0,125,99,167,1
829,-47.4,50.5,6,4,8,0,0
572,-52.8,65.9,115,7,5,3,0
38,-45.0,391.3,3,98,122,157,1
249,-74.6,129.0,288,1,2,1,0
517,-50.6,26.3,151,7,3,0,0
522,-39.1,17.8,96,2,7,2,0
573,-57.2,123.9,173,4,5,1,0
24,-28.9,358.4,13,51,84,172,1
340,-76.8,52.6,134,9,7,4,0
36,-52.6,590.6,15,141,55,103,1
64,-34.1,40.0,0,37,98,25,1
24,-52.8,537.7,16,53,14,105,1
1475,-66.3,60.3,117,3,4,0,0
317,-60.1,60.9,0,7,3,2,0
1108,-55.3,72.5,215,5,5,0,0
28,-40.3,472.8,14,169,127,79,1
122,-58.9,73.3,227,3,14,3,0
24,-41.5,116.9,2,149,58,99,1
938,-56.0,174.1,0,5,3,1,0
570,-46.4,143.8,29,10,6,1,0
712,-64.8,38.7,61,6,4,0,0
693,-54.6,80.5,132,4,4,0,0
43,-63.1,369.5,21,50,118,114,1
40,-67.7,41.3,243,10,5,1,0
42,-61.7,369.3,16,173,68,21,1
555,-47.7,81.7,186,2,5,2,0
1069,-51.1,56.1,137,7,2,1,0
36,-45.6,263.6,0,88,38,129,1
32,-60.0,445.6,13,153,49,119,1
40,-56.6,21.2,46,9,8,2,0
498,-60.0,24.3,96,7,3,0,0
33,-42.7,100.8,10,123,121,92,1
128,-54.5,119.4,13,96,32,14,1
47,-53.0,60.0,9,165,42,152,1
847,-57.4,210.6,113,8,4,1,0
351,-65.9,24.7,184,9,6,2,0
366,-57.7,397.8,65,38,4,16,0
35,-37.9,548.1,6,15,48,178,1
697,-64.4,41.0,197,4,4,1,0
40,-55.3,43.5,76,5,3,0,0
35,-60.2,254.1,15,35,21,149,1
27,-53.4,473.1,6,40,78,130,1
514,-68.3,23.8,118,6,7,2,0
166,-37.8,172.9,3,15,99,16,1
543,-48.7,92.3,59,6,5,0,0
42,-29.6,491.8,2,78,106,49,1
58,-62.7,459.1,10,86,57,85,1
822,-52.1,29.9,122,5,10,0,0
878,-63.5,39.6,196,5,6,0,0
82,-65.2,112.2,0,143,19,9,1
32,-50.9,347.1,11,15,81,138,1
533,-69.3,36.4,62,1,2,2,0
173,-70.6,27.2,91,7,3,3,0
346,-61.3,24.6,212,9,7,0,0
35,-55.0,546.9,22,75,131,102,1
24,-66.3,210.8,5,128,111,86,1
29,-50.5,598.4,7,122,66,127,1
290,-43.0,94.3,81,5,4,0,0
230,-56.7,11.7,118,9,10,1,0
1023,-58.4,258.4,79,58,7,5,0
363,-68.2,118.1,124,9,6,2,0
784,-50.0,44.7,60,4,4,2,0
165,-33.0,105.1,0,41,56,23,1
1394,-61.1,63.7,204,7,1,1,0
829,-33.8,254.5,96,43,10,21,0
179,-50.7,217.9,0,80,109,32,1
468,-49.8,28.2,42,8,5,0,0
464,-62.4,84.8,126,3,8,0,0
176,-60.2,47.6,62,6,4,2,0
39,-37.9,512.1,8,19,90,179,1
24,-32.9,606.0,3,75,128,84,1
756,-85.4,39.8,80,1,7,0,0
46,-35.3,471.8,16,163,66,112,1
33,-46.9,502.3,8,106,52,68,1
53,-42.1,465.9,0,52,22,48,1
202,-58.9,39.3,139,6,3,1,0
270,-65.0,29.0,44,5,6,1,0
299,-41.4,60.7,136,6,4,0,0
253,-66.1,26.9,123,8,9,1,0
36,-28.7,321.2,12,117,118,12,1
914,-89.8,66.8,249,7,9,0,0
615,-61.3,145.6,82,7,5,2,0
30,-58.7,184.3,16,148,38,157,1
117,-49.8,139.7,17,58,45,28,1
1345,-63.3,128.3,143,9,7,0,0
684,-51.4,68.9,279,6,9,0,0
30,-75.5,291.5,13,93,32,72,1
52,-39.2,319.8,15,97,65,172,1
446,-58.1,142.4,162,5,4,1,0
640,-61.3,115.1,149,4,5,2,0
24,-60.8,468.3,20,92,77,121,1
51,-31.7,249.1,0,97,60,69,1
42,-40.3,433.4,9,159,99,128,1
923,-46.4,23.6,99,7,6,1,0
526,-69.1,55.9,117,6,10,0,0
37,-39.8,343.7,21,27,72,178,1
625,-54.6,98.2,24,7,2,1,0
40,-57.1,198.4,6,126,74,28,1
40,-55.7,101.5,89,11,3,0,0
733,-70.8,28.0,140,6,10,0,0
783,-40.2,69.7,130,5,9,1,0
27,-51.3,356.6,6,44,77,18,1
691,-55.0,21.0,145,8,6,1,0
346,-89.4,210.7,153,4,11,0,0
256,-66.9,92.4,209,9,2,2,0
418,-34.5,38.1,159,1,3,2,1
24,-55.6,391.8,14,81,130,51,1
24,-49.7,120.2,5,61,55,25,1
346,-84.4,178.8,136,62,1,25,0
444,-81.1,82.7,137,2,10,2,0
40,-42.8,58.0,105,8,7,1,0
441,-71.8,121.3,204,36,7,20,0
40,-48.2,16.4,209,7,7,0,0
24,-54.4,233.1,8,133,110,185,1
625,-70.5,291.2,87,78,7,14,0
40,-74.4,13.8,170,4,3,2,0
40,-59.9,105.7,156,8,7,1,0
45,-34.1,142.4,0,97,89,107,0
40,-55.6,54.9,21,7,5,1,0
29,-64.6,185.6,12,85,56,167,1
24,-36.6,514.1,0,120,58,254,1
25,-54.4,196.7,3,134,53,167,1
76,-74.4,105.1,0,73,33,37,1
425,-66.4,191.4,222,12,3,1,0
528,-45.3,52.7,189,10,8,3,0
163,-81.5,33.6,76,4,5,1,0
914,-69.9,86.3,69,8,5,2,0
61,-51.4,223.6,20,87,75,39,1
28,-64.3,506.5,8,82,95,123,1
656,-50.5,88.3,115,6,11,2,0
245,-44.4,38.3,192,1,4,0,0
301,-57.9,11.2,164,6,6,1,0
119,-40.6,290.1,20,138,85,21,1
40,-55.9,77.4,131,7,4,2,0
769,-74.4,60.8,189,9,5,2,0
35,-29.9,575.2,5,161,82,130,1
1551,-49.5,228.7,188,67,4,20,0
24,-43.1,329.6,10,61,75,107,1
598,-44.9,59.8,137,7,6,1,0
535,-65.4,24.8,182,2,7,2,0
91,-48.5,153.3,25,159,44,33,1
39,-30.7,330.0,3,143,64,88,1
77,-56.2,77.8,9,42,85,22,1
24,-57.1,532.5,24,16,75,120,1
646,-48.9,14.3,44,2,9,0,0
32,-42.1,585.2,16,137,40,176,1
431,-74.7,116.6,175,3,6,0,0
29,-39.7,358.3,20,105,88,27,1
445,-53.0,311.1,101,10,4,3,0
27,-51.7,60.0,14,21,62,77,1
42,-63.6,185.7,16,98,30,27,1
863,-75.9,93.4,45,5,3,1,0
1345,-70.1,54.9,134,5,1,0,0
601,-67.2,98.9,26,5,6,0,0
33,-54.4,338.1,1,25,63,15,1
735,-58.0,135.3,177,8,10,2,0
125,-52.8,94.9,115,2,3,1,0
32,-37.9,496.3,0,83,77,156,1
43,-58.0,323.8,29,24,70,107,1
827,-81.3,235.8,34,59,7,18,0
45,-58.4,154.9,6,144,74,43,1
24,-35.1,47.3,16,115,10,20,1
1145,-51.2,47.6,83,7,7,1,0
24,-39.4,292.3,4,109,34,109,1
895,-64.8,83.9,50,4,3,3,0
37,-39.1,385.9,17,131,171,81,1
34,-58.9,215.6,6,90,63,67,1
409,-76.7,103.9,114,1,6,3,0
53,-34.4,271.3,15,134,37,64,1
1133,-56.0,286.6,130,41,3,13,0
40,-28.0,87.6,40,3,4,1,0
39,-43.9,522.3,2,130,87,114,1
633,-64.5,32.7,148,8,7,2,0
365,-53.9,49.4,174,8,4,0,0
1133,-59.8,44.7,193,6,5,2,0
430,-72.2,379.4,111,64,8,10,0
143,-55.1,175.7,0,83,110,20,1
456,-43.9,377.7,108,66,3,4,0
45,-35.0,505.9,2,70,92,196,1
213,-61.4,39.2,72,8,6,0,0
50,-51.0,291.0,8,15,107,71,1
719,-53.9,49.8,210,7,7,1,0
61,-38.9,175.7,8,60,61,16,1
25,-48.2,346.7,9,158,53,73,1
991,-61.5,94.7,211,6,3,1,0
690,-59.9,47.8,99,3,6,2,0
753,-58.8,86.9,86,4,6,1,0
863,-71.8,207.6,53,7,3,2,0
640,-86.6,120.2,207,3,13,1,0
726,-62.8,69.6,122,7,4,1,0
31,-45.0,271.4,2,152,67,84,1
58,-42.6,400.3,0,66,25,58,1
567,-65.3,73.2,66,10,9,1,0
101,-37.2,224.7,1,154,89,21,1
46,-46.0,267.6,0,61,86,75,1
270,-77.0,64.5,151,5,8,4,0
648,-61.0,34.1,180,12,7,1,0
30,-39.2,108.5,8,101,93,182,1
29,-25.0,474.9,13,125,59,129,1
567,-63.1,27.1,204,14,6,2,0
407,-70.5,49.6,84,3,5,0,0
642,-48.2,12.5,167,3,6,2,0
904,-75.7,132.8,114,9,1,1,0
834,-65.8,5.4,14,6,8,0,0
1194,-63.3,177.4,175,2,6,1,0
34,-49.6,128.1,12,101,102,125,1
34,-53.9,219.7,8,151,68,172,1
654,-49.3,63.6,289,11,10,2,0
532,-54.4,252.6,193,37,5,27,0
426,-41.9,10.1,86,8,6,3,0
445,-53.7,60.5,0,10,6,1,0
347,-60.2,34.2,17,5,3,1,0
265,-83.4,163.0,88,6,5,1,0
524,-40.7,337.6,90,39,5,16,0
288,-65.8,58.1,149,4,9,0,0
934,-76.6,311.3,182,48,5,15,0
582,-76.4,131.1,0,5,7,2,0
24,-52.1,225.1,10,153,79,86,1
25,-48.6,197.4,6,77,34,158,1
132,-38.2,69.8,201,4,6,1,0
34,-47.3,219.4,9,119,26,21,1
57,-40.3,499.9,2,168,36,76,1
289,-75.0,112.7,154,10,6,0,0
815,-58.2,66.8,183,11,8,5,0
24,-36.2,434.1,4,99,49,112,1
530,-46.8,43.2,109,6,5,1,0
507,-62.8,23.3,122,13,2,3,0
293,-63.9,88.2,76,9,5,1,0
112,-50.7,165.2,9,15,10,16,1
59,-45.6,125.8,15,36,10,14,0
971,-63.9,35.7,252,4,2,1,0
40,-50.2,82.0,28,174,32,112,1
32,-59.0,419.0,21,44,90,152,1
128,-46.1,93.0,137,7,11,0,0
44,-36.3,444.0,0,51,54,105,1
321,-59.6,38.6,103,7,6,1,0
40,-66.1,268.2,171,40,7,26,0
954,-79.6,322.9,88,51,6,39,0
1181,-82.4,379.3,180,63,8,23,0
43,-46.9,256.4,0,205,78,141,1
156,-49.8,168.8,40,6,10,2,0
71,-56.2,66.7,221,3,6,2,0
216,-60.7,244.2,80,68,2,20,0
30,-52.9,516.8,17,138,45,120,1
430,-72.5,93.4,72,6,4,1,0
986,-69.7,187.8,138,59,5,21,0
1356,-69.2,27.2,275,6,4,1,0
892,-59.8,129.5,184,8,4,2,0
606,-59.7,32.2,88,11,8,1,0
324,-60.4,9.0,101,4,6,3,0
30,-37.5,680.8,9,92,120,104,1
604,-55.5,71.0,68,6,11,2,0
353,-37.5,36.1,197,6,4,1,0
34,-49.7,187.3,14,85,87,39,1
32,-67.0,436.4,2,53,65,229,1
956,-66.2,435.4,89,100,8,16,0
37,-65.2,565.5,22,77,65,8,1
546,-55.2,39.4,259,1,7,0,0
1197,-84.6,134.1,106,5,3,0,0
147,-37.0,236.5,9,67,29,13,1
29,-49.3,222.4,0,59,133,76,1
519,-85.6,87.7,90,8,4,0,0
59,-51.8,114.3,0,124,97,25,1
24,-45.9,369.0,0,67,53,42,1
852,-42.9,111.5,174,5,7,0,0
36,-60.0,597.4,0,102,114,195,1
397,-83.3,153.1,135,8,2,1,0
63,-58.5,12.9,50,3,6,2,0
42,-34.0,500.0,9,93,11,137,1
47,-44.6,239.3,8,91,10,24,1
425,-61.6,77.4,121,1,6,1,0
24,-49.8,370.2,21,114,14,85,1
407,-48.2,44.9,148,4,3,1,0
557,-72.0,92.4,120,10,6,3,0
34,-39.9,491.2,7,70,131,63,1
867,-72.2,92.5,86,4,5,2,0
29,-31.0,662.5,7,84,77,151,1
458,-65.7,52.2,145,5,9,1,0
425,-71.7,38.3,108,9,11,0,0
1018,-53.3,65.9,56,8,9,0,0
481,-74.3,101.9,87,8,4,1,0
79,-52.9,166.6,5,165,10,12,1
25,-56.2,771.8,13,121,68,218,1
40,-87.3,184.1,131,62,8,10,0
445,-52.3,95.1,84,7,6,1,0
786,-70.6,22.5,51,5,11,3,0
54,-43.6,365.1,14,110,83,80,1
713,-62.1,66.5,20,6,4,1,0
218,-64.2,95.6,0,12,4,1,0
634,-74.9,70.2,84,4,6,1,0
85,-60.9,43.9,23,93,46,28,1
554,-56.6,60.2,179,7,6,3,0
469,-48.5,50.1,101,6,4,0,0
925,-69.1,206.7,263,7,5,3,0
97,-42.9,140.4,7,103,74,30,1
383,-83.3,281.3,190,48,9,4,0
29,-34.0,292.3,5,114,26,172,1
583,-67.8,65.8,208,5,6,1,0
927,-81.6,108.2,160,4,6,1,0
1611,-54.4,342.5,140,88,6,33,0
58,-42.3,582.9,2,43,69,176,1
67,-62.6,156.8,10,125,26,19,1
25,-35.2,148.6,11,113,89,12,1
994,-53.8,145.9,110,7,8,0,0
655,-65.1,127.2,81,5,7,1,0
29,-51.8,299.3,5,181,79,108,1
692,-62.8,73.4,121,2,5,2,0
86,-45.9,40.0,7,19,75,11,1
423,-64.4,80.0,73,8,4,0,0
703,-58.0,56.2,128,5,4,1,0
49,-66.6,395.7,0,69,84,82,1
40,-49.7,451.3,6,99,10,89,1
56,-33.6,191.0,19,61,12,13,1
51,-31.6,502.7,20,38,65,89,1
617,-59.5,71.5,147,6,5,1,0
24,-48.2,355.0,5,87,10,92,1
35,-58.4,611.0,24,140,38,70,1
516,-73.4,421.0,157,10,8,10,0
553,-86.3,117.2,177,93,9,34,0
885,-63.7,45.7,0,4,9,0,0
980,-78.7,35.7,0,4,6,5,0
40,-95.0,39.5,94,3,6,1,0
202,-66.2,230.7,175,5,6,2,0
400,-53.6,256.4,151,48,10,6,0
602,-75.4,103.3,153,4,3,1,0
281,-35.3,90.5,84,10,4,1,0
551,-55.5,105.7,151,3,3,2,0
76,-79.4,124.4,179,9,10,1,0
24,-56.5,255.9,1,72,95,124,1
55,-38.9,256.8,12,16,80,11,1
49,-47.1,493.9,8,122,84,139,1
866,-49.4,279.4,84,37,5,8,0
585,-68.0,30.0,196,9,6,2,0
775,-86.5,61.8,169,8,7,0,0
552,-64.6,115.9,73,7,9,1,0
531,-78.8,20.1,171,11,5,0,0
420,-61.9,96.8,117,5,5,2,0
29,-28.3,553.7,16,33,41,80,1
48,-57.7,588.8,14,127,102,136,1
34,-56.4,233.1,6,30,40,114,1
110,-32.7,136.3,10,69,73,31,1
53,-68.5,11.2,77,7,1,1,0
43,-49.8,164.5,0,75,74,165,1
30,-62.0,252.2,11,102,90,204,1
220,-58.2,131.2,148,3,6,0,0
402,-77.7,74.0,231,8,3,1,0
34,-52.0,489.2,23,52,52,116,1
122,-45.1,39.2,131,4,6,2,0
938,-75.6,61.3,55,3,5,0,0
52,-51.6,329.1,5,59,31,33,1
24,-54.6,308.0,7,65,73,104,1
524,-93.0,6.8,130,11,3,0,0
465,-58.0,60.4,166,6,6,0,0
910,-76.8,40.4,204,5,6,1,0
1107,-71.7,87.0,115,6,12,0,0
46,-76.1,64.8,117,6,8,2,0
456,-77.7,140.5,85,7,5,2,0
52,-55.5,127.3,0,48,113,8,1
24,-36.8,440.4,13,53,56,108,1
60,-51.4,349.0,0,100,36,106,1
24,-48.9,476.4,10,174,14,150,1
524,-66.8,305.0,77,59,4,12,0
694,-58.9,20.4,133,2,3,0,0
502,-39.1,74.6,106,12,9,0,0
41,-41.3,344.4,9,39,45,164,1
771,-83.9,26.0,233,4,5,2,0
337,-58.8,71.0,201,5,4,3,0
578,-72.6,340.1,167,74,4,18,0
44,-37.2,538.1,6,111,14,143,1
1079,-55.3,124.4,193,6,7,1,0
363,-63.9,103.5,22,2,4,2,0
322,-71.6,241.7,99,37,5,10,0
767,-74.8,68.3,136,6,7,1,0
584,-78.2,17.8,104,5,10,4,0
36,-36.6,350.2,8,103,133,130,1
234,-70.9,63.4,17,5,4,3,0
746,-53.6,66.2,93,2,8,2,0
33,-52.2,645.1,9,125,62,70,1
718,-73.2,47.7,153,8,8,1,0
542,-57.4,77.0,107,4,6,0,0
70,-41.7,220.8,8,105,132,13,1
90,-34.6,153.4,5,15,105,18,1
628,-40.6,108.3,48,4,4,0,0
678,-41.1,92.9,6,2,10,2,0
1106,-64.2,54.9,0,8,8,1,0
24,-47.5,343.7,10,86,38,93,1
40,-46.1,17.5,168,6,6,1,0
452,-49.7,67.1,198,9,5,0,0
104,-72.5,129.4,6,75,45,26,1
779,-63.9,14.4,95,9,5,1,0
40,-71.3,328.6,39,9,6,0,0
523,-72.7,29.9,119,7,5,0,0
29,-48.4,584.6,18,89,10,148,1
468,-48.2,96.7,215,4,15,0,0
896,-45.0,60.1,144,4,2,3,0
494,-56.7,38.8,2,10,8,0,0
420,-66.6,79.9,52,7,7,1,0
157,-68.1,94.1,12,97,154,13,1
40,-48.8,548.6,6,38,27,157,1
36,-39.0,494.6,0,81,78,163,1
36,-47.4,178.2,7,180,98,182,0
820,-73.0,222.6,273,6,4,1,0
44,-67.6,455.7,10,80,56,69,1
44,-49.6,341.7,6,101,87,183,1
29,-53.5,197.5,5,148,92,76,1
1095,-60.7,124.1,125,4,7,1,0
37,-42.3,317.8,19,109,99,51,1
32,-58.8,112.8,18,136,91,72,1
237,-33.2,102.3,129,7,5,0,0
598,-65.9,73.2,138,10,4,0,0
403,-75.3,59.4,127,8,6,2,0
446,-65.4,244.5,128,91,8,22,0
136,-65.3,178.0,0,171,41,20,1
299,-73.6,10.1,185,3,4,3,0
339,-52.4,100.4,269,9,12,1,0
36,-47.1,600.0,4,103,33,98,1
228,-60.2,7.0,129,1,12,0,0
377,-73.2,298.8,208,37,8,34,0
24,-47.2,479.6,13,109,131,144,1
24,-64.9,579.6,7,181,108,122,1
42,-38.3,336.7,12,15,10,119,1
519,-74.7,259.2,207,5,9,0,0
357,-66.2,36.0,128,3,5,1,0
114,-63.1,204.4,147,7,7,1,0
48,-40.7,430.3,9,37,67,35,1
50,-35.8,291.5,9,106,24,44,1
670,-58.1,287.5,30,63,7,17,0
690,-57.2,38.6,179,4,4,1,0
42,-52.9,423.3,15,102,37,127,1
190,-64.4,46.9,28,1,5,0,0
134,-57.4,124.9,4,107,131,29,1
40,-65.2,179.9,0,30,6,17,0
89,-49.4,177.0,11,93,47,17,1
355,-66.4,29.8,112,7,5,2,0
715,-68.7,223.8,100,46,7,24,0
649,-70.7,136.7,105,3,8,1,0
40,-42.5,51.5,103,6,3,2,0
511,-57.3,55.0,120,6,5,1,0
337,-57.2,136.6,89,10,5,22,0
656,-49.0,55.5,148,1,12,3,0
25,-50.5,311.5,3,77,41,158,1
805,-50.1,321.0,130,19,5,9,0
35,-38.7,244.7,15,107,29,86,1
628,-73.6,73.7,0,8,6,1,0
39,-45.0,201.0,14,67,42,205,1
108,-42.7,206.7,91,28,5,17,0
459,-63.8,90.9,58,8,6,2,0
24,-47.5,479.6,14,74,10,213,1
24,-55.9,556.9,6,140,88,94,1
350,-85.8,41.9,144,6,10,2,0
757,-38.6,151.9,149,5,5,1,0
118,-60.0,86.7,126,4,4,2,0
882,-75.8,32.6,48,5,5,2,0
26,-57.4,412.7,2,145,111,86,1
52,-48.1,373.1,8,143,145,95,1
80,-59.7,13.0,101,4,9,3,0
566,-75.5,262.3,187,5,7,2,0
506,-79.6,42.1,143,10,7,3,1
138,-49.0,109.0,164,6,3,0,0
36,-43.6,432.7,9,129,86,31,1
42,-39.6,80.0,2,95,33,104,1
59,-62.4,427.2,8,17,59,189,1
599,-66.2,14.9,194,13,2,0,1
882,-72.4,154.1,227,10,2,4,0
641,-73.6,265.4,143,57,2,15,0
24,-54.6,344.0,5,25,39,125,1
50,-39.6,243.9,12,94,67,147,1
72,-48.6,152.4,26,98,49,35,1
416,-63.9,151.4,177,2,7,0,0
254,-60.1,90.9,26,5,8,1,0
311,-57.7,84.7,137,4,10,1,0
106,-43.7,129.0,0,15,92,25,1
40,-47.7,124.8,106,5,6,1,0
321,-64.6,47.0,237,6,4,3,0
253,-61.2,19.1,83,5,7,1,0
24,-47.4,792.3,5,115,97,152,1
40,-71.8,38.0,84,7,4,1,0
344,-42.4,22.4,140,3,5,4,0
1162,-82.1,175.9,70,1,5,3,0
40,-51.6,414.8,21,24,15,155,1
587,-62.9,101.2,44,11,7,0,0
145,-25.4,191.5,20,141,17,24,1
119,-58.3,164.8,21,77,64,25,1
26,-50.2,224.5,8,112,29,146,1
396,-37.5,39.1,176,7,6,1,0
410,-85.5,74.1,185,5,3,4,0
1100,-66.8,9.6,169,5,6,1,0
791,-69.7,53.6,109,7,3,3,0
34,-52.2,250.2,12,115,85,258,1
65,-45.0,367.9,11,119,68,64,1
24,-54.9,578.1,2,112,110,90,1
40,-69.0,14.2,72,10,5,1,0
30,-58.6,295.0,19,142,85,106,1
386,-54.8,53.1,139,6,5,0,0
25,-39.7,144.2,6,59,10,165,1
816,-80.4,55.2,241,7,4,1,0
43,-30.2,275.3,0,80,36,12,1
1020,-58.9,79.0,19,6,5,0,0
1063,-51.7,106.2,137,7,6,0,0
51,-49.1,305.4,7,201,50,49,1
1104,-56.0,224.5,86,6,7,0,0
551,-60.1,98.9,220,12,5,2,0
694,-57.9,21.6,133,8,7,0,0
210,-52.5,69.8,171,9,3,0,0
127,-37.5,97.9,77,6,7,1,0
530,-84.1,52.2,123,7,5,0,0
608,-77.1,28.4,88,7,7,0,0
373,-57.8,213.5,88,1,6,2,0
222,-72.5,308.5,93,34,9,22,0
55,-47.6,544.4,0,24,26,149,1
24,-71.2,171.8,12,15,33,153,1
427,-61.9,31.3,78,9,12,3,0
24,-48.7,277.6,0,87,69,23,1
615,-67.5,80.9,90,2,7,3,0
826,-81.0,74.8,112,5,5,1,0
209,-66.2,49.4,138,6,7,4,0
282,-67.7,124.9,73,6,8,0,0
40,-38.7,98.6,100,7,5,2,0
27,-53.0,296.2,6,107,50,8,1
31,-44.9,517.5,15,78,88,78,1
1219,-76.1,62.6,56,1,9,1,0
371,-73.1,71.2,69,11,10,3,0
35,-36.8,92.7,16,15,110,12,1
749,-84.0,197.7,1,5,7,2,0
336,-91.5,63.4,89,7,5,3,0
721,-47.7,35.4,98,8,4,2,0
1570,-70.2,18.0,172,9,4,0,0
145,-42.4,87.5,124,4,6,1,0
24,-35.8,507.6,14,114,144,170,1
340,-56.5,47.3,140,7,15,1,0
404,-63.3,76.4,135,4,4,2,0
273,-62.0,320.8,115,29,8,4,0
264,-46.5,55.7,0,6,6,2,0
276,-57.1,103.6,167,6,4,0,0
492,-59.4,129.9,171,2,4,0,0
24,-45.9,285.6,6,169,63,62,1
39,-44.5,433.8,2,123,129,8,1
49,-40.7,134.7,13,124,41,25,1
313,-54.1,116.6,115,6,4,3,0
31,-42.5,535.6,4,152,67,41,1
181,-57.8,52.1,187,6,6,2,0
24,-45.3,479.1,0,70,93,104,1
838,-55.2,81.5,117,11,5,0,0
24,-33.6,137.2,14,129,21,88,1
1131,-73.3,95.6,128,4,12,1,0
452,-35.0,359.7,141,38,5,39,0
169,-54.3,103.2,15,118,46,11,1
205,-59.5,53.8,30,8,7,0,0
396,-67.8,49.7,70,6,4,3,0
63,-45.5,124.0,9,128,102,22,1
627,-60.7,94.8,152,12,6,2,0
430,-40.2,95.5,125,7,6,0,0
27,-47.0,480.3,9,114,41,92,1
671,-61.7,86.3,79,10,8,2,0
40,-75.1,59.9,21,10,7,1,0
608,-86.4,73.9,146,4,8,0,0
273,-67.2,34.8,47,1,2,0,0
143,-57.0,111.9,17,141,67,6,1
50,-53.3,535.4,12,15,106,82,1
36,-36.3,431.0,11,115,88,108,1
1291,-59.1,65.8,185,7,3,3,0
47,-49.2,161.0,4,98,80,66,1
793,-55.2,49.6,149,4,8,2,0
24,-52.8,585.7,9,47,65,117,1
35,-48.4,181.3,6,104,88,271,1
1023,-82.4,56.2,195,9,5,0,0
549,-61.0,69.5,0,5,4,1,0
62,-61.8,93.9,10,91,53,26,1
784,-67.1,92.4,140,5,8,3,0
31,-38.1,294.3,3,120,10,11,1
45,-42.0,429.6,12,137,46,125,1
328,-52.2,67.5,244,3,4,0,0
337,-66.5,347.4,20,96,7,23,0
233,-43.7,37.1,112,8,8,2,0
665,-44.0,117.5,110,1,8,2,0
40,-48.3,493.8,4,39,50,103,1
24,-56.2,280.7,10,104,62,33,1
40,-40.8,429.3,12,82,99,88,1
275,-28.0,117.5,153,8,5,2,0
37,-51.7,165.5,12,158,87,16,1
518,-65.4,107.4,77,7,3,2,0
50,-65.0,156.4,177,4,2,1,0
24,-63.3,234.6,9,64,59,17,1
427,-60.3,215.5,225,24,3,29,0
42,-46.4,391.0,6,78,108,76,1
24,-42.3,253.3,3,142,62,33,1
77,-62.3,9.5,167,10,7,1,0
24,-44.2,444.3,14,84,10,95,1
380,-65.6,58.6,151,4,7,1,0
34,-47.6,543.2,11,15,33,141,1
496,-72.8,45.8,133,7,4,1,0
42,-59.8,333.6,1,48,149,147,1
33,-43.5,422.2,5,198,140,109,1
721,-62.6,31.5,170,2,11,0,0
35,-42.3,491.3,0,72,59,184,1
559,-64.4,195.3,97,4,9,2,0
1199,-47.6,67.1,266,6,5,0,0
538,-80.2,152.5,247,56,5,26,0
95,-42.2,85.4,22,15,92,23,1
531,-67.6,70.7,88,5,6,2,0
40,-64.9,61.4,270,6,4,1,0
126,-25.0,107.3,14,137,13,16,1
844,-53.7,34.4,78,7,7,0,0
40,-50.1,69.2,97,8,6,3,0
472,-82.1,53.4,78,7,6,1,0
40,-74.6,38.3,76,5,4,0,0
28,-36.5,311.7,0,75,100,39,1
762,-40.6,72.4,243,7,11,1,0
613,-45.4,108.2,127,7,4,1,0
562,-40.0,51.6,182,3,8,2,0
24,-51.0,407.2,5,36,103,50,1
56,-46.4,545.5,0,85,169,174,1
90,-59.2,222.8,1,115,91,24,1
87,-25.0,148.9,12,163,59,21,1
444,-57.4,71.1,142,4,5,4,0
1062,-84.2,233.5,36,57,3,26,0
24,-53.0,455.1,4,61,69,191,1
485,-62.0,177.0,169,71,4,27,0
35,-33.0,528.8,5,123,106,79,1
44,-47.0,62.2,21,92,92,175,1
98,-65.1,40.0,9,146,87,29,1
32,-57.4,60.0,22,15,21,118,1
37,-39.8,327.2,9,76,64,101,0
59,-60.7,200.5,9,127,49,81,1
538,-42.8,12.2,77,5,5,0,0
149,-43.4,175.3,3,89,17,23,1
26,-54.6,399.2,0,90,63,82,1
640,-47.9,28.0,12,5,8,2,0
296,-76.8,39.7,114,6,9,3,0
273,-70.3,160.0,85,10,4,4,0
347,-62.6,94.9,142,4,7,2,0
24,-55.8,424.9,5,72,20,121,1
29,-39.0,373.2,14,65,72,93,1
30,-60.7,355.9,14,66,87,129,1
1149,-55.0,9.1,163,5,6,0,0
627,-46.2,83.4,26,5,7,2,1
782,-48.2,281.4,181,44,6,19,0
31,-41.1,670.3,5,77,15,87,1
759,-75.3,198.7,48,3,11,0,0
40,-68.0,113.9,73,3,7,3,0
662,-76.1,29.0,82,7,5,0,0
24,-46.7,556.8,12,59,87,139,1
589,-47.9,45.6,124,7,7,0,1
34,-51.5,269.1,0,50,64,8,1
47,-33.9,169.3,8,138,94,146,1
1169,-76.4,120.4,108,6,5,2,0
24,-51.0,97.9,7,62,41,26,1
25,-59.9,411.9,1,193,65,215,1
44,-40.3,168.1,7,81,48,20,1
315,-68.5,17.9,28,11,9,0,0
29,-36.6,382.0,0,126,87,138,1
175,-62.0,75.6,0,85,92,27,1
41,-45.3,546.6,13,91,58,130,1
238,-73.4,50.2,59,1,5,2,0
24,-54.0,469.8,12,67,75,143,1
107,-61.8,239.3,156,34,10,4,0
448,-70.9,93.8,66,9,8,0,0
40,-54.3,70.2,146,4,8,1,0
745,-54.0,91.0,24,2,6,2,0
109,-73.5,152.3,0,81,106,12,1
154,-35.5,27.4,77,9,9,3,0
309,-55.5,8.1,143,4,7,1,0
363,-28.0,112.9,162,7,5,0,0
511,-65.3,94.6,67,9,3,0,0
1081,-65.0,106.3,69,6,1,2,0
94,-36.8,114.2,2,15,81,19,1
360,-57.2,108.6,182,4,11,0,0
689,-74.7,137.9,40,8,4,0,0
30,-63.2,362.7,2,133,39,171,1
1008,-63.7,66.1,156,7,4,2,0
24,-47.7,326.5,7,117,67,100,1
38,-50.2,132.5,9,74,35,227,1
47,-45.6,379.9,6,82,101,93,1
665,-52.7,41.8,148,4,9,0,0
1072,-74.0,87.5,70,6,10,1,0
516,-59.3,10.8,82,3,9,2,0
97,-51.8,217.8,2,53,27,28,1
570,-69.3,140.4,163,2,3,1,0
169,-55.5,51.5,17,7,11,2,0
555,-64.2,77.9,73,4,6,0,0
24,-57.2,424.6,5,82,86,102,1
1092,-80.2,23.5,121,9,11,0,0
738,-81.8,38.8,74,3,6,1,0
30,-41.2,382.9,5,16,44,30,1
232,-61.9,86.2,117,3,5,0,0
578,-72.0,143.0,133,4,9,3,0
420,-53.3,20.9,132,7,6,0,1
24,-54.6,478.7,5,63,10,106,1
406,-45.0,33.1,116,3,8,6,0
694,-69.8,39.5,149,6,7,0,0
1065,-60.2,78.9,118,3,13,2,0
186,-62.1,64.3,82,7,6,1,0
26,-55.6,338.8,4,115,95,101,1
